series_name,tcode,raw_missing_share_full,usable_obs_full_transformed,usable_obs_hist_rep,hist_missing_share_transformed,first_valid_raw_date,first_valid_hist_date,include_main_hist,include_bal_hist,uv_nobs_hist,uv_mean_pre84,uv_mean_post84,uv_ratio_post_pre84,uv_pct_change_post_pre84,uv_break_found_hist,uv_break_nobs_hist,uv_break_date_hist,uv_mu1_hist,uv_mu2_hist,uv_delta_hist,uv_ratio_break_hist,uv_pct_change_break_hist,uv_ssr_nobreak_hist,uv_ssr_best_hist,uv_ssr_gain_pct_hist,uv_trim_n_hist,uv_n_candidates_hist,uv_supw_found_hist,uv_supw_stat_hist,uv_supw_break_date_hist,uv_supw_mu1_hist,uv_supw_mu2_hist,uv_supw_ratio_hist,uv_supw_pct_change_hist,uv_supw_nobs_hist,uv_supw_hac_lag_hist,uv_supw_trim_n_hist,uv_supw_ncand_hist,uv_hansen_pval_hist,uv_hansen_sig5_hist,uv_direction_hist,uv_timing_bucket_hist,uv_sig_main_hist,uv_sig_bal_hist,uv_sig_sample_hist,uv_hist_status,cm_p_hist,cm_bic_hist,cm_Tlag_hist,cm_found_hist,cm_break_date_hist,cm_nobs_raw_hist,cm_nobs_reg_hist,cm_ssr_nobreak_hist,cm_ssr_best_hist,cm_ssr_gain_pct_hist,cm_trim_n_hist,cm_ncand_hist,cm_supw_found_hist,cm_supw_stat_hist,cm_supw_break_date_hist,cm_supw_hac_lag_hist,cm_supw_m_hist,cm_supw_nobs_raw_hist,cm_supw_nobs_reg_hist,cm_supw_trim_n_hist,cm_supw_ncand_hist,cm_supw_ssr_nobreak_hist,cm_supw_ssr_best_hist,cm_supw_ssr_gain_pct_hist,cm_hansen_pval_hist,cm_hansen_sig5_hist,cv_found_hist,cv_supw_stat_hist,cv_break_date_hist,cv_hac_lag_hist,cv_nobs_hist,cv_trim_n_hist,cv_ncand_hist,cv_mu1_hist,cv_mu2_hist,cv_ratio_hist,cv_pct_change_hist,cv_ssr_nobreak_hist,cv_ssr_best_hist,cv_ssr_gain_pct_hist,cv_hansen_pval_hist,cv_hansen_sig5_hist,uv_smooth_found_hist,uv_smooth_gamma_hist,uv_smooth_midpoint_hist,uv_smooth_ssr_gain_hist,uv_smooth_ratio_hist,uv_smooth_pct_change_hist,uv_smooth_abrupt_hist,cv_smooth_found_hist,cv_smooth_gamma_hist,cv_smooth_midpoint_hist,cv_smooth_ssr_gain_hist,cv_smooth_ratio_hist,cv_smooth_pct_change_hist,cv_smooth_abrupt_hist,uv_mb_nbreaks_hist,uv_mb_break_dates_hist,uv_mb_break_stats_hist,uv_mb_break_pvals_hist,cv_mb_nbreaks_hist,cv_mb_break_dates_hist,cv_mb_break_stats_hist,cv_mb_break_pvals_hist,usable_obs_2007,first_valid_2007,include_main_2007,include_bal_2007,usable_obs_full_ext,first_valid_full_ext,include_main_full_ext,include_bal_full_ext,uv2007_nobs,uv2007_mean_pre84,uv2007_mean_post84,uv2007_ratio_post_pre84,uv2007_pct_change_post84,uv2007_supw_found,uv2007_supw_stat,uv2007_break_date,uv2007_mu1,uv2007_mu2,uv2007_ratio_break,uv2007_pct_change_break,uv2007_hansen_pval,uv2007_hansen_sig5,uv2007_smooth_found,uv2007_smooth_gamma,uv2007_smooth_midpoint,uv2007_smooth_pct_change,uv2007_smooth_abrupt,uv2007_mb_nbreaks,uv2007_mb_break_dates,cmfull_supw_found,cmfull_supw_stat,cmfull_supw_break_date,cmfull_supw_hac_lag,cmfull_supw_m,cmfull_supw_nobs_raw,cmfull_supw_nobs_reg,cmfull_supw_trim_n,cmfull_supw_ncand,cmfull_supw_ssr_nobreak,cmfull_supw_ssr_best,cmfull_supw_ssr_gain_pct,cmfull_hansen_pval,cmfull_hansen_sig5,cvfull_found,cvfull_supw_stat,cvfull_break_date,cvfull_hac_lag,cvfull_nobs,cvfull_trim_n,cvfull_ncand,cvfull_mu1,cvfull_mu2,cvfull_ratio,cvfull_pct_change,cvfull_ssr_nobreak,cvfull_ssr_best,cvfull_ssr_gain_pct,cvfull_hansen_pval,cvfull_hansen_sig5,cvfull_smooth_found,cvfull_smooth_gamma,cvfull_smooth_midpoint,cvfull_smooth_ssr_gain,cvfull_smooth_ratio,cvfull_smooth_pct_change,cvfull_smooth_abrupt,cvfull_mb_nbreaks,cvfull_mb_break_dates,cvfull_mb_break_stats,cvfull_mb_break_pvals,cvexp_hist_found,cvexp_hist_stat,cvexp_hist_break_date,cvexp_hist_pct_change,cvexp_hist_ratio,cvexp_hist_pval,cvexp_hist_sig5,cvexp_2007_found,cvexp_2007_stat,cvexp_2007_break_date,cvexp_2007_pct_change,cvexp_2007_ratio,cvexp_2007_pval,cvexp_2007_sig5,cvexp_full_found,cvexp_full_stat,cvexp_full_break_date,cvexp_full_pct_change,cvexp_full_ratio,cvexp_full_pval,cvexp_full_sig5,cm2007_p,cmfull_p,cm2007_supw_found,cm2007_supw_stat,cm2007_supw_break_date,cm2007_supw_ssr_gain_pct,cm2007_hansen_pval,cm2007_hansen_sig5,cv2007_found,cv2007_supw_stat,cv2007_break_date,cv2007_hac_lag,cv2007_nobs,cv2007_trim_n,cv2007_ncand,cv2007_mu1,cv2007_mu2,cv2007_ratio,cv2007_pct_change,cv2007_ssr_nobreak,cv2007_ssr_best,cv2007_ssr_gain_pct,cv2007_hansen_pval,cv2007_hansen_sig5,uvfull_supw_found,uvfull_supw_stat,uvfull_break_date,uvfull_mu1,uvfull_mu2,uvfull_ratio_break,uvfull_pct_change_break,uvfull_hansen_pval,uvfull_hansen_sig5,exclude_adjusted_spliced,fred_group,cv2007_smooth_found,cv2007_smooth_gamma,cv2007_smooth_midpoint,cv2007_smooth_ssr_gain,cv2007_smooth_ratio,cv2007_smooth_pct_change,cv2007_smooth_abrupt,cv2007_mb_nbreaks,cv2007_mb_break_dates,cv2007_mb_break_stats,cv2007_mb_break_pvals,uvfull_smooth_found,uvfull_smooth_gamma,uvfull_smooth_midpoint,uvfull_smooth_ssr_gain,uvfull_smooth_ratio,uvfull_smooth_pct_change,uvfull_smooth_abrupt,uvfull_mb_nbreaks,uvfull_mb_break_dates,uvfull_mb_break_stats,uvfull_mb_break_pvals
ACOGNO,5,0.494409937888199,406,94,0.808163265306122,01-Feb-1992,01-Mar-1992,0,0,490,0.00305921527052514,0.00294193657279647,0.961663796968253,-3.83362030317471,1,490,01-Mar-1970,0.00258660144641686,0.00317221282974782,0.000585611383330969,1.22640186184934,22.6401861849339,0.0064527935723724,0.00641956261928981,0.514985528513864,74,343,1,2.65439750163128,01-Mar-1970,0.00258660144641686,0.00317221282974782,1.22640186184934,22.6401861849339,490,5,74,343,NaN,0,,,0,0,,excluded_main,0,-10.7005849143828,490,1,01-Dec-1972,490,490,0.0109018675786427,0.0106647140007741,2.17534817917981,74,343,1,12.2034636119403,01-Oct-1972,5,1,490,490,74,343,0.0109018675786427,0.0106857534381852,1.98235888391221,NaN,0,1,4.32188865447698,01-Mar-1970,5,490,74,343,0.00302649137873153,0.00396758727923662,1.31095277756897,31.0952777568965,0.0100329250616298,0.00994710446286625,0.855389612065658,0.331510416452082,0,0,NaN,,NaN,NaN,NaN,0,0,NaN,,NaN,NaN,NaN,0,NaN,,,,NaN,,,,586,01-Mar-1959,1,1,802,01-Mar-1959,1,1,586,0.00307493918914227,0.00293492248397637,0.954465211650266,-4.55347883497338,1,2.60126301158133,01-Jan-1994,0.00319925492378926,0.00252156730947239,0.788173299577451,-21.1826700422549,0.645126254127287,0,1,100,01-Jan-1995,-18.6341872391192,1,0,,1,73.6468243557837,01-Mar-2003,6,13,802,790,119,553,0.0735519082652079,0.068197567063128,7.27967680019073,6.48069142794583e-09,1,1,12.1381182876887,01-Mar-1970,6,790,119,553,0.0029763357382683,0.00577785682953606,1.94126514534202,94.1265145342018,0.0845231672072539,0.0837189521694456,0.951472909002961,0.00978955221398115,1,1,100,01-Apr-2007,6.21464135873324,2.59212743316894,159.212743316894,1,5,01-May-1968 | 01-Mar-1970 | 01-Jan-1995 | 01-Oct-2004 | 01-Aug-2022,21.881 | 12.138 | 16.477 | 8.714 | 14.328,9e-05 | 0.00979 | 0.001237 | 0.048169 | 0.003463,0,NaN,,NaN,NaN,NaN,0,1,4.21042814176297,01-May-1971,32.7528478144885,1.32752847814489,0.34699782298884,0,1,9.42304905973667,01-Jan-1971,90.9665574477794,1.90966557447779,0.0347702777826012,1,1,12,1,15.4395468951844,01-Nov-1972,3.01354976079951,0.0093418367237128,1,1,5.38698738187725,01-Mar-1970,5,585,88,410,0.00302869354313861,0.00402362119113109,1.32850060061258,32.8500600612582,0.0119057497464093,0.011804568676742,0.849850465719494,0.211869025565917,0,1,3.61891669635721,01-Mar-1970,0.00271823131418553,0.00427963577051413,1.57441927336359,57.4419273363589,0.44000726239041,0,0,Orders and Inventories,1,100,01-Apr-1970,0.675505172721062,1.29489455236336,29.4894552363365,1,0,,,,1,50,01-Nov-2015,2.98188660815684,2.81354762736414,181.354762736414,1,0,,,
UMCSENTx,2,0.191304347826087,576,263,0.463265306122449,01-May-1959,01-Feb-1978,0,0,490,0.00296611361715298,0.00330425906529727,1.11400286428301,11.4002864283012,1,490,01-Jun-1972,0.00250839920903746,0.00338477492425051,0.000876375715213052,1.34937649161089,34.9376491610895,0.00695974718512993,0.00687698756061042,1.18911825843814,74,343,1,5.45694024085264,01-Jun-1972,0.00250839920903746,0.00338477492425051,1.34937649161089,34.9376491610893,490,5,74,343,NaN,0,,,0,0,,excluded_main,0,-10.6329750171128,490,1,01-Dec-1972,490,490,0.0116644296403,0.0114710091841677,1.65820757719715,74,343,1,8.18881507799479,01-Aug-1969,5,1,490,490,74,343,0.0116644296403,0.0115058175209177,1.35979318555147,NaN,0,1,7.90795206378049,01-Jun-1972,5,490,74,343,0.00292717082673089,0.00426512963977918,1.4570825866499,45.7082586649903,0.010892120120965,0.010699224072251,1.77096879736642,0.069511014843518,0,0,NaN,,NaN,NaN,NaN,0,0,NaN,,NaN,NaN,NaN,0,NaN,,,,NaN,,,,586,01-Mar-1959,1,1,802,01-Mar-1959,1,1,586,0.00298708487725088,0.00333589503417242,1.1167727638334,11.67727638334,1,5.88968203336904,01-Jun-1972,0.00255167346494602,0.0033864349973499,1.32714277272211,32.7142772722108,0.170521953045157,0,1,100,01-Mar-1972,30.2239350459005,1,0,,1,15.7379417285795,01-Sep-1969,6,1,802,802,121,561,0.0299304380396804,0.0296241782482177,1.02323858761019,0.00176384341255009,1,1,11.65849713976,01-Nov-1971,6,802,121,561,0.00292821403396103,0.00455467905553119,1.55544608512446,55.5446085124463,0.0320856208049852,0.031758090707046,1.02080025170755,0.0122696573912231,1,1,100,01-Oct-1971,0.949963699245822,1.55728372683864,55.7283726838642,1,2,01-Jan-1962 | 01-Nov-1971,11.005 | 11.658,0.016673 | 0.01227,0,NaN,,NaN,NaN,NaN,0,1,8.72208437469676,01-Nov-1971,50.6873887846952,1.50687388784695,0.0479835522414629,1,1,11.1014688597305,01-Dec-1971,57.8608207467846,1.57860820746785,0.0159339750312157,1,0,0,1,11.2200756201353,01-Aug-1969,1.3570169970839,0.015072906160851,1,1,9.15012613625125,01-Jun-1972,5,586,88,411,0.00293385806537321,0.00426035447434962,1.45213380450553,45.2133804505526,0.0146453084421168,0.0144406431861415,1.39747999698492,0.0394278363449023,1,1,6.91670501521597,01-Jun-1972,0.00265564343107993,0.00363181810304701,1.36758499297856,36.7584992978565,0.108488451881464,0,1,Orders and Inventories,1,100,01-Nov-1971,1.25105622870949,1.44671664087312,44.6716640873119,1,2,01-Jan-1962 | 01-Jun-1972,10.698 | 9.15,0.019245 | 0.039428,1,100,01-Nov-2003,0.725309047544974,1.29908152845839,29.9081528458387,1,0,,,
TWEXAFEGSMTHx,5,0.208695652173913,636,323,0.340816326530612,01-Jan-1973,01-Feb-1973,0,0,490,0.00463222673844351,0.00378882407141247,0.817927162323139,-18.2072837676861,1,490,01-Feb-1987,0.00492185292217589,0.0029488000514043,-0.00197305287077158,0.599123967747634,-40.0876032252366,0.00729251414570252,0.00688141993188371,5.63720831533899,74,343,1,43.6123639039571,01-Jan-1992,0.00473957180357035,0.00248133607744288,0.523535918492399,-47.6464081507601,490,5,74,343,NaN,0,,,0,0,,excluded_main,1,-10.3092702959368,489,1,01-Jan-1984,490,489,0.015887312529494,0.0155481041885372,2.13508949564074,74,342,1,6.81530689838492,01-Feb-1973,5,2,490,489,74,342,0.015887312529494,0.015663235070223,1.41041764524411,NaN,0,1,44.5520375985273,01-Jan-1992,5,489,74,342,0.00585002528019182,0.00305887846004838,0.522882947259345,-47.7117052740655,0.0108273963418315,0.0102310805209831,5.5074719906996,1.20916965329343e-09,1,0,NaN,,NaN,NaN,NaN,0,0,NaN,,NaN,NaN,NaN,0,NaN,,,,NaN,,,,586,01-Mar-1959,1,1,802,01-Mar-1959,1,1,586,0.00463433039356519,0.00355880462869059,0.7679220785881,-23.20779214119,1,33.1072576515559,01-Jan-1992,0.00474007740896345,0.00279390373719767,0.589421542339038,-41.0578457660962,3.58487161622456e-07,1,1,100,01-Jun-1988,-39.3882492673808,1,1,01-Jan-1992,1,35.0615464933849,01-Dec-2015,6,3,802,800,120,561,0.0481367393017842,0.0456267287525917,5.21433438492051,3.02387018513706e-06,1,1,4.98807563352853,01-Feb-1987,6,800,120,561,0.00620051781195763,0.00438167608991685,0.706662930871167,-29.3337069128833,0.0505260434658407,0.049882419492341,1.27384597991495,0.251091446195269,0,1,100,01-May-1988,1.11299876525518,0.717697967745655,-28.2302032254345,1,0,,,,0,NaN,,NaN,NaN,NaN,0,1,45.7773808817055,01-Apr-1988,-43.6457475462538,0.563542524537462,6.55927645532017e-10,1,1,7.39840416319402,01-Mar-1987,-33.2768249829693,0.667231750170307,0.0874656373121862,0,1,2,1,9.92170130570431,01-Feb-1973,1.75540288986532,0.0976966669618673,0,1,41.4476143605995,01-Jan-1992,5,585,88,410,0.00585459291899542,0.0033331702460088,0.569325705839294,-43.0674294160706,0.0121989526424889,0.0113811188894086,6.70413089589169,5.68514357812688e-09,1,1,4.10967512727415,01-Feb-1987,0.00495352010321165,0.00351753327552651,0.710107802579804,-28.9892197420196,0.361535875460265,0,1,Interest and Exchange Rates,1,100,01-May-1988,6.80827998500025,0.588459575096547,-41.1540424903453,1,1,01-Jan-1992,41.448,0,1,100,01-Jul-1988,0.969826242468824,0.720777863831885,-27.9222136168115,1,0,,,
ANDENOx,5,0.136645962732919,694,382,0.220408163265306,01-Feb-1968,01-Mar-1968,0,0,490,0.010748849068475,0.00692688133770506,0.644430049540908,-35.5569950459092,1,490,01-Aug-1966,0.0152867045602463,0.00789328707205685,-0.00739341748818947,0.516349815027083,-48.3650184972917,0.0317934607517488,0.027777431368957,12.6316207416044,74,343,1,38.7065193601525,01-Sep-1992,0.0100289489456808,0.00564887142684536,0.563256574287196,-43.6743425712804,490,5,74,343,NaN,0,,,0,0,,excluded_main,6,-8.88469356536801,484,1,01-Oct-1965,490,484,0.0612973309635323,0.0575646801211593,6.08941822376185,73,339,1,29.0397768482505,01-Oct-1965,5,7,490,484,73,339,0.0612973309635323,0.0575646801211593,6.08941822376185,NaN,0,1,37.5573938622913,01-Aug-1992,5,484,73,339,0.0114059214486448,0.00681038616184737,0.597092150117917,-40.2907849882083,0.0363437549846809,0.0348231909754825,4.18383848845373,3.9399088325176e-08,1,0,NaN,,NaN,NaN,NaN,0,0,NaN,,NaN,NaN,NaN,0,NaN,,,,NaN,,,,586,01-Mar-1959,1,1,801,01-Mar-1959,1,1,586,0.0107475389962266,0.00674417158150072,0.627508454155745,-37.2491545844255,1,37.6516410836943,01-Aug-1966,0.0153063810264484,0.00759579383864389,0.496250147276412,-50.3749852723588,3.75960524934271e-08,1,1,100,01-Jun-1966,-51.5233366253481,1,2,01-Aug-1966 | 01-Sep-1992,1,29.1798514744947,01-Dec-2013,6,7,801,795,120,556,0.113696187635551,0.104809719533045,7.81597719968545,0.00362598632091482,1,1,17.9940165200234,01-Oct-1980,6,795,120,556,0.0129717980192714,0.0084484737805357,0.651295507992362,-34.8704492007638,0.0868165124751816,0.0832799666280691,4.07358663263921,0.000594814316834835,1,1,10,01-Aug-1969,4.38903071790657,0.48255230950708,-51.744769049292,0,1,01-Oct-1980,17.994,0.000595,0,NaN,,NaN,NaN,NaN,0,1,35.7276770081259,01-Aug-1992,-37.5326937493508,0.624673062506492,9.77636102073021e-08,1,1,15.2409129156261,01-Aug-1975,-36.3219185511102,0.636780814488898,0.00223849765206574,1,6,6,1,25.0609425102176,01-Oct-1968,4.97426339839156,0.0168498553295006,1,1,38.9154125907479,01-Aug-1992,5,580,87,407,0.0114177511479554,0.00714074520334741,0.625407325034065,-37.4592674965935,0.0412013237990433,0.038903246021447,5.57767946681771,2.00551314444297e-08,1,1,21.4016486988232,01-Mar-1969,0.013403946196621,0.00745454338471322,0.556145427276664,-44.3854572723336,0.000113662891150557,1,0,Orders and Inventories,1,2,01-Nov-1966,7.49391167885477,0.165863456054353,-83.4136543945647,0,1,01-Aug-1992,38.915,0,1,20,01-Mar-1969,6.41414435187271,0.466537347508152,-53.3462652491848,1,2,01-Aug-1966 | 01-Mar-1969,19.555 | 21.402,0.000279 | 0.000114
VIXCLSx,1,0.0521739130434783,763,450,0.0816326530612245,01-Jul-1962,01-Jul-1962,1,0,490,0.00968367457874873,0.00792431393812645,0.81831683558602,-18.168316441398,1,490,01-Feb-1987,0.0102080817142587,0.00634602496491211,-0.00386205674934662,0.621666748224393,-37.8333251775607,0.0374603040895633,0.0358852291549689,4.20465069057777,74,343,1,25.6901598965809,01-Feb-1991,0.00981852987581522,0.00600837573843731,0.611942502027417,-38.8057497972583,490,5,74,343,1.39289407720122e-05,1,down,1990s,1,0,main,main_sig_only,2,-8.78292914842558,488,1,01-Sep-1986,490,488,0.0720302607382315,0.0694202341556932,3.62351400062744,74,341,1,8.51643796179528,01-May-1967,5,3,490,488,74,341,0.0720302607382315,0.0699923011062139,2.82931036363157,0.351019020318991,0,1,35.7338761158126,01-Jan-1992,5,488,74,341,0.0120439246323073,0.00713852139391232,0.592707245507294,-40.7292754492706,0.0499365037446493,0.0480955377752468,3.6866136620544,9.7463251580443e-08,1,1,100,01-Mar-1988,3.65372181035315,0.625126580087364,-37.4873419912636,1,1,100,01-Feb-1988,3.65220917645617,0.647423151835269,-35.2576848164731,1,1,01-Feb-1991,25.69,1.4e-05,1,01-Jan-1992,35.734,0,586,01-Mar-1959,1,1,802,01-Mar-1959,1,1,586,0.00971930157755776,0.00800014828479112,0.823119667699556,-17.6880332300444,1,13.6378290489329,01-Jan-1987,0.0101424979495506,0.00718190343837694,0.708100063130422,-29.1899936869578,0.00481152915582361,1,1,100,01-Mar-1988,-29.9619186620563,1,1,01-Jan-1987,1,8.70189985941345,01-Sep-1985,6,3,802,800,120,561,0.184419792599218,0.182780878853241,0.888686470621148,0.331931731766754,0,1,2.0194350020551,01-Sep-1987,6,800,120,561,0.0125097653507356,0.0102417919914267,0.81870376496106,-18.129623503894,0.186606874904059,0.18560051581072,0.539293685645754,0.784363296946496,0,1,100,01-Dec-2015,0.991936629474725,1.42018373923667,42.018373923667,1,0,,,,1,27.3619648870288,01-Jan-1992,-38.4303319554141,0.615696680445859,6.12149781920035e-06,1,1,17.7694361790866,01-Nov-1987,-30.1987396374283,0.698012603625717,0.000663020916608525,1,1,3.43232260950085,01-Oct-1987,-22.8011908594965,0.771988091405035,0.473311989545817,0,2,2,1,18.914564565937,01-Sep-1985,5.00821894494473,0.00635154909429192,1,1,16.8031766400983,01-Nov-1987,5,584,88,409,0.0123619897152156,0.00867905506470276,0.702075900776735,-29.7924099223265,0.056933225872832,0.0550132916886863,3.37225610302512,0.00105682386747563,1,1,2.8313618838806,01-Feb-1987,0.010307511095766,0.00815669209961383,0.791334787208165,-20.8665212791835,0.593846934558331,0,0,Stock Market,1,100,01-Apr-1988,3.05613156022624,0.707920910511191,-29.2079089488809,1,1,01-Nov-1987,16.803,0.001057,1,100,01-Nov-2015,0.789254343668199,1.37862251751852,37.8622517518519,1,0,,,
PERMIT,4,0.0161490683229814,792,480,0.0204081632653061,01-Jan-1960,01-Jan-1960,1,0,490,0.00726910587532154,0.00389979192873519,0.53648853044979,-46.3511469550211,1,490,01-Jan-1984,0.0073012842963181,0.00383177799248096,-0.00346950630383715,0.524808764728316,-47.5191235271684,0.0179358411370264,0.0165328858263529,7.82207703533493,74,343,1,30.2329411571845,01-Jan-1984,0.0073012842963181,0.00383177799248096,0.524808764728316,-47.5191235271684,490,5,74,343,1.48577061132027e-06,1,down,1980s,1,0,main,main_sig_only,12,-9.76151149815228,478,1,01-Jan-1982,490,478,0.0232908773256234,0.0223106758394985,4.20852109785723,72,335,1,61.7781585127003,01-Aug-1993,5,13,490,478,72,335,0.0232908773256234,0.0225015417046562,3.38903343971009,9.88435635118634e-07,1,1,28.8518802445158,01-Feb-1984,5,478,72,335,0.00731508175873443,0.00444474303084555,0.607613582109098,-39.2386417890902,0.0171239051419313,0.0161807470535015,5.5078446219624,2.93765471226504e-06,1,1,100,01-Dec-1983,7.41052650371983,0.528197849225323,-47.1802150774677,1,1,100,01-Oct-1983,5.15772318960492,0.614129501054971,-38.5870498945029,1,1,01-Jan-1984,30.233,1e-06,1,01-Feb-1984,28.852,3e-06,586,01-Mar-1959,1,1,803,01-Mar-1959,1,1,586,0.00728745864392796,0.00395286202111708,0.542419822088552,-45.7580177911448,1,31.7196271836473,01-Jan-1984,0.00732051866029222,0.00390680090085323,0.533678156172787,-46.6321843827213,7.12498292587682e-07,1,1,100,01-Dec-1983,-46.2936244562158,1,1,01-Jan-1984,1,83.6178191029822,01-Dec-2015,6,11,803,793,119,556,0.0644371689859033,0.0589345111845485,8.53957100840135,1.64865898710786e-11,1,1,4.18758228254323,01-Apr-1983,6,793,119,556,0.00755386177879722,0.00599706244637157,0.793906828319867,-20.6093171680133,0.0585861640613866,0.058147161066999,0.749328790203069,0.350249075442853,0,1,100,01-Feb-2016,1.40472865409546,1.48621290373119,48.621290373119,1,0,,,,1,23.5123025852814,01-Feb-1984,-35.8261001036653,0.641738998963347,4.0527695264525e-05,1,1,23.2162172286918,01-Feb-1984,-33.1920162799551,0.668079837200449,4.68472581214296e-05,1,1,9.18896750110434,01-Sep-1983,-23.8692145469826,0.761307854530174,0.0387296029869713,1,12,10,1,60.355931968511,01-Mar-1993,3.72443249081641,1.77294133796302e-06,1,1,29.7289615673539,01-Feb-1984,5,574,87,401,0.00731625048885329,0.00458544523653435,0.626747982934774,-37.3252017065226,0.0186720700413364,0.0176019608668493,5.73106876804821,1.90562805968408e-06,1,1,8.8456180140428,01-Jan-1984,0.00740164786596142,0.00502293617952048,0.678624040278906,-32.1375959721094,0.0453441633525011,1,0,Housing / Construction,1,100,01-Oct-1983,5.34701521534326,0.632107180562928,-36.7892819437072,1,1,01-Feb-1984,29.729,2e-06,1,100,01-Nov-1983,1.8948645339059,0.68696094240089,-31.303905759911,1,1,01-Jan-1984,8.846,0.045344
PERMITMW,4,0.0161490683229814,792,480,0.0204081632653061,01-Jan-1960,01-Jan-1960,1,0,490,0.00644256298663032,0.00427346108389132,0.663316927247689,-33.6683072752311,1,490,01-Sep-1983,0.00649713316416898,0.00422427699842625,-0.00227285616574273,0.65017552998955,-34.982447001045,0.0126480605018375,0.0120415973018117,4.79491065003768,74,343,1,17.6813708066015,01-Sep-1983,0.00649713316416898,0.00422427699842625,0.65017552998955,-34.982447001045,490,5,74,343,0.000691840671503963,1,down,1980s,1,0,main,main_sig_only,3,-9.79065042423044,487,1,01-Jan-1982,490,487,0.0259077291361912,0.0248291696015925,4.16308017166968,74,340,1,21.8316190498769,01-Jun-1993,5,4,490,487,74,340,0.0259077291361912,0.0253521172255681,2.14457974183077,0.00547601912184104,1,1,18.6866398654882,01-Jan-1984,5,487,74,340,0.00763575298243519,0.00499779378688627,0.654525336058262,-34.5474663941738,0.0186018802185397,0.017794027363579,4.34285591278857,0.000425391817795218,1,1,100,01-Oct-1983,4.36981301111411,0.657410986975734,-34.2589013024266,1,1,100,01-Sep-1983,4.00107896982784,0.662601974861309,-33.7398025138691,1,3,01-Sep-1983 | 01-Apr-1989 | 01-Mar-1992,17.681 | 10.458 | 9.046,0.000692 | 0.021519 | 0.04136,1,01-Jan-1984,18.687,0.000425,586,01-Mar-1959,1,1,803,01-Mar-1959,1,1,586,0.00647546985448664,0.00424191162606454,0.655073951602981,-34.4926048397019,1,22.6118272365047,01-Jan-1984,0.00650873245170874,0.00419947582537524,0.645206398716351,-35.4793601283649,6.29568922884127e-05,1,1,100,01-Oct-1983,-34.8693801021001,1,5,01-Jan-1984 | 01-Dec-1984 | 01-Apr-1989 | 01-Apr-1992 | 01-Mar-1995,1,15.5711950478998,01-Mar-1979,6,2,803,802,121,561,0.0694346743422373,0.0685071073867291,1.33588436079696,0.00881011385853181,1,1,1.41175759652138,01-Jan-1984,6,802,121,561,0.00775192369933968,0.00668444195425781,0.86229460112297,-13.770539887703,0.0673969912702277,0.0671835917955027,0.316630565701945,0.929732116905329,0,1,100,01-Dec-2015,1.54659741256446,1.50325675537265,50.3256755372652,1,0,,,,1,13.2707425367836,01-Jan-1984,-30.5836478395254,0.694163521604746,0.00572830769649346,1,1,19.6486900775055,01-Jan-2000,-30.3269835903712,0.696730164096288,0.000266755757285519,1,1,3.7123686596524,01-Jan-1984,-16.3363770383263,0.836636229616737,0.424057281301765,0,3,1,1,40.6291806745026,01-Feb-1999,2.06435354435591,1.05449486076381e-06,1,1,28.2914180458568,01-Jan-2000,5,583,88,408,0.00668173441444521,0.00436168500400375,0.652777367890326,-34.7222632109674,0.0200389243828647,0.019610899180784,2.13596894674968,3.87268590862355e-06,1,1,3.31689961121189,01-Sep-1983,0.00665308269892375,0.00530373850714015,0.797185116607392,-20.2814883392608,0.49489468211593,0,0,Housing / Construction,1,100,01-Sep-1983,5.16845958521091,0.645005956300804,-35.4994043699196,1,2,01-Jan-1984 | 01-Jan-2000,16 | 28.291,0.001555 | 4e-06,1,100,01-Dec-2015,1.21668999344753,1.44215230904145,44.215230904145,1,0,,,
PERMITNE,4,0.0161490683229814,792,480,0.0204081632653061,01-Jan-1960,01-Jan-1960,1,0,490,0.00679943298694289,0.00504414976256597,0.741848588294402,-25.8151411705598,1,490,01-Jan-1984,0.00683479006926463,0.0049796102293797,-0.00185517983988493,0.728568131415259,-27.1431868584741,0.0148411221250896,0.0144399964066447,2.70279912168294,74,343,1,9.7954261180278,01-Sep-1983,0.00684706798071125,0.00499909092416322,0.73010680458352,-26.989319541648,490,5,74,343,0.0292731470250875,1,down,1980s,1,0,main,main_sig_only,0,-9.58866566155332,490,1,01-Oct-1966,490,490,0.033143723583609,0.0326291357721763,1.55259504905855,74,343,1,5.82839646993225,01-Oct-1966,5,1,490,490,74,343,0.033143723583609,0.0326291357721763,1.55259504905855,0.175124731725472,0,1,8.71611272646346,01-Jan-1984,5,490,74,343,0.00845627894807788,0.00626243679000054,0.740566486566056,-25.9433513433944,0.0229429229417508,0.0223819792979509,2.44495283022172,0.048114861328543,1,1,100,01-Aug-1983,2.46358560453939,0.736541787429796,-26.3458212570203,1,1,100,01-Sep-1983,2.17188441916803,0.750764878188303,-24.9235121811697,1,2,01-Sep-1983 | 01-Apr-1989,9.795 | 16.263,0.029273 | 0.001371,2,01-Jan-1984 | 01-Apr-1989,8.716 | 19.341,0.048115 | 0.00031,586,01-Mar-1959,1,1,803,01-Mar-1959,1,1,586,0.00682263397349528,0.00489292152609174,0.717160197234655,-28.2839802765345,1,15.0572578480263,01-Jan-2000,0.00613396743675424,0.00453187697020722,0.738816600664128,-26.1183399335872,0.00244426023472122,1,1,100,01-Sep-1983,-28.6433345615107,1,3,01-Jan-1984 | 01-Apr-1989 | 01-Jan-2000,1,20.6418760993076,01-Dec-1977,6,3,803,801,121,560,0.0849981247763428,0.0831775095513225,2.14194751920811,0.00294630829841513,1,1,1.52044927496598,01-Oct-2014,6,801,121,560,0.00746890012896678,0.0109372769581348,1.46437584775254,46.4375847752543,0.0787035194055115,0.0773532263503114,1.71567048767264,0.905331526301624,0,1,100,01-Dec-2015,1.93912002040043,1.53814031438091,53.8140314380912,1,0,,,,1,4.4287120307548,01-Jan-1984,-19.2731113716724,0.807268886283276,0.317240388425279,0,1,19.6694677142852,01-Oct-1999,-31.0361626049998,0.689638373950002,0.000264077340658697,1,1,2.29534050752299,01-Oct-2014,31.1935208450351,1.31193520845035,0.717001338873224,0,3,2,1,41.080675265106,01-Feb-1999,2.50961535575581,8.48641998119071e-07,1,1,24.8556869808405,01-Oct-1999,5,583,88,408,0.00744423877019002,0.00494490838906164,0.664259777489032,-33.5740222510968,0.0242964825517341,0.0237872143075023,2.09605749781834,2.09810863464055e-05,1,1,1.48687658862275,01-Oct-2014,0.00593662417843081,0.00880335120531716,1.48288841279558,48.2888412795584,0.913006687028371,0,0,Housing / Construction,1,100,01-Sep-1983,3.71351256517746,0.693823990161447,-30.6176009838553,1,4,01-Jan-1984 | 01-Apr-1989 | 01-Oct-1999 | 01-Apr-2006,9.009 | 15.82 | 24.856 | 9.608,0.042068 | 0.001696 | 2.1e-05 | 0.031917,1,100,01-Dec-2015,1.87637525966541,1.55448033335981,55.4480333359805,1,0,,,
PERMITS,4,0.0161490683229814,792,480,0.0204081632653061,01-Jan-1960,01-Jan-1960,1,0,490,0.00754035331858326,0.00565165648536714,0.749521441049532,-25.0478558950468,1,490,01-Sep-1975,0.0081833991217189,0.00585445673163657,-0.00232894239008234,0.715406476521318,-28.4593523478682,0.0195323728191788,0.0188913588751891,3.28180272783003,74,343,1,9.38729792055073,01-Sep-1975,0.00818339912171892,0.00585445673163656,0.715406476521315,-28.4593523478685,490,5,74,343,0.0353483189314445,1,down,1970s,1,0,main,main_sig_only,0,-9.34729024064925,490,1,01-Mar-1973,490,490,0.0421919222052517,0.0415729147191989,1.46712321624384,74,343,1,7.51678456469566,01-Mar-1973,5,1,490,490,74,343,0.0421919222052517,0.0415729147191989,1.46712321624384,0.0829330246534918,0,1,8.10185877552061,01-Oct-1983,5,490,74,343,0.00936676824554838,0.00703313959732791,0.750860853279941,-24.9139146720059,0.0303746086722373,0.0297364027112669,2.1011166525865,0.0636616850266762,0,1,100,01-Jan-1976,2.78522096563036,0.729620929623124,-27.0379070376876,1,1,100,01-Feb-1976,2.44251797507516,0.743291199721087,-25.6708800278913,1,1,01-Sep-1975,9.387,0.035348,0,,,,586,01-Mar-1959,1,1,803,01-Mar-1959,1,1,586,0.00756815793567443,0.00543170950805448,0.717705623246938,-28.2294376753062,1,20.2421203875805,01-Mar-2000,0.00683160437990616,0.00485658541781646,0.710899687356189,-28.9100312643811,0.000199919235182922,1,1,100,01-Mar-1976,-30.3473857582361,1,2,01-Sep-1975 | 01-Mar-2000,1,19.0725264633748,01-Dec-1977,6,3,803,801,121,560,0.0862660960647572,0.0844588606237064,2.0949544763149,0.0059251603678262,1,1,3.63156412880835,01-Jul-1975,6,801,121,560,0.0100761569425191,0.00810739546967682,0.804611868982054,-19.5388131017946,0.0736090511149591,0.0730372290317441,0.776836645159229,0.437820320742509,0,1,100,01-Dec-2015,1.20621803020267,1.37623316999485,37.6233169994847,1,0,,,,1,6.06868179852129,01-Sep-1975,-25.5305097612735,0.744694902387265,0.157720704797552,0,1,13.8426029879235,01-Oct-2000,-25.3691429885748,0.746308570114252,0.00436485299340583,1,1,4.49361620472127,01-Jul-1975,-21.0553342205541,0.789446657794459,0.30883785368467,0,0,2,1,10.8395998569609,01-Mar-1973,1.80855120262819,0.018010129481559,1,1,20.3009006657751,01-Apr-2000,5,586,88,411,0.00847472601251902,0.00593810563466463,0.700684084168946,-29.9315915831054,0.0325364349260386,0.0320374032489084,1.53376262108796,0.000194284406769718,1,1,6.06685883421558,01-Sep-1975,0.0083721548895622,0.00633978998799573,0.757247097267602,-24.2752902732398,0.157846388152592,0,0,Housing / Construction,1,100,01-Apr-1976,3.16779535705983,0.71353066767367,-28.646933232633,1,1,01-Apr-2000,20.301,0.000194,1,100,01-Dec-2015,1.24015317655374,1.3969415926558,39.6941592655801,1,0,,,
PERMITW,4,0.0161490683229814,792,480,0.0204081632653061,01-Jan-1960,01-Jan-1960,1,0,490,0.0175699318885724,0.013065610844085,0.74363468947668,-25.636531052332,1,490,01-Apr-1965,0.0231988306400561,0.0144897199939777,-0.00870911064607834,0.624588377698623,-37.5411622301377,0.162479653940586,0.157714503825823,2.93276727220567,74,343,1,5.23313224998603,01-Feb-1982,0.017951963036069,0.0130359588173077,0.726157846421357,-27.3842153578643,490,5,74,343,0.226275103034092,0,,,0,0,,main_not_sig,11,-7.46399834625131,479,1,01-Mar-1991,490,479,0.235295671852373,0.22252598758158,5.4270799672017,72,336,1,44.7772092256229,01-Mar-1991,5,12,490,479,72,336,0.235295671852373,0.22252598758158,5.4270799672017,0.000431624381490581,1,1,4.77062022786034,01-Apr-1982,5,479,72,336,0.020303911616437,0.0154275078213154,0.759829342875298,-24.0170657124702,0.191824901462568,0.189014871633483,1.4648931435181,0.275165265113069,0,1,10,01-Apr-1965,2.87246073213725,0.518872413247467,-48.1127586752533,0,1,100,01-Jan-1983,1.37077685996882,0.760424223532344,-23.9575776467656,1,0,,,,0,,,,586,01-Mar-1959,1,1,803,01-Mar-1959,1,1,586,0.0175879831311398,0.0124743983405379,0.709256897026004,-29.0743102973996,1,12.0666006140827,01-Aug-1998,0.0160373426860272,0.0110012969819436,0.685980040292377,-31.4019959707623,0.0101252491752707,1,1,10,01-Jun-1966,-50.2206927727848,0,1,01-Aug-1998,1,36.0133588199071,01-Oct-2015,6,11,803,793,119,556,0.755018682008975,0.669464517987548,11.3313969654077,0.00485138067384372,1,1,4.39305184584677,01-Dec-2007,6,793,119,556,0.018116398339576,0.0287955513386568,1.589474397665,58.9474397664998,0.700589655272374,0.6826140862399,2.56577711320696,0.321942603300263,0,1,50,01-Feb-2016,4.04673658805433,1.99438634238528,99.4386342385277,1,0,,,,1,2.65157805602496,01-Sep-1975,-22.8889653003098,0.771110346996902,0.633690642879215,0,1,10.0608230468652,01-Dec-2000,-28.5950663727598,0.714049336272402,0.0258843227106902,1,1,7.842066376239,01-Feb-2017,74.1231297453101,1.7412312974531,0.0716143949789226,0,11,10,1,35.6970537848891,01-May-2000,1.48396320964177,0.00984707566318888,1,1,18.6087075513658,01-Nov-1999,5,575,87,402,0.0187493892176666,0.0121901085972944,0.65016030419851,-34.983969580149,0.212823722788545,0.209354403993417,1.63013725616228,0.000441758385374635,1,1,2.0431975127088,01-Dec-2007,0.0151130116961139,0.0228946490846485,1.51489653716973,51.4896537169726,0.778507860159667,0,0,Housing / Construction,1,1,01-Apr-1967,1.88095340978957,0.0456103623565671,-95.4389637643433,0,1,01-Nov-1999,18.609,0.000442,1,50,01-Dec-2015,2.40265391837731,1.87627797416838,87.6277974168384,1,0,,,
AAA,2,0,803,490,0,01-Jan-1959,01-Mar-1959,1,1,490,0.00603287007267963,0.00535994906053636,0.888457565961739,-11.1542434038261,1,490,01-Jul-1975,0.00639804800526833,0.00534638240356194,-0.00105166560170639,0.835627116139107,-16.4372883860893,0.00991176894445487,0.00978148433824452,1.31444353616859,74,343,1,4.45476113568454,01-Sep-1975,0.00639175341815679,0.00534345900710759,0.835992670169136,-16.4007329830864,490,5,74,343,0.313844014027871,0,,,0,0,,balanced_not_sig,1,-9.85269757207466,489,1,01-Mar-1973,490,489,0.0250805729508393,0.0243472113679809,2.92402244675941,74,342,1,20.5756064476075,01-Mar-1969,5,2,490,489,74,342,0.0250805729508393,0.0244159904864796,2.64978980210063,0.000897293625761963,1,1,3.2041559576949,01-Jan-1976,5,489,74,342,0.00766444061204499,0.00656794464328103,0.856937247704578,-14.3062752295422,0.0142482950682671,0.0141057545000396,1.00040438203014,0.516702535861322,0,1,100,01-Jan-1976,0.996174379193667,0.852581929536127,-14.7418070463873,1,1,100,01-Apr-1976,0.778945508424796,0.870131867252827,-12.9868132747173,1,0,,,,0,,,,586,01-Mar-1959,1,1,803,01-Mar-1959,1,1,586,0.00605674948912659,0.00535721366432521,0.88450309426579,-11.549690573421,1,5.20027757966718,01-Sep-1975,0.00643793535530998,0.00534015438599146,0.829482449149932,-17.0517550850068,0.229466146284216,0,1,100,01-Feb-1976,-15.4855402973078,1,0,,1,45.3393389769859,01-May-1973,6,2,803,802,121,561,0.0445176976166407,0.0429505439098711,3.52029370491033,5.13354014852752e-09,1,1,1.87899978033845,01-Feb-2015,6,802,121,561,0.0068714458627893,0.00816001769103801,1.18752557379906,18.7525573799056,0.0272433391617456,0.0270613536928446,0.667999865290332,0.819009218207036,0,1,100,01-Jul-2015,0.542855408446966,1.17785194842526,17.7851948425263,1,0,,,,1,2.15706033805453,01-Jul-1991,-12.5133764838774,0.874866235161226,0.750558614112297,0,1,2.63701968603551,01-Jan-1976,-13.027858770429,0.86972141229571,0.636987136736631,0,1,1.45572196147094,01-Feb-2015,13.0006618558388,1.13000661855839,0.920024358653539,0,1,1,1,26.9840609804479,01-Mar-1969,2.78146256647091,4.3082076628731e-05,1,1,3.85832424996224,01-Jan-1976,5,585,88,410,0.00769060783008861,0.00651578218566193,0.847238908759551,-15.2761091240449,0.0167827607693591,0.0166002278864571,1.08762131219377,0.400106012373099,0,1,3.65850460761939,01-Sep-1975,0.00655331941853567,0.0056387075588061,0.86043533035447,-13.956466964553,0.433191509802,0,0,Interest and Exchange Rates,1,100,01-Jun-1976,0.849112695166308,0.861121537502577,-13.8878462497423,1,0,,,,1,100,01-Jun-2015,0.522740375077424,1.17191715798724,17.191715798724,1,0,,,
AAAFFM,1,0,803,490,0,01-Jan-1959,01-Mar-1959,1,1,490,0.0101211220342136,0.00682598437473874,0.674429608857998,-32.5570391142002,1,490,01-Oct-1982,0.0102448320933879,0.00687937403700644,-0.00336545805638146,0.671497002029584,-32.8502997970416,0.0258134096243569,0.0244610946874312,5.23880787778493,74,343,1,19.5830410148666,01-Jan-1984,0.0101432867433823,0.00677403471138311,0.667834291069669,-33.2165708930331,490,5,74,343,0.000275397382685338,1,down,1980s,1,1,balanced,balanced_sig,3,-9.06569494474995,487,1,01-Jan-1982,490,487,0.0534901126163881,0.0523887116482692,2.05907393767845,74,340,1,13.6389044855955,01-Aug-1993,5,4,490,487,74,340,0.0534901126163881,0.0526944122049943,1.48756540690113,0.125641371447822,0,1,21.106082874725,01-Dec-1982,5,487,74,340,0.0114248654269949,0.0075572272000877,0.661471878892449,-33.8528121107551,0.0359553973778504,0.0341821091545982,4.93191106919768,0.000131276854541729,1,1,100,01-Sep-1983,4.92458809465905,0.669633877718974,-33.0366122281026,1,1,100,01-Apr-1983,4.54864157729568,0.665538508736615,-33.4461491263385,1,1,01-Jan-1984,19.583,0.000275,1,01-Dec-1982,21.106,0.000131,586,01-Mar-1959,1,1,803,01-Mar-1959,1,1,586,0.0101272188770783,0.00720834089495269,0.711778918027323,-28.8221081972677,1,14.5197135879669,01-Jan-1984,0.0101506373302791,0.00717377296641907,0.706731285238603,-29.3268714761397,0.00316052955864088,1,1,100,01-Oct-1983,-29.1016683723661,1,1,01-Jan-1984,1,11.3472757974983,01-Mar-1979,6,2,803,802,121,561,0.2028220713338,0.200481690452134,1.15390838199974,0.0546202754532465,0,1,2.1591544139586,01-Jul-2005,6,802,121,561,0.0104913692713258,0.0143873926521429,1.37135509008013,37.1355090080129,0.205385036976726,0.202796355361267,1.26040419183582,0.750046815399118,0,1,50,01-Dec-2015,2.1595104367786,1.67301036699468,67.3010366994679,1,0,,,,1,15.9397579907287,01-Dec-1982,-30.461422531653,0.69538577468347,0.0016009557755281,1,1,12.929504264222,01-Dec-1982,-28.3926708676414,0.716073291323586,0.00673448129198206,1,1,3.61097840771094,01-Nov-2016,50.3015935657052,1.50301593565705,0.441384465018825,0,3,1,1,10.6368162801712,01-May-2000,0.924261503872182,0.318677303608323,0,1,17.1724835725476,01-Dec-1982,5,583,88,408,0.0114220284802547,0.00784222195815553,0.686587498158703,-31.3412501841297,0.0440773155883429,0.0422111153292385,4.23392448971625,0.000884482092661343,1,1,1.99418850234499,01-Mar-2008,0.00876840319377899,0.0121671877779767,1.38761727866359,38.7617278663589,0.790589446066816,0,0,Interest and Exchange Rates,1,100,01-Apr-1983,3.84392095076503,0.693360922233161,-30.6639077766839,1,1,01-Dec-1982,17.172,0.000884,1,50,01-Dec-2015,1.87497185020605,1.60687166228462,60.6871662284616,1,0,,,
AMDMNOx,5,0.00124223602484472,802,490,0,01-Jan-1959,01-Mar-1959,1,1,490,0.0100828595851162,0.00426707815729593,0.423201188241752,-57.6798811758248,1,490,01-Apr-1965,0.0147248896208912,0.00657290704475844,-0.00815198257613271,0.446380734524015,-55.3619265475985,0.0402704369510018,0.0360954467949495,10.3673823085957,74,343,1,37.0756039697732,01-Jan-1984,0.0101083078307197,0.00419679121036792,0.415182370842887,-58.4817629157113,490,5,74,343,5.00568392292067e-08,1,down,1980s,1,1,balanced,balanced_sig,12,-9.31867561998484,478,1,01-Sep-1969,490,478,0.0362666153576359,0.0340689903673899,6.05963630345582,72,335,1,42.1684888560964,01-Aug-1993,5,13,490,478,72,335,0.0362666153576359,0.0355656133961003,1.93291255503935,0.0018767459003215,1,1,62.0610476797391,01-Jan-1984,5,478,72,335,0.00985610890408939,0.00483477955700938,0.490536336809691,-50.9463663190309,0.0264131952647435,0.02352168470681,10.94721986095,1.88404847278889e-13,1,1,10,01-Apr-1965,13.3956235575531,0.287405190921951,-71.2594809078049,0,1,100,01-Aug-1983,10.9463750552836,0.486842894269711,-51.3157105730289,1,1,01-Jan-1984,37.076,0,1,01-Jan-1984,62.061,0,586,01-Mar-1959,1,1,803,01-Mar-1959,1,1,586,0.0101005080012886,0.00442349718206869,0.437947990487643,-56.2052009512357,1,35.0421175031686,01-Jan-1984,0.0101266951863314,0.00437643453695715,0.432168092001456,-56.7831907998544,1.37380059883618e-07,1,1,5,01-Jun-1966,-80.7560921889051,0,1,01-Jan-1984,1,70.9015407533713,01-Feb-2016,6,12,803,792,119,555,0.0862141594796897,0.0806786534518438,6.42064605309987,1.3389258701757e-08,1,1,15.375712617602,01-Mar-1983,6,792,119,555,0.0103050301296716,0.00684399179064795,0.664140881154909,-33.5859118845091,0.0752932269258525,0.0731320239662442,2.87038163703169,0.00209849136848972,1,1,100,01-Jan-1983,2.71114166425756,0.665519044064925,-33.4480955935075,1,2,01-Mar-1983 | 01-Apr-1998,15.376 | 10.117,0.002098 | 0.025214,1,53.8869428079831,01-Feb-1984,-48.5056025543208,0.514943974456792,1.13610232332917e-11,1,1,28.1634920365069,01-Jan-1984,-38.7827478345688,0.612172521654312,4.124714627185e-06,1,1,24.9398363818898,01-Apr-1983,-37.4214958980991,0.625785041019009,2.01324854214313e-05,1,12,11,1,28.3246960181518,01-Dec-1967,4.8811457546131,0.12782870220719,0,1,36.9965545766566,01-Jan-1984,5,574,87,401,0.00945046315128458,0.00541269055561179,0.572743416800272,-42.7256583199728,0.0296824345260883,0.0273428668449067,7.88199390830041,5.20619126698207e-08,1,1,15.8038916664276,01-Jan-1984,0.0101845440737726,0.00570319539040601,0.559985341424659,-44.0014658575341,0.00170888292717442,1,0,Orders and Inventories,1,100,01-Aug-1983,7.73059910011665,0.570840134207433,-42.9159865792567,1,1,01-Jan-1984,36.997,0,1,10,01-Mar-1969,6.20484424086967,0.36136623720435,-63.863376279565,0,1,01-Jan-1984,15.804,0.001709
AMDMUOx,5,0.00124223602484472,802,490,0,01-Jan-1959,01-Mar-1959,1,1,490,0.015089638126949,0.00711544067826794,0.471544818928446,-52.8455181071554,1,490,01-Apr-1965,0.0216862126436561,0.0102358101837204,-0.0114504024599357,0.471996210307138,-52.8003789692862,0.105425498559903,0.0971884718648686,7.81312567410232,74,343,1,25.4954826588551,01-Feb-1984,0.0151171406354832,0.0069880767442805,0.462261806831246,-53.7738193168754,490,5,74,343,1.5326499688384e-05,1,down,1980s,1,1,balanced,balanced_sig,12,-8.4495210500109,478,1,01-Feb-1968,490,478,0.0864920239447905,0.0814108296570707,5.87475475306634,72,335,1,80.2017079032323,01-Aug-1993,5,13,490,478,72,335,0.0864920239447905,0.0834354468186926,3.53394103489709,3.67016528279862e-10,1,1,38.2787496408067,01-Jul-1983,5,478,72,335,0.0145466126724154,0.00776625743016381,0.533887689530011,-46.6112310469989,0.0650415205217253,0.0597173795485947,8.18575723695172,2.75260403359567e-08,1,1,10,01-Apr-1965,10.0677773258419,0.313501816249589,-68.6498183750411,0,1,100,01-May-1983,8.189615194504,0.527709933880319,-47.2290066119681,1,1,01-Feb-1984,25.495,1.5e-05,1,01-Jul-1983,38.279,0,586,01-Mar-1959,1,1,803,01-Mar-1959,1,1,586,0.0150948825183498,0.00668404698540271,0.442802186587234,-55.7197813412766,1,28.9563866575849,01-Feb-1984,0.0151230942683877,0.00659563720890878,0.436130139233203,-56.3869860766797,2.79006438119733e-06,1,1,5,01-Jun-1966,-80.4434684833816,0,2,01-Feb-1984 | 01-Nov-2003,1,41.5155444578205,01-Feb-2016,6,12,803,792,119,555,0.175148047342528,0.163608824574893,6.58826800681875,0.0013852669794816,1,1,15.248812491384,01-Jan-1983,6,792,119,555,0.0148215786167158,0.00952199016609893,0.642441025503182,-35.7558974496818,0.15463015069608,0.149579842381407,3.26605664674016,0.00223004331299481,1,1,100,01-Jan-1983,3.0960828525565,0.643551187324651,-35.6448812675349,1,1,01-Jan-1983,15.249,0.00223,1,27.431627824617,01-Feb-1984,-43.1305676460766,0.568694323539234,5.91510009617657e-06,1,1,30.8945037324365,01-Feb-1984,-43.9556116731478,0.560443883268522,1.07147778716232e-06,1,1,20.0748666416479,01-May-1983,-37.7324756510676,0.622675243489324,0.000216858131643627,1,12,11,1,43.4352947942373,01-Sep-1992,2.72400247369349,0.0012016090756215,1,1,43.5519640091998,01-Feb-1984,5,574,87,401,0.0144256340045256,0.00754491467191241,0.523021356950095,-47.6978643049905,0.0691770342213102,0.0623832098630093,9.82092458107728,1.99144301049614e-09,1,1,14.9119728248729,01-Feb-1984,0.0151975731765115,0.00814769691646644,0.536118288218479,-46.3881711781521,0.00262022598188294,1,0,Orders and Inventories,1,100,01-Jun-1983,10.0180718328042,0.515273564233728,-48.4726435766271,1,1,01-Feb-1984,43.552,0,1,10,01-Mar-1969,6.49671455202854,0.344223069833706,-65.5776930166295,0,1,01-Feb-1984,14.912,0.00262
AWHMAN,1,0,803,490,0,01-Jan-1959,01-Mar-1959,1,1,490,0.00844268525649006,0.00474505376904819,0.562031347242345,-43.7968652757654,1,490,01-Jan-1984,0.0084504133443259,0.00471359654522432,-0.00373681679910159,0.557794790995555,-44.2205209004445,0.0208603994861482,0.0192329328693934,7.80170397904152,74,343,1,32.8641308830615,01-May-1993,0.00757355166070091,0.00397773161447108,0.52521350519222,-47.478649480778,490,5,74,343,4.0435937254113e-07,1,down,1990s,1,1,balanced,balanced_sig,2,-9.39127988461547,488,1,01-Mar-1973,490,488,0.0392023064298167,0.0372633933013618,4.94591595503719,74,341,1,18.4427468047902,01-Oct-1983,5,3,490,488,74,341,0.0392023064298167,0.0384209664068665,1.99309707542087,0.00780908537638314,1,1,37.4456543920473,01-May-1993,5,488,74,341,0.00884605611214456,0.00482342689813863,0.545262977872891,-45.4737022127109,0.0275795821027957,0.0265081847131857,3.88474845491387,4.16489671639653e-08,1,1,100,01-Dec-1983,7.63555121358614,0.555004554799953,-44.4995445200047,1,1,100,01-Sep-1983,7.41157411483716,0.569227720592032,-43.0772279407968,1,2,01-Jan-1984 | 01-May-1993,18.948 | 32.864,0.000375 | 0,3,01-Feb-1984 | 01-Aug-1985 | 01-May-1993,22.269 | 14.044 | 37.446,7.4e-05 | 0.003966 | 0,586,01-Mar-1959,1,1,803,01-Mar-1959,1,1,586,0.00848891494511697,0.00538006972027532,0.633775901285249,-36.6224098714751,1,15.3292623875066,01-Jan-1984,0.00849787400686422,0.00535990385028484,0.630734680927881,-36.9265319072119,0.00214572654008749,1,1,100,01-Nov-1983,-36.9415056343021,1,1,01-Jan-1984,1,38.9126411954689,01-Dec-1987,6,4,803,800,120,561,0.108219811906469,0.102778085018928,5.02840172393221,2.39951795333315e-06,1,1,3.93936762602971,01-Jul-2005,6,800,120,561,0.00806875642636717,0.0112990662085478,1.40034791131191,40.0347911311906,0.095746451355767,0.0939688137467046,1.85660939271488,0.387304570172413,0,1,100,01-Jan-2016,1.52995428569169,1.46528641415539,46.5286414155389,1,0,,,,1,31.3912902344851,01-May-1993,-41.8427521783341,0.581572478216659,8.38132819480641e-07,1,1,16.6091379977881,01-Jun-1968,-38.5967262964044,0.614032737035956,0.00116034287204447,1,1,9.13523304801062,01-Jan-1969,-29.6444829567317,0.703555170432683,0.0396988083583432,1,2,3,1,17.8013953314015,01-Oct-1983,3.32040565377233,0.0103156547000808,1,1,14.7092279355829,01-Jan-1983,5,584,88,409,0.00996319796591034,0.00659860534586338,0.662297925670141,-33.7702074329859,0.0384393365782846,0.036787495822537,4.29726655761468,0.00288695280295492,1,1,3.93237546931386,01-Feb-1976,0.00897320678293937,0.00698123521914304,0.778008953545611,-22.1991046454389,0.388395190215908,0,0,Labor Market,1,100,01-Jul-1983,3.93653034839622,0.66783120876847,-33.216879123153,1,1,01-Jan-1983,14.709,0.002887,1,100,01-Dec-2015,0.8826205970072,1.35158134958257,35.1581349582568,1,0,,,
AWOTMAN,2,0,803,490,0,01-Jan-1959,01-Mar-1959,1,1,490,0.00805052032051919,0.00449693191922448,0.558588978126381,-44.1411021873619,1,490,01-Oct-1983,0.00809696734828248,0.00446269922120724,-0.00363426812707525,0.551156875068029,-44.8843124931971,0.0222875575624963,0.020739698937285,6.9449450477961,74,343,1,25.7185086795845,01-Feb-1984,0.00807143964203702,0.00442649521786692,0.548414584532504,-45.1585415467496,490,5,74,343,1.37363164334214e-05,1,down,1980s,1,1,balanced,balanced_sig,12,-9.51852534430965,478,1,01-Jan-1982,490,478,0.0296970557131411,0.0281397055833167,5.24412300285783,72,335,1,54.2436700247823,01-Aug-1993,5,13,490,478,72,335,0.0296970557131411,0.0286946277375519,3.37551299789477,2.06683828739562e-05,1,1,29.5442694129886,01-Jan-1984,5,478,72,335,0.00828574620886132,0.00514659593563444,0.621138495665041,-37.8861504334959,0.0214408187743834,0.0203107325532696,5.27072325457998,2.08753454944421e-06,1,1,100,01-Nov-1983,6.65946885497567,0.550642922507038,-44.9357077492962,1,1,100,01-Aug-1983,5.07922671572766,0.623398300484884,-37.6601699515116,1,1,01-Feb-1984,25.719,1.4e-05,1,01-Jan-1984,29.544,2e-06,586,01-Mar-1959,1,1,803,01-Mar-1959,1,1,586,0.00806767738616722,0.00448737625131135,0.556216620536336,-44.3783379463664,1,28.2619654033211,01-Feb-1984,0.00809043274280818,0.00443846992522043,0.54860723354581,-45.139276645419,3.92931431059118e-06,1,1,100,01-Nov-1983,-44.9698346465916,1,1,01-Feb-1984,1,78.1074052417371,01-Oct-2015,6,11,803,793,119,556,0.0853821079055686,0.076456125791874,10.4541599319222,1.91264670768021e-10,1,1,4.1470906114344,01-Apr-1983,6,793,119,556,0.00845780653418425,0.00668589566038577,0.790499952128618,-20.9500047871382,0.0777043315420181,0.0771356279703882,0.731881428414879,0.356076600398892,0,1,100,01-Feb-2016,1.16704107644981,1.45499624249921,45.4996242499208,1,0,,,,1,25.5688916196954,01-Jan-1984,-34.5848140741097,0.654151859258903,1.47838020754243e-05,1,1,27.3248033775714,01-Jan-1984,-33.4571907220612,0.665428092779388,6.23452224290943e-06,1,1,9.39109156127964,01-Sep-1983,-24.412054424393,0.75587945575607,0.0352865389234387,1,12,10,1,50.5967784412078,01-Feb-1995,3.79303042018006,8.51938752787218e-05,1,1,32.8816852084,01-Jan-1984,5,574,87,401,0.00827889546915757,0.0051463822872433,0.621626677908397,-37.8373322091603,0.0229766583416758,0.0215685446688724,6.12845284925222,4.00859467841741e-07,1,1,6.95327822701194,01-Feb-1984,0.00818520048747091,0.00571284638830827,0.69794825393134,-30.205174606866,0.106735765668526,0,0,Labor Market,1,100,01-Aug-1983,5.89158135747531,0.622721350990608,-37.7278649009392,1,1,01-Jan-1984,32.882,0,1,100,01-Sep-1983,1.59582999520534,0.703645264458217,-29.6354735541783,1,0,,,
BAA,2,0,803,490,0,01-Jan-1959,01-Mar-1959,1,1,490,0.0166712036476106,0.0271080087387553,1.6260378861511,62.6037886151104,1,490,01-Aug-1973,0.0110412043320759,0.0261126164906576,0.0150714121585817,2.36501523794806,136.501523794806,0.188419254417914,0.162930527508669,13.5276657303351,74,343,1,102.956611446725,01-Jun-1971,0.00996923068053238,0.025430731649445,2.55092217889043,155.092217889043,490,5,74,343,0,1,up,1970s,1,1,balanced,balanced_sig,5,-7.19803268963396,485,1,01-Mar-1978,490,485,0.33608582051617,0.317718157384218,5.46517050429049,73,340,1,42.271551818398,01-Aug-1969,5,6,490,485,73,340,0.33608582051617,0.326397160698587,2.88279338970722,5.89515675641916e-06,1,1,118.484504825655,01-Feb-1967,5,485,73,340,0.0104919252038944,0.0268523540422692,2.55933525262858,155.933525262858,0.238380103500111,0.218592862564689,8.30070993547205,0,1,1,10,01-May-1972,13.8291511483651,4.03096028349886,303.096028349886,0,1,20,01-Nov-1971,11.7515676605329,2.77636413018691,177.636413018691,1,1,01-Jun-1971,102.957,0,2,01-Feb-1967 | 01-Nov-1973,118.485 | 35.032,0 | 0,586,01-Mar-1959,1,1,803,01-Mar-1959,1,1,586,0.016701121087988,0.0276917783532771,1.65807901202477,65.8079012024771,1,125.529753399623,01-Jun-1971,0.0100429376279455,0.0261776517831696,2.60657317141227,160.657317141227,0,1,1,10,01-Mar-1972,383.267221663673,0,1,01-Jun-1971,1,75.0172718325902,01-May-1970,6,7,803,797,120,558,0.863631659568083,0.847044323207789,1.92064940840515,3.43614026121486e-12,1,1,171.296754084334,01-Jun-1971,6,797,120,558,0.0121089537826297,0.0336444259902996,2.77847505195392,177.847505195392,0.622410347339071,0.56828756422249,8.69567534472495,0,1,1,2,01-Aug-1969,11.5165750890537,-2.75858850506919,-375.858850506919,0,2,01-Jun-1971 | 01-May-2009,171.297 | 20.718,0 | 0.000159,1,88.7463164953821,01-Feb-1967,137.938169324298,2.37938169324298,0,1,1,119.47425861709,01-Feb-1967,151.545607356562,2.51545607356562,0,1,1,146.857914028428,01-Jun-1971,175.208574645637,2.75208574645637,0,1,5,6,1,45.2076006513701,01-Aug-1969,2.27747355933655,1.56892881664206e-06,1,1,153.956717340113,01-Feb-1967,5,581,88,406,0.0104919252038945,0.0282533569168786,2.69286678734531,169.286678734531,0.322828094642701,0.298616840812904,7.4997356895452,0,1,1,154.334920577106,01-Jun-1971,0.010240183024049,0.0291525400631709,2.84687685705482,184.687685705482,0,1,0,Interest and Exchange Rates,1,20,01-Feb-1972,10.8381003340839,3.00918872207168,200.918872207168,1,2,01-Feb-1967 | 01-Nov-1973,153.957 | 44.613,0 | 0,1,5,01-Jun-1969,10.9035123179428,-6.1008086132429,-710.08086132429,0,2,01-Jun-1971 | 01-Jul-1987,154.335 | 18.371,0 | 0.000496
BAAFFM,1,0,803,490,0,01-Jan-1959,01-Mar-1959,1,1,490,0.01483023330231,0.0130131905321983,0.877477128439465,-12.2522871560535,1,490,01-Dec-1992,0.0149944424885021,0.00988331495165003,-0.00511112753685203,0.659131872307269,-34.0868127692731,0.0810968272894212,0.0792786230104427,2.24201653720638,74,343,1,20.7647751441623,01-Nov-1992,0.0149988317295259,0.009922532421323,0.661553686330785,-33.8446313669215,490,5,74,343,0.00015502152134339,1,down,1990s,1,1,balanced,balanced_sig,2,-7.91473573269877,488,1,01-Nov-1972,490,488,0.171619485844173,0.164026709318596,4.42419256078564,74,341,1,22.5721771918104,01-Nov-1972,5,3,490,488,74,341,0.171619485844173,0.164026709318596,4.42419256078564,0.00122489042009644,1,1,18.4604652550815,01-Oct-1992,5,488,74,341,0.0181890073637196,0.0121916251766222,0.670274354879863,-32.9725645120137,0.114420373106536,0.111872204662708,2.2270233653715,0.00047463843701967,1,1,100,01-Feb-1993,1.96011092607399,0.666089848766136,-33.3910151233864,1,1,100,01-Oct-1991,1.98881579581423,0.695660094463562,-30.4339905536438,1,1,01-Nov-1992,20.765,0.000155,2,01-Feb-1974 | 01-Oct-1992,12.731 | 18.46,0.007399 | 0.000475,586,01-Mar-1959,1,1,803,01-Mar-1959,1,1,586,0.0148297649852691,0.0131493092662903,0.886683590694247,-11.3316409305753,1,7.13483075197845,01-Nov-1992,0.0149983320757152,0.0117787101858406,0.785334670974004,-21.4665329025996,0.0984292524627129,0,1,100,01-Dec-1986,-19.0085071003875,1,0,,1,16.121489584021,01-Jun-1971,6,3,803,801,121,560,0.346170667496183,0.337892775035715,2.39127495126652,0.0210737899561734,1,1,5.15223841514089,01-Aug-1972,6,801,121,560,0.0143673717966381,0.0181139862988152,1.26077243320547,26.0772433205473,0.289207946209607,0.287410634036604,0.621460162681981,0.234206535307405,0,1,100,01-Mar-1972,0.550813116374526,1.25687865832463,25.6878658324626,1,0,,,,1,14.2943628019937,01-Oct-1992,-31.2195483639937,0.687804516360063,0.00351942894646307,1,1,5.6195133572095,01-Nov-1986,-20.0869009611921,0.799130990388079,0.191701586652317,0,1,4.04665923981214,01-Nov-1986,-17.0266099481381,0.829733900518619,0.370893772527203,0,2,2,1,20.0108787906651,01-Nov-1972,3.20319727085539,0.00390870351037587,1,1,7.67526465115315,01-May-1991,5,584,88,409,0.0183835492511995,0.0143403775131096,0.780065770605962,-21.9934229394038,0.133965573991628,0.131820978757607,1.60085548109164,0.0772181887082473,0,1,2.09639120095384,01-Nov-1986,0.0153809096231863,0.0133633342692017,0.868826005521603,-13.1173994478397,0.765424310369086,0,0,Interest and Exchange Rates,1,100,01-Sep-1991,1.33486351342952,0.792390120073349,-20.7609879926651,1,0,,,,1,100,01-Dec-1986,0.303036850767149,0.884124525653349,-11.5875474346651,1,0,,,
BOGMBASE,6,0,803,490,0,01-Jan-1959,01-Mar-1959,1,1,490,0.646853373510478,0.360411596513605,0.557176651267425,-44.2823348732575,1,490,01-Feb-1984,0.649257859863945,0.353599862513426,-0.295657997350519,0.544621612416867,-45.5378387583133,140.772401900845,130.603875105647,7.22338090271467,74,343,1,28.3117965465675,01-Feb-1984,0.649257859863945,0.353599862513426,0.544621612416867,-45.5378387583133,490,5,74,343,3.83398155778814e-06,1,down,1980s,1,1,balanced,balanced_sig,12,-0.751152536626571,478,1,01-Jan-1982,490,478,190.693120192799,181.959783997306,4.57978567169258,72,335,1,33.7114273511607,01-Mar-1993,5,13,490,478,72,335,190.693120192799,185.374247716251,2.78923144745359,0.0293074147574425,1,1,30.4994464914071,01-Sep-1983,5,478,72,335,0.670727465163855,0.422433694750014,0.629814219172933,-37.0185780827067,136.190130230686,129.072674130714,5.22611740506891,1.30248394658583e-06,1,1,100,01-Jan-1984,6.81752005172545,0.548567995802029,-45.1432004197971,1,1,100,01-Jun-1983,5.09060491390992,0.629180634906582,-37.0819365093418,1,1,01-Feb-1984,28.312,4e-06,1,01-Sep-1983,30.499,1e-06,586,01-Mar-1959,1,1,803,01-Mar-1959,1,1,586,0.64697102182926,0.356119034414107,0.550440471672453,-44.9559528327547,1,30.6303335413817,01-Feb-1984,0.649399058020477,0.351538213322514,0.541328492828563,-45.8671507171437,1.22091237098054e-06,1,1,100,01-Jan-1984,-45.6049716177349,1,1,01-Feb-1984,1,67.9745663049143,01-Oct-2015,6,11,803,793,119,556,465.061325144736,424.742225924557,8.66963065733987,1.58888613377428e-08,1,1,7.83847710924575,01-Apr-1982,6,793,119,556,0.691792497164298,0.511720564053854,0.739702390747847,-26.0297609252153,407.202760099403,401.4495138397,1.41287015301638,0.0717307317535637,0,1,100,01-Apr-1983,1.28552088756114,0.746175401960433,-25.3824598039567,1,0,,,,1,25.1993152861556,01-Sep-1983,-34.1293017292859,0.658706982707141,1.7725280370029e-05,1,1,31.0192625493802,01-Sep-1983,-35.0314279299535,0.649685720700465,1.00739500863423e-06,1,1,13.6445560879629,01-Sep-1983,-28.2092836654503,0.717907163345497,0.00479616111141723,1,12,10,1,48.5673236853421,01-Mar-1995,3.55176553551425,0.00018392888034735,1,1,38.1814426258014,01-Sep-1983,5,574,87,401,0.67052439503661,0.410654231359993,0.612437421218018,-38.7562578781982,146.389127577432,136.700095983915,6.61868251683648,2.88906231160624e-08,1,1,10.1764847340973,01-Feb-1984,0.649522724782067,0.424909528631449,0.654187316962648,-34.5812683037352,0.0245306724673733,1,0,Money and Credit,1,100,01-Jun-1983,6.45157531037377,0.610901814753307,-38.9098185246693,1,1,01-Sep-1983,38.181,0,1,100,01-Oct-1983,2.53298828488248,0.658698314807869,-34.1301685192131,1,1,01-Feb-1984,10.176,0.024531
BUSINVx,5,0.00248447204968944,801,490,0,01-Jan-1959,01-Mar-1959,1,1,490,69.5275852622928,111.651424319728,1.60585793248137,60.5857932481372,1,490,01-Aug-1979,62.6750954040153,109.582870525259,46.907775121244,1.74842766203813,74.8427662038132,3052441.24593787,2782904.16399028,8.83021359727326,74,343,1,46.1396920669992,01-May-1969,49.3541065206579,98.326263693488,1.99226104219579,99.2261042195791,490,5,74,343,5.47374701120873e-10,1,up,1960s-or-earlier,1,1,balanced,balanced_sig,12,9.40917084249613,478,1,01-Feb-1984,490,478,4930686.64132844,4303560.44507163,12.7188410433612,72,335,1,97.1506054497043,01-Sep-1967,5,13,490,478,72,335,4930686.64132844,4772906.74078094,3.19995797796206,1.74638081773537e-13,1,1,70.4828874446144,01-Jun-1968,5,478,72,335,48.1194475186359,105.303750470978,2.18838236723718,118.838236723718,3332713.14281789,3074119.66529344,7.75924798933654,2.77555756156289e-15,1,1,2,01-Oct-1993,10.7667529644277,15.4341896022594,1443.41896022594,0,1,5,01-Feb-1966,8.3819689868103,157.781024472211,15678.1024472211,0,2,01-May-1969 | 01-Apr-1994,46.14 | 17.66,0 | 0.000699,2,01-Jun-1968 | 01-Dec-1994,70.483 | 18.096,0 | 0.000566,586,01-Mar-1959,1,1,802,01-Mar-1959,1,1,586,69.4731543624161,130.445617652636,1.87764063471407,87.764063471407,1,64.7420587742525,01-May-1969,49.360526096729,112.742965818707,2.28407139741118,128.407139741118,4.89608353859694e-14,1,1,5,01-Feb-1995,299.390324208607,0,2,01-May-1969 | 01-Apr-1994,1,77.6088831946083,01-Aug-1980,6,12,802,791,119,554,29383421.9500348,28772154.0399101,2.08031559824487,7.70303376640413e-10,1,1,67.3588261888802,01-Nov-1972,6,791,119,554,63.7781013378082,180.238035030589,2.82601757107721,182.601757107721,25557395.7323468,23875354.0774233,6.58142821960016,1.32116539930394e-14,1,1,5,01-Jan-2016,25.7647312553822,8.9625840902445,796.25840902445,0,3,01-Nov-1972 | 01-Sep-1994 | 01-Apr-2020,67.359 | 48.195 | 27.43,0 | 0 | 6e-06,1,65.7827015505506,01-Jun-1968,114.957421525267,2.14957421525267,2.90878432451791e-14,1,1,59.8210418925001,01-Sep-1968,107.669904124104,2.07669904124104,5.79980508064182e-13,1,1,67.2822788885149,01-Jul-1977,197.795657142011,2.97795657142011,1.36557432028894e-14,1,12,11,1,84.7178775056325,01-Oct-1983,10.3202900362873,4.91965357340973e-11,1,1,72.1637762750259,01-Sep-1968,5,574,87,401,55.2314891729323,116.418251904881,2.1078238817782,110.78238817782,5066692.55528588,4750274.54755154,6.24506034817972,1.22124532708767e-15,1,1,80.1000652782295,01-May-1969,49.3364657462052,155.749185578028,3.15687764055146,215.687764055146,0,1,0,Orders and Inventories,1,2,01-Sep-2000,14.8923454132157,57.5325402217443,5653.25402217443,0,2,01-Sep-1968 | 01-Dec-1994,72.164 | 40.586,0 | 0,1,5,01-Nov-2015,26.7825536643946,8.9110306034941,791.10306034941,0,3,01-May-1969 | 01-Apr-1994 | 01-Apr-2020,80.1 | 54.716 | 33.363,0 | 0 | 0
BUSLOANS,6,0,803,490,0,01-Jan-1959,01-Mar-1959,1,1,490,0.0263650983892481,0.0197033837862457,0.747328285878159,-25.2671714121841,1,490,01-Jan-1975,0.0303336685785447,0.019552235145328,-0.0107814334332167,0.644572056779095,-35.5427943220905,0.232199295249443,0.218651722644713,5.83445896774856,74,343,1,10.7170739540183,01-May-1980,0.0282192984921008,0.0189103314530612,0.670120536779276,-32.9879463220724,490,5,74,343,0.0190707466416745,1,down,1980s,1,1,balanced,balanced_sig,3,-6.95211655473246,487,1,01-Jul-1992,490,487,0.442780966693891,0.410380961099537,7.31738896463294,74,340,1,44.9060304416076,01-Jan-1992,5,4,490,487,74,340,0.442780966693891,0.410822870931584,7.21758570629817,1.32901194382917e-07,1,1,13.2339153306006,01-Jan-1981,5,487,74,340,0.0315114783600236,0.021042623730198,0.667776468300937,-33.2223531699063,0.2999143759504,0.286632219776458,4.42864938763026,0.00582930955227057,1,1,100,01-Jun-1975,4.91685322522098,0.662175319482147,-33.7824680517854,1,1,100,01-Feb-1981,4.2193502716592,0.668659825685154,-33.1340174314846,1,2,01-May-1980 | 01-Sep-1995,10.717 | 19.89,0.019071 | 0.000237,3,01-Jan-1981 | 01-Jun-1992 | 01-Jul-1994,13.234 | 26.337 | 13.726,0.005829 | 1e-05 | 0.004613,586,01-Mar-1959,1,1,800,01-Mar-1959,1,1,586,0.026378629587821,0.0223622439771758,0.847740929934451,-15.2259070065549,1,7.26737993880894,01-Jan-1975,0.0303436495358988,0.0215329641044066,0.709636593941394,-29.0363406058606,0.0927602628107526,0,1,100,01-Jun-1975,-26.795779197671,1,0,,1,9.47544799552958,01-Jul-2013,6,5,800,796,120,557,1.76424204885543,1.72979848680171,1.95231499419599,0.602585655887582,0,1,17.494904658298,01-Jun-2015,6,796,120,557,0.0269812302128459,0.0788486383669564,2.92235149194258,192.235149194258,1.73865488945826,1.45703262668279,16.1977091878893,0.000757035545215778,1,1,50,01-Oct-2015,17.2953134816398,3.25860271179189,225.86027117919,1,5,01-Sep-2006 | 01-Feb-2014 | 01-Jun-2015 | 01-Mar-2020 | 01-Jun-2024,11.6 | 21.592 | 17.495 | 13.368 | 13.161,0.01261 | 0.000104 | 0.000757 | 0.005471 | 0.006033,1,9.28501157569419,01-Jan-1981,-29.5226282919913,0.704773717080087,0.0370544869797365,1,1,6.16715526000683,01-Nov-1973,-26.848712749086,0.73151287250914,0.151070056204672,0,1,18.5230849390217,01-Sep-2015,209.007206753108,3.09007206753108,0.000460462611632795,1,3,4,1,61.4523830178224,01-Apr-1988,9.04708174866102,3.52098350475671e-11,1,1,7.55215703130142,01-Sep-1980,5,583,88,408,0.0316010135045538,0.0237580462282379,0.751812793118622,-24.8187206881378,0.363372190872401,0.354539765651994,2.43068276611983,0.0816231657992876,0,1,17.3566289243525,01-Jun-2015,0.0234542753058987,0.0626450721892137,2.67094469439688,167.094469439688,0.000809290320749723,1,0,Money and Credit,1,100,01-Mar-1975,2.44103511246744,0.741343018864175,-25.8656981135825,1,0,,,,1,50,01-Oct-2015,15.013753878336,2.97173106653984,197.173106653984,1,3,01-Jun-2015 | 01-Mar-2020 | 01-Jun-2024,17.357 | 14.947 | 17.251,0.000809 | 0.002576 | 0.000852
CE16OV,5,0.00124223602484472,801,490,0,01-Jan-1959,01-Mar-1959,1,1,490,0.00243716863088672,0.00153454766968026,0.629643616052098,-37.0356383947902,1,490,01-Oct-1983,0.0024475115482232,0.00152807209437518,-0.000919439453848021,0.624337031416461,-37.5662968583539,0.00179421847916732,0.00169514814396895,5.52164278479356,74,343,1,35.2242718887739,01-May-1993,0.00223760066230444,0.00128171559969275,0.572808017661539,-42.7191982338461,490,5,74,343,1.25508973436439e-07,1,down,1990s,1,1,balanced,balanced_sig,1,-11.7920825443194,489,1,01-May-1981,490,489,0.00360639474665296,0.00351950142138416,2.4094235759812,74,342,1,21.7663279995833,01-Jul-1986,5,2,490,489,74,342,0.00360639474665296,0.00353511037815517,1.97661025776352,0.000514342883116581,1,1,41.6300878016974,01-Oct-1983,5,489,74,342,0.00299747871877443,0.00177119485579328,0.590894889328008,-40.9105110671992,0.00246978934873317,0.00229379573318193,7.12585531399711,5.19108311891614e-09,1,1,1,01-Apr-1965,7.16602013074287,-0.154047297085297,-115.40472970853,0,1,1,01-May-1965,8.67257110111738,-0.179903002698702,-117.99030026987,0,3,01-Nov-1962 | 01-Oct-1983 | 01-May-1993,10.145 | 16.298 | 35.224,0.024897 | 0.001348 | 0,3,01-Dec-1962 | 01-Oct-1983 | 01-Oct-1996,11.115 | 41.63 | 20.395,0.01583 | 0 | 0.000186,586,01-Mar-1959,1,1,801,01-Mar-1959,1,1,586,0.00244840298473408,0.00158146006403911,0.645914938798716,-35.4085061201284,1,33.5357230542644,01-Oct-1983,0.00245882180986682,0.00157680459370151,0.64128461337624,-35.871538662376,2.89926886387626e-07,1,1,5,01-Jun-1966,-61.5470819000146,0,2,01-Nov-1962 | 01-Oct-1983,1,40.2246078805678,01-Feb-1990,6,2,801,800,120,561,0.00759729153069735,0.00723664651750236,4.74702085259968,6.57828399530658e-08,1,1,13.5731649138502,01-Nov-1977,6,800,120,561,0.00312082087088874,0.00221727759504116,0.710478969082816,-28.9521030917184,0.00648551180688545,0.00635384435489505,2.03017827907747,0.00496176310159879,1,1,10,01-Mar-1969,2.44090105639946,0.541604832978979,-45.8395167021021,0,2,01-Dec-1962 | 01-Nov-1977,9.468 | 13.573,0.034051 | 0.004962,1,33.839472970423,01-Oct-1983,-42.1438038017896,0.578561961982104,2.49411080566198e-07,1,1,33.0001135791224,01-Oct-1983,-40.1707949615315,0.598292050384685,3.78024981317893e-07,1,1,11.7676009090853,01-Jan-1978,-27.8489835156669,0.721510164843331,0.0116560399950343,1,1,1,1,25.2524961250745,01-Feb-1990,2.87407976376073,9.8748133202764e-05,1,1,39.227902492103,01-Oct-1983,5,585,88,410,0.0030072193879314,0.00185406034647776,0.61653644357259,-38.3463556427411,0.00291583392502137,0.0027213684249504,6.66929273310889,1.71675280657979e-08,1,1,16.3227818496296,01-Jun-1978,0.00259597417182187,0.00180965651331218,0.697101124100223,-30.2898875899777,0.00133177041023624,1,0,Labor Market,1,5,01-Jul-1966,7.56965266061039,0.366654703538817,-63.3345296461183,0,2,01-Dec-1962 | 01-Oct-1983,10.687 | 39.228,0.019336 | 0,1,10,01-Mar-1969,2.61676979105867,0.532342717268207,-46.7657282731793,0,1,01-Jun-1978,16.323,0.001332
CES0600000007,1,0,803,490,0,01-Jan-1959,01-Mar-1959,1,1,490,0.00271993242850781,0.00175016664274671,0.643459603776583,-35.6540396223417,1,490,01-Oct-1965,0.00349169902464683,0.00211520960275841,-0.00137648942188842,0.605782339150023,-39.4217660849977,0.00232824902634769,0.0022014185801903,5.44746050452961,74,343,1,44.5288385216058,01-Feb-1992,0.00256119670646164,0.00140785067387111,0.549684711962671,-45.0315288037329,490,5,74,343,1.22324894658021e-09,1,down,1990s,1,1,balanced,balanced_sig,4,-11.5212266361557,486,1,01-Jan-1970,490,486,0.00452262756702764,0.00418328057937161,7.50331489000006,73,341,1,24.1850444215663,01-Jan-1970,5,5,490,486,73,341,0.00452262756702764,0.00418328057937161,7.50331489000006,0.00505891248477641,1,1,35.4241802097506,01-Mar-1992,5,486,73,341,0.00298556292289581,0.00174618819214545,0.584877370613832,-41.5122629386168,0.00289998600360456,0.00278446937534517,3.98335123396462,1.13656441591559e-07,1,1,20,01-Apr-1965,7.18237300825725,0.497872024912494,-50.2127975087506,1,1,20,01-Jul-1965,7.28223598514958,0.508694393186025,-49.1305606813975,1,3,01-Oct-1961 | 01-Jun-1964 | 01-Feb-1992,9.003 | 9.385 | 44.529,0.042184 | 0.03539 | 0,3,01-Jul-1961 | 01-Jul-1964 | 01-Mar-1992,13.062 | 9.761 | 35.424,0.006325 | 0.029741 | 0,586,01-Mar-1959,1,1,801,01-Mar-1959,1,1,586,0.00272624545050139,0.00182091361478922,0.667919909579065,-33.2080090420935,1,21.8282231928741,01-Aug-1984,0.00273129069741138,0.00178953325678867,0.655196921545085,-34.4803078454915,9.2309922061995e-05,1,1,5,01-Jun-1966,-60.9849703984421,0,2,01-Dec-1962 | 01-Aug-1984,1,6.22398389095678,01-Dec-1979,6,1,801,801,121,560,0.0346819130280044,0.0345430352395638,0.400432895176323,0.147353448164753,0,1,1.88338591586838,01-Mar-1969,6,801,121,560,0.00388895332424752,0.00302422494037946,0.777644956940857,-22.2355043059143,0.0462876477512904,0.0462108371445052,0.165941910027155,0.817928115140326,0,1,50,01-Oct-2015,1.3809651279727,1.98752747705607,98.7527477056065,1,0,,,,1,32.7111635930887,01-Sep-1994,-42.4872718434397,0.575127281565603,4.36177589491216e-07,1,1,16.6431857620391,01-Feb-1986,-31.2757989176652,0.687242010823348,0.00114147676683796,1,1,1.37143884613202,01-Jan-2017,123.209234624553,2.23209234624553,0.93840462075818,0,4,0,1,21.96136404597,01-Jan-1970,6.30653213832965,0.0121025788513729,1,1,18.5545765207102,01-Feb-1986,5,582,88,407,0.00314136756301039,0.00217668991517637,0.692911565270775,-30.7088434729225,0.00344944322405728,0.00331538523003479,3.88636615577669,0.000453493461915477,1,1,1.97128410129085,01-Mar-1969,0.00312491515957756,0.00242666622309041,0.776554274010583,-22.3445725989417,0.796240972895137,0,0,Labor Market,1,10,01-Oct-1966,5.7526844817138,0.490108073294971,-50.9891926705029,0,2,01-Jun-1963 | 01-Feb-1986,9.138 | 18.555,0.039641 | 0.000453,1,50,01-Oct-2015,1.27316659517586,1.93765094652851,93.7650946528507,1,0,,,
CES0600000008,6,0,803,490,0,01-Jan-1959,01-Mar-1959,1,1,490,0.153285851253253,0.109460034013605,0.714090916537103,-28.5909083462897,1,490,01-Jul-1984,0.154319839411174,0.106097076668505,-0.0482227627426691,0.687514172340583,-31.2485827659417,8.04448758901479,7.77670664775809,3.32875075377537,74,343,1,15.9943327217567,01-Feb-1986,0.152428823381204,0.104268502581756,0.684047152427293,-31.5952847572707,490,5,74,343,0.00155953289327737,1,down,1980s,1,1,balanced,balanced_sig,4,-3.41555488131035,486,1,01-Nov-1982,490,486,14.9843994158798,14.4934903476576,3.27613442886467,73,341,1,38.7548874306405,01-Jun-1992,5,5,490,486,73,341,14.9843994158798,14.5691027180725,2.77152714820979,9.72048943970183e-06,1,1,22.3961852914497,01-Nov-1990,5,486,73,341,0.172921199494926,0.116076079642871,0.671265755626899,-32.8734244373101,10.4167314938562,10.1435080558267,2.62292868152169,6.99530204235632e-05,1,1,100,01-Feb-1985,3.08863319201242,0.688436498038032,-31.1563501961968,1,1,100,01-Sep-1986,2.84910289951122,0.697139490824308,-30.2860509175691,1,1,01-Feb-1986,15.994,0.00156,1,01-Nov-1990,22.396,7e-05,586,01-Mar-1959,1,1,801,01-Mar-1959,1,1,586,0.152720067801269,0.104833854759196,0.686444527353235,-31.3555472646765,1,20.1588788121148,01-May-1991,0.145063982150259,0.0983063783079219,0.677675994073395,-32.2324005926605,0.000208178317945618,1,1,100,01-Apr-1985,-33.3574657953507,1,1,01-May-1991,1,1.29947766785701,01-Nov-1982,6,1,801,801,121,560,146.286392009988,146.121335781314,0.112830883587943,0.95322568691847,0,1,1.3241644151013,01-Nov-2007,6,801,121,560,0.164836452944537,0.267962016998398,1.62562353297277,62.562353297277,199.799885334387,198.122202831708,0.839681414166562,0.948246223293974,0,1,50,01-Oct-2015,1.42785490647893,2.09583927321652,109.583927321652,1,0,,,,1,15.5127885307071,01-May-1991,-28.6291374944016,0.713708625055984,0.00196502784785002,1,1,15.2234546808277,01-Jun-1998,-24.9908732669739,0.750091267330261,0.00225729482303871,1,1,1.36280663722743,01-Dec-2013,102.914686992029,2.02914686992029,0.940229527725575,0,4,0,1,17.7933841373898,01-Dec-1966,1.90748030640876,0.0561642929361869,0,1,18.1029050985796,01-Jun-1998,5,582,88,407,0.165380078907901,0.120131318456678,0.726395338845969,-27.3604661154031,11.1038132481317,10.9161232660025,1.69032005433618,0.000564301831714742,1,1,1.36418115554658,01-Nov-2007,0.129022269172082,0.212716164978962,1.64867790920073,64.8677909200728,0.939939739883918,0,0,Labor Market,1,100,01-May-1986,2.43682103986082,0.748760165340013,-25.1239834659987,1,1,01-Jun-1998,18.103,0.000564,1,50,01-Oct-2015,1.46820273120473,2.13559998166716,113.559998166716,1,0,,,
CES1021000001,5,0,803,490,0,01-Jan-1959,01-Mar-1959,1,1,490,0.379957540063005,0.348769132653061,0.917916071872736,-8.20839281272637,1,490,01-Apr-1965,0.506613348041919,0.343032770800628,-0.163580577241291,0.677109618462409,-32.2890381537591,51.0433391107447,49.3622433882257,3.29346737851858,74,343,1,6.4328837639148,01-Jun-1965,0.503807733619761,0.342757566794834,0.680334071754293,-31.9665928245707,490,5,74,343,0.134421715653868,0,,,0,0,,balanced_not_sig,4,-1.45806519836965,486,1,01-Oct-1992,490,486,106.112441831445,104.032718410107,1.95992419497986,73,341,1,13.30226532531,01-Jun-1992,5,5,490,486,73,341,106.112441831445,104.215789907319,1.78739824604045,0.236899168324158,0,1,11.3109988989014,01-Aug-1965,5,486,73,341,0.646672717904625,0.40467209794291,0.62577573900774,-37.422426099226,68.9610140108617,65.2871284547181,5.32748192415634,0.0144439817000065,1,1,100,01-Aug-1965,2.77516675727765,0.691544904899546,-30.8455095100454,1,1,100,01-Sep-1965,5.08288682719246,0.62208684316158,-37.791315683842,1,0,,,,1,01-Aug-1965,11.311,0.014444,586,01-Mar-1959,1,1,801,01-Mar-1959,1,1,586,0.379769567308794,0.368251090254077,0.96966982600438,-3.03301739956199,1,4.65867605279007,01-Jun-1966,0.480100062053988,0.355379195964746,0.74021901693648,-25.978098306352,0.288354959727085,0,1,100,01-Jun-1966,-26.0679948496647,1,0,,1,2.6975407241557,01-Oct-1969,6,1,801,801,121,560,562.889687890137,562.0677116224,0.146027949245004,0.623350441519709,0,1,34.928295612626,01-Feb-2007,6,801,121,560,0.465095845878112,1.2169798217705,2.61662156855608,161.662156855608,516.532019163846,425.06297433088,17.7083010228553,1.45360414705031e-07,1,1,20,01-Sep-2013,21.3291448919201,3.52002219117488,252.002219117488,1,3,01-Feb-2007 | 01-Aug-2017 | 01-May-2024,34.928 | 10.653 | 9.43,0 | 0.019647 | 0.034662,1,8.17273721935275,01-Aug-1965,-35.6514238385781,0.643485761614219,0.0616449666191056,0,1,6.98866105916329,01-Nov-1966,-31.8780679514608,0.681219320485392,0.105065942198275,0,1,33.0704046465061,01-Apr-2007,163.336565070859,2.63336565070859,3.65090894960396e-07,1,7,0,1,30.4303823747328,01-Nov-1998,2.22127587357029,0.00453584885298841,1,1,9.50463766453139,01-Dec-1966,5,579,87,406,0.62464018500788,0.415144147719519,0.664613256853275,-33.5386743146725,79.1546897005945,75.9101176955337,4.09902687678205,0.0334855002331251,1,1,34.7073873327993,01-Feb-2007,0.371830784436121,0.970823137744486,2.6109272776237,161.09272776237,1.6219358012215e-07,1,0,Labor Market,1,100,01-Dec-1966,4.05010012830744,0.655687324387536,-34.4312675612465,1,2,01-Dec-1966 | 01-Nov-1974,9.505 | 11.671,0.033486 | 0.0122,1,20,01-Sep-2013,21.2082215497532,3.50858745232677,250.858745232677,1,3,01-Feb-2007 | 01-Aug-2017 | 01-May-2024,34.707 | 10.644 | 9.348,0 | 0.019733 | 0.036
CES2000000008,6,0,803,490,0,01-Jan-1959,01-Mar-1959,1,1,490,0.0431637726016916,0.0329103372366609,0.762452752690369,-23.7547247309631,1,490,01-Jun-1980,0.0446549861574396,0.033119284309566,-0.0115357018478736,0.74167046414028,-25.832953585972,0.560688370616571,0.544419860258738,2.90152448497248,74,343,1,10.0048915361058,01-Sep-1980,0.0445572156530024,0.0330790914745254,0.742395838468341,-25.7604161531659,490,5,74,343,0.0265649244564531,1,down,1980s,1,1,balanced,balanced_sig,2,-6.10251373392009,488,1,01-Jan-1975,490,488,1.05100458487066,1.02291124528573,2.67299876606965,74,341,1,16.1878188048796,01-Mar-1991,5,3,490,488,74,341,1.05100458487066,1.03522558200894,1.50132578761891,0.0204967253948858,1,1,22.4915125531924,01-Nov-1983,5,488,74,341,0.0490225257350983,0.0321503188277127,0.655827465958047,-34.4172534041953,0.750901705393086,0.717689073796824,4.42303318233582,6.67695654131828e-05,1,1,100,01-Dec-1980,2.6834031020167,0.744835224563708,-25.5164775436292,1,1,10,01-Jul-1976,4.63975029552995,0.598541036607878,-40.1458963392122,0,3,01-Sep-1980 | 01-Mar-1985 | 01-Nov-1992,10.005 | 14.553 | 23.676,0.026565 | 0.003111 | 3.7e-05,2,01-Nov-1983 | 01-Jul-1993,22.492 | 15.888,6.7e-05 | 0.001641,586,01-Mar-1959,1,1,801,01-Mar-1959,1,1,586,0.0431646386087765,0.0349251181298565,0.809114109500625,-19.0885890499375,1,8.32344418593121,01-Sep-1980,0.0445577138578504,0.0348044294728771,0.781108958684716,-21.8891041315284,0.057560685627145,0,1,10,01-Jun-1966,-35.6412230328158,0,0,,1,33.6767007087045,01-Dec-2012,6,5,801,797,120,558,5.79708785453049,5.64990380424401,2.53893082147191,9.31566510254944e-05,1,1,6.93721176596939,01-Feb-2008,6,797,120,558,0.0426511783403808,0.0871021924294715,2.04219896890881,104.219896890881,6.50488162585017,6.19649362213598,4.74087034095542,0.107502350067561,0,1,50,01-Nov-2015,7.20798914686517,2.69823704843645,169.823704843645,1,0,,,,1,16.7776622460585,01-Nov-1983,-31.8082914353322,0.681917085646678,0.00106989345326836,1,1,15.6363636765532,01-Mar-1971,-32.5193685820705,0.674806314179295,0.0018519443848416,1,1,6.74260369185737,01-Dec-2007,117.992152541486,2.17992152541486,0.11721599233586,0,2,4,1,10.4046762807761,01-Jan-1975,2.32355728616671,0.191049557167297,0,1,15.5714876756221,01-Apr-1976,5,584,88,409,0.0519049882958334,0.0369620245743516,0.712109294075666,-28.7890705924334,0.833167629866122,0.80352788908896,3.55747627664378,0.00191048301112917,1,1,8.44465894441698,01-Sep-1993,0.0376427266294476,0.0636405268121015,1.69064604268905,69.0646042689054,0.0544674238235113,0,0,Labor Market,1,10,01-Jul-1968,3.68872287946293,0.581550046893214,-41.8449953106786,0,3,01-Apr-1976 | 01-Jan-1985 | 01-Aug-1993,15.571 | 16.202 | 9.104,0.00191 | 0.001412 | 0.040266,1,50,01-Oct-2015,7.1495937533681,2.59654318363718,159.654318363718,1,0,,,
CES3000000008,6,0,803,490,0,01-Jan-1959,01-Mar-1959,1,1,490,0.0483841866727964,0.0356075461320693,0.735933547315147,-26.4066452684853,1,490,01-Jan-1975,0.0535679056804189,0.0368684498357547,-0.0166994558446642,0.688256323771708,-31.1743676228292,0.602294514723375,0.569792288023518,5.39640091439068,74,343,1,18.7249247928421,01-Jan-1981,0.050523029204954,0.0350994705063777,0.694722210024099,-30.5277789975901,490,5,74,343,0.000417573905318935,1,down,1980s,1,1,balanced,balanced_sig,2,-5.8176556685839,488,1,01-Feb-1992,490,488,1.397387636522,1.363504054547,2.42478043238859,74,341,1,16.8943651034906,01-Feb-1992,5,3,490,488,74,341,1.397387636522,1.363504054547,2.42478043238859,0.0152134884030346,1,1,26.0076143206844,01-Dec-1981,5,488,74,341,0.0607132747256437,0.0402873330910421,0.663567123880171,-33.6432876119828,0.838814984394305,0.78858454162132,5.98826245447395,1.19173523672744e-05,1,1,100,01-Dec-1975,4.89001809235309,0.695531558667196,-30.4468441332804,1,1,20,01-Aug-1979,6.00757046272394,0.63965191276794,-36.034808723206,1,1,01-Jan-1981,18.725,0.000418,1,01-Dec-1981,26.008,1.2e-05,586,01-Mar-1959,1,1,801,01-Mar-1959,1,1,586,0.0483897407913028,0.0371696517278272,0.768130829386624,-23.1869170613376,1,15.459171152896,01-Jan-1981,0.0505356033588718,0.0366382005264371,0.724997785546476,-27.5002214453524,0.0020161989923444,1,1,100,01-Jan-1976,-28.7300137973973,1,1,01-Jan-1981,1,49.8235907193659,01-Aug-2015,6,5,801,797,120,558,5.56642352038906,4.83859100180914,13.0754067834393,5.87606961977016e-08,1,1,7.47811687170257,01-Nov-2015,6,797,120,558,0.0513048125430844,0.105044075461186,2.04745072156677,104.745072156677,4.78871259896743,4.49434161188035,6.14718425888735,0.0843880802814627,0,1,50,01-Nov-2015,6.6223559904097,2.20636780301048,120.636780301048,1,0,,,,1,16.1984172234781,01-Dec-1984,-29.7216516142659,0.702783483857341,0.00141384085956586,1,1,14.4388321582978,01-Dec-1983,-27.7724696202547,0.722275303797453,0.00328496691119096,1,1,8.48805542709429,01-Jan-2017,127.85326994832,2.2785326994832,0.0533997463339204,0,2,4,1,10.9098837146696,01-Jun-1984,2.53747159095449,0.160270249723453,0,1,21.1693684017678,01-Dec-1980,5,584,88,409,0.0613610135581076,0.0426251030043508,0.694660999430619,-30.5339000569381,0.969319951028766,0.918684449039022,5.22381716542639,0.000127289996093238,1,1,2.67314656181765,01-Aug-2007,0.0426179477795858,0.0654738262911126,1.53629702278801,53.6297022788011,0.628825572490603,0,0,Labor Market,1,100,01-Jul-1976,5.04042494675923,0.692444496796855,-30.7555503203145,1,1,01-Dec-1980,21.169,0.000127,1,50,01-Oct-2015,4.17684319262265,2.048315898964,104.8315898964,1,0,,,
CLAIMSx,5,0,803,490,0,01-Jan-1959,01-Mar-1959,1,1,490,0.0477911138688077,0.0350486396233128,0.733371474026018,-26.6628525973982,1,490,01-Jun-1976,0.0522490572350525,0.035827258282588,-0.0164217989524644,0.685701526085192,-31.4298473914808,0.632085495222032,0.59980368909169,5.10718983023048,74,343,1,14.3294724412,01-Jun-1976,0.0522490572350525,0.035827258282588,0.685701526085191,-31.4298473914809,490,5,74,343,0.00346096775839488,1,down,1970s,1,1,balanced,balanced_sig,4,-5.87179506865681,486,1,01-Jun-1992,490,486,1.28501376917186,1.22783035857618,4.45002318010403,73,341,1,59.6324326210297,01-Jul-1992,5,5,490,486,73,341,1.28501376917186,1.23010505725404,4.27300572453777,5.51440226814748e-10,1,1,22.423237033741,01-Nov-1980,5,486,73,341,0.0582503900492015,0.0385597085617342,0.661964813096779,-33.8035186903221,0.766678828489454,0.719726857219478,6.12407301796548,6.90345675562476e-05,1,1,100,01-Jul-1976,4.6167618623251,0.693231644894537,-30.6768355105463,1,1,10,01-Apr-1973,6.76973252059364,0.575871431325811,-42.4128568674189,0,1,01-Jun-1976,14.329,0.003461,1,01-Nov-1980,22.423,6.9e-05,586,01-Mar-1959,1,1,801,01-Mar-1959,1,1,586,0.0477777425724174,0.0354543361258601,0.742068047106274,-25.7931952893726,1,15.865891661637,01-Feb-1971,0.0547037070187205,0.0374915888690777,0.685357371781907,-31.4642628218093,0.00165876506243956,1,1,100,01-Aug-1976,-30.4609047732047,1,1,01-Feb-1971,1,7.27029972000664,01-Apr-2010,6,3,801,799,120,560,3.11595455845138,3.08147438597352,1.10656852759084,0.497794385004284,0,1,9.50434240831976,01-Apr-1971,6,799,120,560,0.0685320688264861,0.0494838019010029,0.7220532335933,-27.79467664067,2.60302024867231,2.56018828857147,1.64547164482075,0.0334900648853227,1,1,100,01-Nov-2015,4.01944568638827,1.69534021905437,69.5340219054367,1,1,01-Apr-1971,9.504,0.03349,1,16.6121765616329,01-Mar-1971,-35.3513814251648,0.646486185748352,0.00115864667515619,1,1,12.6120909265374,01-Apr-1971,-30.2800455050209,0.697199544949791,0.00782627815111137,1,1,6.01958176134305,01-Jun-1971,-23.6511876365594,0.763488123634406,0.161139037077589,0,4,2,1,9.87344010189214,01-Mar-1967,2.47571595214583,0.556598155888436,0,1,17.388890725434,01-Apr-1971,5,582,88,407,0.0647979145356155,0.043379971951528,0.669465557069506,-33.0534442930495,0.880911444296598,0.831665152255079,5.59037941445317,0.000796786755313583,1,1,8.20627557851524,01-Dec-1970,0.0551107036791775,0.0406271457938262,0.737191563191315,-26.2808436808685,0.0607124159728479,0,0,Labor Market,1,100,01-Jun-1971,4.80013905245613,0.681949051817433,-31.8050948182567,1,1,01-Apr-1971,17.389,0.000797,1,100,01-Oct-2015,2.40622988031482,1.54874574099812,54.8745740998119,1,0,,,
CLF16OV,5,0.00124223602484472,801,490,0,01-Jan-1959,01-Mar-1959,1,1,490,0.0686290208033526,0.0549206575170555,0.800254132641982,-19.9745867358018,1,490,01-Feb-1971,0.0802283611830766,0.0561945966251754,-0.0240337645579012,0.700433061282936,-29.9566938717064,1.26554608200177,1.20681255037402,4.64096349102123,74,343,1,19.6620897405482,01-Feb-1971,0.080228361183077,0.0561945966251753,0.700433061282931,-29.9566938717069,490,5,74,343,0.000265025347320647,1,down,1970s,1,1,balanced,balanced_sig,3,-5.02667847293813,487,1,01-Feb-1992,490,487,3.03665936695274,2.92269592930581,3.75292134795139,74,340,1,28.2277134173028,01-Feb-1992,5,4,490,487,74,340,3.03665936695274,2.92269592930581,3.75292134795139,0.000342001598595987,1,1,23.8347889136092,01-Jul-1976,5,487,74,340,0.0936443330161573,0.0636301708788786,0.679487683124401,-32.0512316875599,1.7538570279954,1.64677982270036,6.10524139572665,3.46076262310868e-05,1,1,100,01-Apr-1971,4.28429551534608,0.704500474823201,-29.5499525176799,1,1,10,01-Nov-1973,5.60084552838177,0.615545677994418,-38.4454322005582,0,1,01-Feb-1971,19.662,0.000265,1,01-Jul-1976,23.835,3.5e-05,586,01-Mar-1959,1,1,801,01-Mar-1959,1,1,586,0.0686377259375905,0.0525591984319763,0.76574795732257,-23.425204267743,1,25.125942106112,01-Jul-1971,0.0796229542202922,0.0542958153294911,0.681911590208915,-31.8088409791085,1.83752717888286e-05,1,1,10,01-Feb-1970,-41.0053250942978,0,1,01-Jul-1971,1,1.70702436953378,01-Jul-1969,6,1,801,801,121,560,7.35484477115635,7.34428897404042,0.143521684608794,0.861108453177387,0,1,8.31057133674669,01-Feb-1971,6,801,121,560,0.0997105379253495,0.0772611932279805,0.774854843184416,-22.5145156815584,6.24240720468304,6.18288175536829,0.953565625614506,0.0578990336163061,0,1,100,01-Oct-2015,2.85617671018448,1.57954454597639,57.9544545976386,1,0,,,,1,19.3085426335219,01-Jul-1971,-30.6947269821856,0.693052730178144,0.000314651427285484,1,1,18.7195067685798,01-Jun-1998,-32.0726381175781,0.679273618824219,0.00041867154347941,1,1,4.71980180935451,01-Apr-1971,-18.8749297248855,0.811250702751145,0.281084033789294,0,4,0,1,16.5577220391834,01-Jan-1972,2.52446313868999,0.0857206983961714,0,1,21.3150196627946,01-Feb-1971,5,582,88,407,0.0938260004848651,0.0661696762150512,0.705238162909063,-29.4761837090937,1.99145296520845,1.91012943222116,4.08362810510993,0.000118566373510709,1,1,9.06203251008894,01-Feb-1971,0.0802523539469257,0.0616245046054324,0.767884075352946,-23.2115924647054,0.041057291665565,1,0,Labor Market,1,5,01-Oct-1966,3.76814633283928,0.518366916806705,-48.1633083193295,0,1,01-Feb-1971,21.315,0.000119,1,100,01-Oct-2015,2.81659320287511,1.57407618816626,57.4076188166262,1,1,01-Feb-1971,9.062,0.041057
CMRMTSPLx,5,0.00248447204968944,801,490,0,01-Jan-1959,01-Mar-1959,1,1,490,0.0666253679595317,0.0408904083732889,0.613736323349475,-38.6263676650525,1,490,01-Jul-1976,0.0726146616808963,0.044586668214607,-0.0280279934662893,0.61401743370426,-38.598256629574,1.1169460126484,1.02279162977937,8.42962701892652,74,343,1,33.5285116381018,01-Jan-1981,0.0693712718899422,0.0416769760024542,0.600781488749044,-39.9218511250956,490,5,74,343,2.9096471199086e-07,1,down,1980s,1,1,balanced,balanced_sig,4,-5.24965898962193,486,1,01-Jan-1970,490,486,2.39385613808422,2.30968061528918,3.51631501391776,73,341,1,20.0468125325084,01-Jul-1992,5,5,490,486,73,341,2.39385613808422,2.34616298748766,1.99231481950012,0.0249494429008644,1,1,36.2869844986853,01-Jul-1980,5,486,73,341,0.0807840247540923,0.0478561243719062,0.592395891608284,-40.7604108391716,1.63214561862913,1.50063274987734,8.05766760335065,7.40599112036833e-08,1,1,20,01-Sep-1979,8.51664005495861,0.567421984506044,-43.2578015493956,1,1,20,01-Apr-1978,8.08331675434319,0.564182315193114,-43.5817684806886,1,1,01-Jan-1981,33.529,0,1,01-Jul-1980,36.287,0,586,01-Mar-1959,1,1,801,01-Mar-1959,1,1,586,0.0665853754260405,0.0451053778591317,0.677406676323878,-32.2593323676122,1,27.0592137887235,01-Jan-1981,0.0693657111786638,0.0451690670600663,0.651172838749182,-34.8827161250818,7.1052229074775e-06,1,1,50,01-Jan-1978,-36.1046600802076,1,1,01-Jan-1981,1,6.95480473972641,01-Jan-1970,6,5,801,797,120,558,3.91183968978608,3.83412020661388,1.98677577138787,0.877151140977949,0,1,15.7726863437493,01-Jun-1976,6,797,120,558,0.0822404509911929,0.0581232739297077,0.706747996018797,-29.3252003981203,2.72781232343749,2.63952883549673,3.23642089238437,0.00173467332681332,1,1,100,01-Apr-1976,3.07655815565736,0.705658551560942,-29.4341448439058,1,4,01-Jun-1976 | 01-Sep-1997 | 01-Apr-2009 | 01-Feb-2018,15.773 | 11.827 | 32.625 | 12.055,0.001735 | 0.011337 | 0 | 0.010181,1,29.0344798082296,01-Aug-1979,-40.8720065534704,0.591279934465296,2.68462729069441e-06,1,1,27.2538846013673,01-Aug-1979,-38.5921763525272,0.614078236474728,6.45602544413482e-06,1,1,15.4916545139658,01-Aug-1976,-31.3848191693851,0.686151808306149,0.00198504200189387,1,7,4,1,16.862284905351,01-May-1999,1.62806262154346,0.325727071405448,0,1,30.5470799244681,01-Jul-1980,5,579,87,406,0.0810998887924768,0.051299167429225,0.632543005829421,-36.7456994170579,1.82987993399441,1.70372306657196,6.89427022389744,1.27218670464835e-06,1,1,18.503494268849,01-Jul-1976,0.072607318156679,0.0491096604171695,0.676373424386727,-32.3626575613273,0.000464851689293666,1,0,Orders and Inventories,1,20,01-Nov-1977,6.88583851038118,0.598880680216528,-40.1119319783472,1,1,01-Jul-1980,30.547,1e-06,1,100,01-Dec-1976,4.0743050844386,0.67732285020477,-32.267714979523,1,1,01-Jul-1976,18.503,0.000465
COMPAPFFx,1,0.00124223602484472,802,490,0,01-Jan-1959,01-Mar-1959,1,1,490,0.0450053863669134,0.0298904923950041,0.664153667103694,-33.5846332896306,1,490,01-Apr-1984,0.044966420374186,0.0296314932137065,-0.0153349271604795,0.658969359071268,-34.1030640928733,0.605272814055093,0.578024969871433,4.50174591538476,74,343,1,30.7448780736446,01-Dec-1992,0.04201245063599,0.0249229133210601,0.59322683975283,-40.677316024717,490,5,74,343,1.15372043341111e-06,1,down,1990s,1,1,balanced,balanced_sig,0,-5.8788989755731,490,1,01-Sep-1982,490,490,1.35373138950827,1.34758453266004,0.454067689932575,74,343,1,2.87124587809822,01-Mar-1991,5,1,490,490,74,343,1.35373138950827,1.34966809853228,0.300154890954242,0.585232869934473,0,1,30.9915649964501,01-Dec-1992,5,490,74,343,0.0526038988266879,0.0309479842448332,0.588321111839949,-41.1678888160051,0.948770185699841,0.916129272608031,3.44033925009285,1.0212832919354e-06,1,1,100,01-Aug-1984,4.44206876680738,0.652519411410023,-34.7480588589977,1,1,100,01-Sep-1984,4.6303993354335,0.645344255180416,-35.4655744819584,1,2,01-Apr-1984 | 01-Dec-1992,10.478 | 30.745,0.021321 | 1e-06,2,01-Apr-1984 | 01-Dec-1992,11.597 | 30.992,0.012628 | 1e-06,586,01-Mar-1959,1,1,803,01-Mar-1959,1,1,586,0.0450129500911434,0.031603183189639,0.702090912185229,-29.7909087814771,1,18.581690575605,01-Apr-1985,0.0446325961214705,0.0312534584692465,0.700238417325943,-29.9761582674057,0.000447577160060386,1,1,100,01-Jul-1984,-30.3441047998612,1,1,01-Apr-1985,1,75.9390962425128,01-Jun-2015,6,3,803,801,121,560,8.50766045515843,8.2440786466435,3.09817028904948,1.77635683940025e-15,1,1,2.94027807563929,01-Dec-2015,6,801,121,560,0.0464369147168814,0.0942234654117382,2.02906385978061,102.906385978061,10.6437501893896,10.4091798294904,2.20383187997979,0.570523503857977,0,1,100,01-Dec-2015,2.26171083060358,2.09344693642017,109.344693642017,1,0,,,,1,31.278892719471,01-Jun-1994,-42.3263635811761,0.576736364188239,8.86036205960394e-07,1,1,14.0244221806032,01-Apr-1985,-28.2328688783339,0.717671311216661,0.00400279996916642,1,1,6.67656100816848,01-Aug-2016,69.2316198738263,1.69231619873826,0.120698843926994,0,0,2,1,1.34659007487641,01-Sep-1982,0.244549038938242,0.943625055034545,0,1,19.0080991614639,01-Apr-1985,5,586,88,411,0.055833617782723,0.0389939088722849,0.698394809808492,-30.1605190191508,1.09806839320035,1.05673794678252,3.76392278238455,0.000364018325163418,1,1,1.95533204361981,01-Dec-2015,0.0372066367743912,0.0821300701703215,2.20740376692285,120.740376692285,0.800177926958179,0,0,Interest and Exchange Rates,1,100,01-Jun-1984,3.77856087193971,0.694731298520675,-30.5268701479325,1,1,01-Apr-1985,19.008,0.000364,1,100,01-Dec-2015,2.79086223264094,2.29990514103124,129.990514103124,1,0,,,
CONSPI,2,0.00124223602484472,802,490,0,01-Jan-1959,01-Mar-1959,1,1,490,0.00212206246052788,0.000994904707546974,0.468838559680984,-53.1161440319016,1,490,01-Jun-1984,0.00212281010967513,0.000957322815833801,-0.00116548729384133,0.450969595193943,-54.9030404806057,0.00123051888829208,0.0010737696156762,12.7384694462867,74,343,1,66.8433401968002,01-Sep-1992,0.00188968803528933,0.000710942975456637,0.376222404005318,-62.3777595994682,490,5,74,343,1.70974345792274e-14,1,down,1990s,1,1,balanced,balanced_sig,10,-12.557273372466,480,1,01-Oct-1972,490,480,0.00146636333262828,0.00140248326315893,4.35636025860341,72,337,1,23.5946918450099,01-Sep-1971,5,11,490,480,72,337,0.00146636333262828,0.00140628551388702,4.09706226311476,0.192011898203198,0,1,60.9916197378637,01-Feb-1984,5,480,72,337,0.00187280422705158,0.000887737586487348,0.474015155275971,-52.5984844724029,0.00115349736561157,0.00104210855024069,9.65661636442695,3.22297744048683e-13,1,1,100,01-Sep-1984,12.3760379573138,0.44502075871146,-55.497924128854,1,1,100,01-Jul-1984,9.12317383125264,0.472493897935866,-52.7506102064134,1,5,01-Feb-1984 | 01-Mar-1985 | 01-Jan-1986 | 01-May-1990 | 01-Sep-1992,15.507 | 11.058 | 21.425 | 13.305 | 66.843,0.001971 | 0.016263 | 0.000112 | 0.005636 | 0,1,01-Feb-1984,60.992,0,586,01-Mar-1959,1,1,803,01-Mar-1959,1,1,586,0.00215729413212598,0.00111110974975079,0.515047870943684,-48.4952129056316,1,38.5265357786916,01-Nov-1984,0.0021508768269815,0.00107672317604509,0.500597320375681,-49.9402679624318,2.43348693418355e-08,1,1,100,01-Sep-1984,-49.970096762573,1,1,01-Nov-1984,1,8.98301965566962,01-Jun-1979,6,1,803,803,121,562,0.0270801473230092,0.0268405983346236,0.884592633593495,0.042574533694824,1,1,0.816459785537104,01-Nov-1984,6,803,121,562,0.00254274917013391,0.00202581842529849,0.79670399624663,-20.329600375337,0.0381867012017269,0.0381359046058733,0.133021691466046,1,0,1,100,01-Dec-2015,0.737198369060928,1.87591440518727,87.5914405187268,1,0,,,,1,50.5076758316898,01-Feb-1984,-52.0150280258072,0.479849719741928,6.16708906164831e-11,1,1,60.6381888114162,01-Aug-1983,-49.3386562289444,0.506613437710556,3.84803300335079e-13,1,1,7.42637691476548,01-Nov-1984,-32.8387308924789,0.67161269107521,0.0863735541891995,0,10,0,1,22.3818821325938,01-Sep-1971,3.870673625575,0.253418452121367,0,1,67.6084485309487,01-Feb-1984,5,576,87,403,0.00187605223406241,0.000878317348919285,0.468173184611908,-53.1826815388091,0.00123519444691044,0.00109185297418204,11.6047698471229,1.16573417585641e-14,1,1,2.12796373918141,01-Feb-1984,0.00223095568328117,0.00158180623498017,0.709026291662473,-29.0973708337527,0.757679387188882,0,0,Money and Credit,1,100,01-Aug-1984,11.0024046000779,0.467792520297667,-53.2207479702333,1,1,01-Feb-1984,67.608,0,1,100,01-Dec-2015,0.607799969929732,1.76379669371362,76.3796693713618,1,0,,,
CP3Mx,2,0.00124223602484472,801,490,0,01-Jan-1959,01-Mar-1959,1,1,490,0.00442396291382042,0.00189075941296996,0.427390430209812,-57.2609569790188,1,490,01-Jun-1984,0.00442466121884979,0.00180790185526013,-0.00261675936358966,0.408596673471444,-59.1403326528556,0.0059080141662866,0.00511784874295451,13.3744673098632,74,343,1,52.5547102238082,01-Feb-1992,0.0038887882293775,0.00150432571037478,0.386836624069805,-61.3163375930195,490,5,74,343,2.21387352894453e-11,1,down,1990s,1,1,balanced,balanced_sig,10,-11.0289654218246,480,1,01-Jan-1974,490,480,0.0067604764128487,0.0062023325627223,8.25598398754282,72,337,1,42.3465537689282,01-Nov-1993,5,11,490,480,72,337,0.0067604764128487,0.00662827232002975,1.95554402893395,0.000508270643403197,1,1,69.0147558657742,01-Mar-1984,5,480,72,337,0.00404235151656603,0.00162051435713031,0.400884077124231,-59.9115922875769,0.00583227576727899,0.0051602229085705,11.522995234192,5.77315972805081e-15,1,1,100,01-Jun-1984,12.8806247274151,0.407880135437958,-59.2119864562042,1,1,100,01-Oct-1983,11.6351809024661,0.395329280267713,-60.4670719732287,1,3,01-Feb-1984 | 01-Jan-1990 | 01-Feb-1992,22.447 | 20.124 | 52.555,6.8e-05 | 0.000212 | 0,1,01-Mar-1984,69.015,0,586,01-Mar-1959,1,1,803,01-Mar-1959,1,1,586,0.00446624357852731,0.00210754946673435,0.471884130293962,-52.8115869706038,1,41.0784095691232,01-Jul-1984,0.00446643415157956,0.0020485851124159,0.458662333954126,-54.1337666045874,6.83309298032952e-09,1,1,100,01-Jun-1984,-53.9230307717216,1,2,01-Jul-1984 | 01-Nov-1989,1,78.812562874095,01-Mar-2015,6,7,803,797,120,558,0.0281071507680333,0.0244128431142795,13.1436575846577,5.3534954247425e-13,1,1,15.7332499136068,01-Jul-1983,6,797,120,558,0.00426570320958776,0.00234873509995584,0.550609122237275,-44.9390877762725,0.0309867194793943,0.0303118441886041,2.17795010936533,0.00176781957256689,1,1,100,01-Jun-1983,2.0928833290527,0.549879972298793,-45.0120027701207,1,1,01-Jul-1983,15.733,0.001768,1,63.2829552454712,01-Mar-1984,-58.7066800558867,0.412933199441133,1.02029495963052e-13,1,1,51.7520735906607,01-Mar-1984,-52.4083630490353,0.475916369509647,3.30862004460641e-11,1,1,37.9547505076847,01-Mar-1984,-52.1006625347211,0.478993374652789,3.23374065303028e-08,1,10,6,1,31.2294013987154,01-Jun-1974,7.68687292277985,0.0231403602477359,1,1,66.2447922232139,01-Mar-1984,5,576,87,403,0.00386628253003402,0.00176869606060283,0.457466842338414,-54.2533157661586,0.00566097505535203,0.00502746266777443,11.1908705016931,2.29816166097407e-14,1,1,11.988502624125,01-Feb-1984,0.00450394162429668,0.00264573594326018,0.587426783905827,-41.2573216094173,0.010504811092937,1,1,Interest and Exchange Rates,1,100,01-Nov-1983,11.1114059158841,0.453116608974819,-54.6883391025181,1,1,01-Mar-1984,66.245,0,1,100,01-Apr-1984,2.49193287295472,0.593969443034138,-40.6030556965862,1,1,01-Feb-1984,11.989,0.010505
CPIAPPSL,6,0.00124223602484472,800,490,0,01-Jan-1959,01-Mar-1959,1,1,490,0.011517332917745,0.0054555773774177,0.473684091306606,-52.6315908693394,1,490,01-Sep-1986,0.0113596052201961,0.0045258285413037,-0.00683377667889243,0.398414245352231,-60.1585754647769,0.177788498075712,0.172772578057206,2.82128488220323,74,343,1,17.7338435547478,01-Aug-1989,0.0107984245818352,0.00425332797581069,0.393884121112029,-60.6115878887971,490,5,74,343,0.000674522216386086,1,down,1980s,1,1,balanced,balanced_sig,0,-7.70162678850838,490,1,01-Mar-1982,490,490,0.218741843551997,0.214769574066819,1.81596233289195,74,343,1,11.8470823550962,01-Mar-1982,5,1,490,490,74,343,0.218741843551997,0.214769574066819,1.81596233289195,0.0112281666175897,1,1,17.3894502426863,01-Jun-1990,5,490,74,343,0.0128716839579591,0.00529615328652961,0.411457685243645,-58.8542314756355,0.27688609138412,0.271865871517634,1.81309932954417,0.000796571607567298,1,1,100,01-Mar-1987,2.635643889552,0.394751881627765,-60.5248118372235,1,1,100,01-Sep-1983,2.2239275560242,0.474023090896244,-52.5976909103756,1,4,01-Aug-1989 | 01-Apr-1991 | 01-Mar-1994 | 01-Oct-1996,17.734 | 10.481 | 8.811 | 8.936,0.000675 | 0.021295 | 0.046061 | 0.043507,1,01-Jun-1990,17.389,0.000797,586,01-Mar-1959,1,1,803,01-Mar-1959,1,1,586,0.0113921778987132,0.00542257017023651,0.475990650641875,-52.4009349358125,1,15.8241238562417,01-Aug-1989,0.0107401450147771,0.00466216430652837,0.434087649665233,-56.5912350334767,0.00169236520675808,1,1,100,01-Apr-1987,-57.4225591716021,1,2,01-Aug-1989 | 01-Oct-2004,1,76.0532195223937,01-Oct-1981,6,8,803,796,120,557,0.234551138270213,0.205225638785224,12.5028169555099,8.39783798056715e-12,1,1,18.2590011213567,01-Oct-1986,6,796,120,557,0.0145679352455679,0.00563133561479332,0.386556881251004,-61.3443118748996,0.253816356138493,0.238458315819438,6.05084737355372,0.000523255766926689,1,1,100,01-Feb-1983,7.05350778798427,0.359668483072385,-64.0331516927615,1,2,01-Jul-1982 | 01-Oct-1986,11.428 | 18.259,0.013671 | 0.000523,1,12.8061081948003,01-Dec-1993,-57.8966185848235,0.421033814151765,0.00713978138386173,1,1,14.3339916418503,01-Mar-1994,-59.6299596787696,0.403700403212304,0.00345351303343999,1,1,14.8856734846939,01-Oct-1986,-63.4084226741149,0.365915773258851,0.00265339546156174,1,0,7,1,7.25770699422412,01-Oct-1999,0.474753011725172,0.0931631243377837,0,1,19.0262510951214,01-Mar-1994,5,586,88,411,0.0125556519789647,0.00509111180584925,0.405483666987483,-59.4516333012517,0.283726179077392,0.277121152896289,2.32795796375935,0.000360828328330953,1,1,7.36708856451816,01-Sep-1986,0.0113010847832772,0.0065495393888098,0.579549619741063,-42.0450380258937,0.08870399514468,0,0,Prices,1,100,01-Apr-1987,3.63605167398534,0.386461255793787,-61.3538744206213,1,3,01-Sep-1986 | 01-Mar-1994 | 01-Oct-1996,13.062 | 19.026 | 15.834,0.006325 | 0.000361 | 0.001684,1,100,01-Jan-1987,1.99220571624317,0.589186213887014,-41.0813786112986,1,0,,,
CPIAUCSL,6,0.00124223602484472,800,490,0,01-Jan-1959,01-Mar-1959,1,1,490,0.00849571015997167,0.00456756683306662,0.537632139875385,-46.2367860124615,1,490,01-Jun-1984,0.00852633233344098,0.00439080338846395,-0.00413552894497703,0.514969768565419,-48.5030231434581,0.0269344800385903,0.0249609098449621,7.32730014019391,74,343,1,33.9403615087141,01-Feb-1992,0.00765527089697029,0.00401284238744802,0.524193387987899,-47.5806612012101,490,5,74,343,2.37246017720238e-07,1,down,1990s,1,1,balanced,balanced_sig,5,-9.21001522309601,485,1,01-Feb-1968,490,485,0.044942505265101,0.0400315085240156,10.9272874578689,73,340,1,38.9054053431453,01-Apr-1968,5,6,490,485,73,340,0.044942505265101,0.0404313384936774,10.0376397461906,2.62483601028984e-05,1,1,63.0482551444354,01-Mar-1984,5,485,73,340,0.0102579935752508,0.00449590872693974,0.438283441489661,-56.1716558510339,0.0323718358887757,0.0285420801569595,11.8305175677233,1.14797060746241e-13,1,1,100,01-May-1984,7.11442188397075,0.513577422649704,-48.6422577350296,1,1,50,01-Feb-1983,11.6750516572152,0.436166000361377,-56.3833999638623,1,3,01-Feb-1984 | 01-Oct-1989 | 01-Feb-1992,15.486 | 32.294 | 33.94,0.00199 | 1e-06 | 0,2,01-Mar-1984 | 01-Aug-1987,63.048 | 10.276,0 | 0.02342,586,01-Mar-1959,1,1,803,01-Mar-1959,1,1,586,0.00849404286251304,0.00416926528058504,0.490845801942601,-50.9154198057399,1,48.4099295881411,01-May-1994,0.00745347873337681,0.00355307772772385,0.476700592411045,-52.3299407588955,1.76065051427088e-10,1,1,100,01-Jun-1984,-52.9151714858946,1,3,01-Feb-1984 | 01-Nov-1989 | 01-May-1994,1,95.0046882045344,01-Jan-2016,6,6,803,798,120,559,0.0782220861805277,0.073538489857785,5.98756253052804,1.11022302462516e-16,1,1,51.8180350629337,01-Mar-1984,6,798,120,559,0.0104450742540665,0.0046106971504624,0.441423108951797,-55.8576891048203,0.0788871615673999,0.0725487340363882,8.03480237477712,3.20116155805295e-11,1,1,100,01-Aug-1983,7.91893005615308,0.437041288449765,-56.2958711550235,1,1,01-Mar-1984,51.818,0,1,51.1157681526676,01-Mar-1984,-56.8674631610247,0.431325368389753,4.54929427462503e-11,1,1,62.9721300264244,01-Mar-1984,-59.0565663754038,0.409434336245962,1.19237952844742e-13,1,1,64.0222567302903,01-Mar-1984,-61.8872058413052,0.381127941586948,7.03881397612349e-14,1,5,5,1,38.9621091711207,01-Apr-1968,9.66388690263718,2.56023051641296e-05,1,1,81.5706488113655,01-Mar-1984,5,581,88,406,0.0102615184784382,0.00420800897546278,0.410076635763484,-58.9923364236516,0.0348780430000972,0.0295572679824578,15.2553714599888,0,1,1,25.7714651789267,01-Jun-1984,0.00852935735758375,0.00449028476725049,0.526450537713491,-47.3549462286509,1.33835744779986e-05,1,0,Prices,1,50,01-Feb-1983,15.091314700943,0.403047587033017,-59.6952412966983,1,1,01-Mar-1984,81.571,0,1,100,01-Apr-1984,5.16276637563431,0.524263076554227,-47.5736923445773,1,1,01-Jun-1984,25.771,1.3e-05
CPIMEDSL,6,0.00124223602484472,800,490,0,01-Jan-1959,01-Mar-1959,1,1,490,0.00435627759622415,0.00164272214795544,0.377093082722572,-62.2906917277428,1,490,01-Apr-1984,0.00435497601972621,0.00158707775598364,-0.00276789826374258,0.364428586700556,-63.5571413299444,0.00643303839340717,0.00554533279526102,13.7991652444653,74,343,1,45.91517857338,01-Jul-1984,0.0043352197550748,0.0015747640582942,0.363248957899028,-63.6751042100972,490,5,74,343,6.1231442138876e-10,1,down,1980s,1,1,balanced,balanced_sig,10,-11.0476000032085,480,1,01-Sep-1972,490,480,0.00663566428749811,0.00619654384107376,6.61758080877707,72,337,1,27.1114421806692,01-Dec-1993,5,11,490,480,72,337,0.00663566428749811,0.00653686229385741,1.48895407241819,0.0777106728916463,0,1,37.7442736984868,01-Nov-1983,5,480,72,337,0.00368651035041554,0.00142954222326928,0.38777653861955,-61.2223461380451,0.00656105935467036,0.0059732333153222,8.95931598194928,3.59042270359211e-08,1,1,100,01-May-1984,13.5037556994615,0.358557275836581,-64.1442724163419,1,1,100,01-Aug-1983,8.94682381201399,0.382425006843726,-61.7574993156274,1,1,01-Jul-1984,45.915,0,1,01-Nov-1983,37.744,0,586,01-Mar-1959,1,1,803,01-Mar-1959,1,1,586,0.0044625319771399,0.00194748267106101,0.436407555405166,-56.3592444594834,1,36.2098389415684,01-Jul-1984,0.00444904097552841,0.00189947345522098,0.426939977776981,-57.3060022223019,7.6951968464023e-08,1,1,100,01-May-1984,-57.4151978464318,1,1,01-Jul-1984,1,66.5049391654976,01-Nov-2015,6,7,803,797,120,558,0.0236990110948321,0.0207413344919105,12.4801688605757,2.12336703775406e-10,1,1,12.5367761197537,01-May-1983,6,797,120,558,0.00385504103327355,0.00207755192024692,0.538918237786626,-46.1081762213374,0.0267134801792377,0.0261350240883371,2.16540895090927,0.00810998890759362,1,1,100,01-Mar-1983,2.08376060276283,0.537933579990441,-46.2066420009559,1,1,01-May-1983,12.537,0.00811,1,29.8310557236582,01-Nov-1983,-58.8110880599723,0.411889119400277,1.81195380388743e-06,1,1,29.8796240130417,01-Oct-1983,-56.2038206497324,0.437961793502676,1.76901808079943e-06,1,1,21.6702274103949,01-Oct-1983,-52.6901620830473,0.473098379169527,9.97077853164274e-05,1,10,6,1,18.4822596204895,01-Feb-1982,2.28538783336011,0.532571784044297,0,1,37.8723038692747,01-Oct-1983,5,576,87,403,0.00367134864217452,0.00149694576740866,0.407737295829803,-59.2262704170197,0.00678559527497571,0.00610479209640476,10.0330649115141,3.36903538400435e-08,1,1,17.0370562704046,01-Apr-1984,0.00448615626287712,0.00233225301768062,0.51987779315223,-48.012220684777,0.000944172237623109,1,0,Prices,1,100,01-May-1983,10.0482292642236,0.402195984274538,-59.7804015725462,1,2,01-Oct-1983 | 01-Jun-1987,37.872 | 17.914,0 | 0.000618,1,100,01-Apr-1984,3.95944675179155,0.522341388742725,-47.7658611257275,1,1,01-Apr-1984,17.037,0.000944
CPITRNSL,6,0.00124223602484472,800,490,0,01-Jan-1959,01-Mar-1959,1,1,490,0.00590811622367358,0.0023011450626007,0.389488793971267,-61.0511206028733,1,490,01-Apr-1984,0.00590156227110059,0.00223492915320045,-0.00366663311790014,0.378701274431127,-62.1298725568873,0.0137541608215933,0.0121963897816612,11.3258166756815,74,343,1,40.9944779017335,01-Jan-1992,0.00514258166455776,0.0018012497807763,0.350261774779458,-64.9738225220542,490,5,74,343,7.12480963116491e-09,1,down,1990s,1,1,balanced,balanced_sig,10,-10.2660565948469,480,1,01-Sep-1972,490,480,0.0144978764912532,0.0136391341771452,5.92322823708788,72,337,1,25.1703467904832,01-Nov-1993,5,11,490,480,72,337,0.0144978764912532,0.0142877362731705,1.449455154412,0.130238506632942,0,1,32.0571977588306,01-Nov-1983,5,480,72,337,0.00510206520125597,0.00199690258324981,0.391391035684577,-60.8608964315423,0.0153152668540447,0.0142025961159735,7.26510839592326,6.02904386193259e-07,1,1,100,01-May-1984,11.1410146413676,0.371694720522154,-62.8305279477847,1,1,100,01-Sep-1983,7.08939134288972,0.390179436124361,-60.9820563875639,1,3,01-Jun-1984 | 01-Aug-1989 | 01-Jan-1992,26.007 | 19.814 | 40.994,1.2e-05 | 0.000246 | 0,1,01-Nov-1983,32.057,1e-06,586,01-Mar-1959,1,1,803,01-Mar-1959,1,1,586,0.00601753676825444,0.00254666150763601,0.4232066384822,-57.67933615178,1,37.3710004625178,01-Jul-1984,0.00599772698080723,0.00248170014944053,0.413773444070061,-58.6226555929939,4.32231742619749e-08,1,1,100,01-May-1984,-58.8139175391586,1,3,01-Jul-1984 | 01-Sep-2000 | 01-Aug-2003,1,67.2043351861379,01-Feb-2016,6,11,803,793,119,556,0.0350855382341416,0.0316185881163258,9.88142206820172,2.21130426192317e-08,1,1,15.3102933443332,01-Sep-1983,6,793,119,556,0.00508954605720224,0.00262978563257402,0.516703376493194,-48.3296623506806,0.039875298729163,0.0387706581206436,2.77023782573346,0.00216531797353725,1,1,100,01-May-1983,2.65408128190936,0.516532090731758,-48.3467909268242,1,1,01-Sep-1983,15.31,0.002165,1,22.9531878417656,01-Nov-1983,-59.1371610216562,0.408628389783438,5.32798524114364e-05,1,1,24.1664006384834,01-Oct-1983,-58.3831224823236,0.416168775176764,2.94179618894885e-05,1,1,20.2040720822816,01-Nov-1983,-53.9644411686072,0.460355588313928,0.0002036530590388,1,10,10,1,22.5497928521423,01-Mar-1982,2.6122479224817,0.244155921886516,0,1,35.0551218226441,01-Oct-1983,5,576,87,403,0.00509431964099842,0.00198618991250524,0.38988325281371,-61.011674718629,0.0156990686041874,0.0143080279518709,8.86065719813161,1.36496600799951e-07,1,1,21.7276943406415,01-Jul-1984,0.00603351145072258,0.00291805445522783,0.48364115640791,-51.635884359209,9.69510576969146e-05,1,0,Prices,1,100,01-Jun-1983,8.80594990269256,0.385402687618397,-61.4597312381603,1,3,01-Oct-1983 | 01-Jul-1987 | 01-Nov-2003,35.055 | 11.913 | 9.816,0 | 0.010884 | 0.028997,1,100,01-Apr-1984,5.44314453570162,0.483463796241635,-51.6536203758365,1,1,01-Jul-1984,21.728,9.7e-05
CPIULFSL,6,0.00124223602484472,800,490,0,01-Jan-1959,01-Mar-1959,1,1,490,0.0026658971641847,0.00131421322030837,0.49297221136821,-50.702778863179,1,490,01-Apr-1984,0.00266268505262204,0.00129061386879995,-0.00137207118382209,0.484703914767928,-51.5296085232072,0.00231325609082435,0.0020951227760542,9.42970886947572,74,343,1,27.6256837529681,01-Apr-1984,0.00266268505262204,0.00129061386879995,0.484703914767928,-51.5296085232072,490,5,74,343,5.3760265006364e-06,1,down,1980s,1,1,balanced,balanced_sig,2,-11.961067611281,488,1,01-Feb-1975,490,488,0.00300100687060879,0.00291564879523579,2.84431456018883,74,341,1,10.5126537230338,01-Mar-1989,5,3,490,488,74,341,0.00300100687060879,0.00298037691551362,0.68743445065772,0.184084331125144,0,1,33.6251503894539,01-Jan-1983,5,488,74,341,0.00274314596662974,0.00140134343277163,0.510852666908331,-48.9147333091669,0.00235178999433419,0.00213833894643139,9.07611004456319,2.77359963551937e-07,1,1,100,01-Feb-1984,9.23923885682643,0.482407873939699,-51.7592126060301,1,1,100,01-Mar-1983,8.8274933279341,0.506880404515056,-49.3119595484944,1,2,01-Jun-1965 | 01-Apr-1984,8.76 | 27.626,0.047151 | 5e-06,2,01-Aug-1966 | 01-Jan-1983,11.311 | 33.625,0.014442 | 0,586,01-Mar-1959,1,1,803,01-Mar-1959,1,1,586,0.00279888836123533,0.00166699041844389,0.595590178419314,-40.4409821580686,1,17.4840062629165,01-Apr-1984,0.00279961160778885,0.00165027910777372,0.589467161509995,-41.0532838490005,0.000761029439217742,1,1,100,01-Jan-1984,-40.8060606429016,1,5,01-Jan-1960 | 01-Jul-1964 | 01-Apr-1984 | 01-Apr-2000 | 01-Feb-2004,1,79.5233600490938,01-Dec-2011,6,4,803,800,120,561,0.0141769200993825,0.012420216609757,12.3912914604212,3.33066907387547e-15,1,1,5.35704949543411,01-Aug-1980,6,800,120,561,0.00277559759671889,0.00194577549413059,0.701029391447356,-29.8970608552644,0.0156013559262313,0.0154817323746911,0.766750993348613,0.214604022893767,0,1,100,01-Jan-2016,0.786373761828298,1.55938423967568,55.9384239675682,1,0,,,,1,27.3628512394856,01-Oct-1980,-45.3635654991788,0.546364345008212,6.11882713597023e-06,1,1,25.3672170085914,01-Oct-1980,-41.4370884756143,0.585629115243857,1.63228410231531e-05,1,1,16.4028298353176,01-Sep-1980,-36.0618659056815,0.639381340943185,0.00128146526749517,1,2,3,1,15.1579224719516,01-Nov-1999,1.63834204115146,0.0314011164158829,1,1,30.1518131096938,01-Jan-1983,5,584,88,409,0.00275005229124561,0.00153341722948757,0.557595662587572,-44.2404337412428,0.00256451014322238,0.00234852501062783,8.42208143201802,1.54651751682611e-06,1,1,4.70531080107661,01-Apr-1984,0.00278634105409865,0.00199005273112665,0.714217209052468,-28.5782790947532,0.282792672204458,0,0,Prices,1,100,01-Mar-1983,8.13150205768329,0.556147550025203,-44.3852449974797,1,2,01-Aug-1966 | 01-Jan-1983,11.086 | 30.152,0.016053 | 2e-06,1,100,01-Aug-1983,0.972135126508768,0.717560241725026,-28.2439758274974,1,0,,,
CUMFNS,2,0,803,490,0,01-Jan-1959,01-Mar-1959,1,1,490,0.00145897680381555,0.000918733228913227,0.629710648250566,-37.0289351749434,1,490,01-Mar-1992,0.00138446062373498,0.000661731181350385,-0.000722729442384595,0.477970387893861,-52.2029612106139,0.000672819549023382,0.000633461925258058,5.84965520434911,74,343,1,51.146735648002,01-Sep-1992,0.00137883388574031,0.000637951856724461,0.462674919235785,-53.7325080764215,490,5,74,343,4.47935022407364e-11,1,down,1990s,1,1,balanced,balanced_sig,4,-12.9566436143083,486,1,01-Dec-1980,490,486,0.00107645815629694,0.00104135218850384,3.26124778633951,73,341,1,15.4932380194989,01-Nov-1980,5,5,490,486,73,341,0.00107645815629694,0.00104154224112495,3.24359242091712,0.121568123206024,0,1,19.5549004785017,01-Jun-1991,5,486,73,341,0.00137355128010691,0.000824191588040275,0.600044279363292,-39.9955720636708,0.000866614535723281,0.00084229200790557,2.80661433833561,0.00027918638096891,1,1,100,01-Sep-1992,5.67991281517726,0.453487990890988,-54.6512009109012,1,1,100,01-Oct-1984,3.25559137217675,0.649112176187932,-35.0887823812068,1,1,01-Sep-1992,51.147,0,2,01-Jun-1991 | 01-Nov-1992,19.555 | 17.997,0.000279 | 0.000594,586,01-Mar-1959,1,1,803,01-Mar-1959,1,1,586,0.00150150317664664,0.00105184239531979,0.700526253743201,-29.9473746256799,1,14.3640069750609,01-May-1985,0.00150072690269056,0.00102453720348809,0.682693967604139,-31.7306032395861,0.00340440273167653,1,1,100,01-Mar-1985,-31.4418624869431,1,1,01-May-1985,1,127.208989910503,01-Feb-2014,6,3,803,801,121,560,0.0265878063094516,0.0254769445238593,4.1780874009054,0,1,1,1.49331222993795,01-Nov-2015,6,801,121,560,0.00122736825263992,0.00363235725696889,2.95946815404107,195.946815404107,0.0379847207805284,0.0373865526385479,1.57475987631073,0.911544069556309,0,1,50,01-Dec-2015,1.7393796987459,3.34289771653638,234.289771653638,1,0,,,,1,14.8297766301261,01-Jul-1991,-37.0082861472632,0.629917138527368,0.00272528274827311,1,1,25.1419342787861,01-Aug-1983,-35.7208486638815,0.642791513361185,1.82316062523613e-05,1,1,2.20938663833567,01-Jan-1984,-22.0516473318707,0.779483526681293,0.737800330176078,0,4,2,1,22.9170820942224,01-Dec-1999,1.89554138308258,0.00835105134267611,1,1,26.3700893159079,01-Jun-1991,5,582,88,407,0.00137796552069852,0.000819106739517242,0.59443195581702,-40.556804418298,0.000979952523013249,0.000939150885942022,4.16363406522662,9.97236264443924e-06,1,1,0.948117683647319,01-Dec-2015,0.00132797594338621,0.00296717105966681,2.23435603215884,123.435603215884,1,0,0,Output and Income,1,100,01-Oct-1984,5.02127566254308,0.596434177314848,-40.3565822685152,1,2,01-Sep-1983 | 01-Jun-1991,9.832 | 26.37,0.028785 | 1e-05,1,100,01-Dec-2015,1.1608504205937,2.3380851878155,133.80851878155,1,0,,,
CUSR0000SA0L2,6,0.00124223602484472,800,490,0,01-Jan-1959,01-Mar-1959,1,1,490,0.00196968416661916,0.00146967111804499,0.746145571433203,-25.3854428566797,1,490,01-Sep-1992,0.00192695631544304,0.00106413035854717,-0.000862825956895867,0.552233774071059,-44.7766225928941,0.00130344649663692,0.00125017748703935,4.08678144711065,74,343,1,22.0794609572911,01-Sep-1992,0.00192695631544304,0.00106413035854717,0.552233774071059,-44.7766225928941,490,5,74,343,8.16558528842215e-05,1,down,1990s,1,1,balanced,balanced_sig,4,-12.2658798149093,486,1,01-Jun-1968,490,486,0.00214779120238493,0.00202735726273755,5.60733927551467,73,341,1,17.3979747942921,01-Jun-1968,5,5,490,486,73,341,0.00214779120238493,0.00202735726273755,5.60733927551467,0.0644218769153168,0,1,15.9732968240023,01-Feb-1991,5,486,73,341,0.00196983671525506,0.00120923000640568,0.613873219562313,-38.6126780437687,0.00160301898826087,0.00155507065710816,2.99112683654093,0.00157537189699086,1,1,100,01-Jan-1993,3.81934959786531,0.542830834793178,-45.7169165206822,1,1,20,01-Jul-1965,6.75256243236745,0.483636266391914,-51.6363733608086,1,1,01-Sep-1992,22.079,8.2e-05,1,01-Feb-1991,15.973,0.001575,586,01-Mar-1959,1,1,803,01-Mar-1959,1,1,586,0.00201900249475884,0.00149922035323472,0.742554978077822,-25.7445021922178,1,11.0734297609675,01-Nov-1984,0.00205236231745578,0.00144136552012959,0.702295841173108,-29.7704158826892,0.0161445054122342,1,1,100,01-Jan-1985,-28.6597971474115,1,4,01-Nov-1984 | 01-Sep-1997 | 01-Dec-2000 | 01-Mar-2004,1,16.8571843089396,01-Mar-1989,6,1,803,803,121,562,0.0208011095920594,0.0203724016467484,2.06098594603177,0.00102967950091548,1,1,0.887793357789277,01-Jan-2008,6,803,121,562,0.00209781585690804,0.00308493717067716,1.47054716958048,47.0547169580478,0.0275158258312401,0.0273619687938517,0.559158348842485,1,0,1,100,01-Dec-2015,1.02970015313624,1.82115060773176,82.1150607731762,1,0,,,,1,13.5987419885425,01-May-1990,-36.2441408102228,0.637558591897772,0.0049017930937344,1,1,24.8204963738053,01-Sep-1997,-38.7220423798371,0.612779576201629,2.13464523606266e-05,1,1,2.81447652679571,01-Nov-1968,-20.8404310901749,0.791595689098252,0.597518965073871,0,4,0,1,17.6991323580015,01-Jun-1968,5.5886609223361,0.0580399465486204,0,1,22.8893881514788,01-May-1991,5,582,88,407,0.00196813078638491,0.00121311749618466,0.616380529473317,-38.3619470526683,0.00175190402026217,0.00167725260277653,4.26115909446152,5.49683712839366e-05,1,1,0.876681516233225,01-Jun-1969,0.00226842153709865,0.00194149761905369,0.855880438138009,-14.4119561861991,1,0,0,Prices,1,5,01-Oct-1966,7.10989571759943,0.344298556315128,-65.5701443684872,0,1,01-May-1991,22.889,5.5e-05,1,100,01-Dec-2015,0.99395130210653,1.75948612097483,75.9486120974833,1,0,,,
CUSR0000SA0L5,6,0.00124223602484472,800,490,0,01-Jan-1959,01-Mar-1959,1,1,490,0.00205228613999816,0.00163280004028413,0.795600578526341,-20.4399421473659,1,490,01-Mar-1993,0.00206086927172492,0.00101460920146309,-0.00104626007026183,0.492320990653561,-50.7679009346439,0.00111382460866839,0.00103981441356642,6.64469024350757,74,343,1,43.0775871680644,01-Mar-1993,0.00206086927172492,0.0010146092014631,0.492320990653561,-50.7679009346439,490,5,74,343,2.5229608402455e-09,1,down,1990s,1,1,balanced,balanced_sig,7,-12.5062964441859,483,1,01-Mar-1968,490,483,0.001614644751174,0.00154128845696431,4.54318475666853,73,338,1,20.7196032385823,01-Sep-1980,5,8,490,483,73,338,0.001614644751174,0.00156208017964412,3.25548833523011,0.118981132840273,0,1,24.4954654691445,01-Feb-1991,5,483,73,338,0.00180491444925003,0.00110891749705302,0.614387843985513,-38.5612156014487,0.00113528162763276,0.0010952028229704,3.53029624428302,2.50355804114477e-05,1,1,100,01-Oct-1993,6.2806069187099,0.466702809198872,-53.3297190801128,1,1,5,01-Nov-1993,3.46518092639565,0.288081032476758,-71.1918967523242,0,1,01-Mar-1993,43.078,0,1,01-Feb-1991,24.495,2.5e-05,586,01-Mar-1959,1,1,803,01-Mar-1959,1,1,586,0.00212072185959337,0.00168008656990255,0.792223912957964,-20.7776087042036,1,8.51476204557194,01-Dec-1992,0.00209564269032762,0.00147227285565412,0.7025400190831,-29.74599809169,0.0527528272422325,0,1,100,01-Jun-1993,-29.4619263789267,1,0,,1,43.0110006570432,01-Sep-2015,6,8,803,796,120,557,0.00759835770048968,0.00711249587608671,6.39430049958898,2.89034107026076e-05,1,1,3.77279180722904,01-Oct-1975,6,796,120,557,0.00204494328848408,0.00157420433069473,0.769803416828098,-23.0196583171902,0.00890328868574951,0.00887089041455829,0.363891055707047,0.414000858809334,0,1,100,01-Jan-2016,1.00364084886931,1.63170661887775,63.1706618877747,1,0,,,,1,18.2046868814664,01-Mar-1990,-34.4398385047893,0.655601614952107,0.000537189700630658,1,1,13.2139563784511,01-Mar-1990,-29.0412191143683,0.709587808856317,0.00588478243816792,1,1,9.04104687654082,01-Oct-1975,-27.1401301208306,0.728598698791694,0.0414550449340413,1,7,7,1,19.9187675835553,01-Dec-1969,4.26618026503899,0.14932795345921,0,1,20.5973148855313,01-Feb-1991,5,579,87,406,0.00179648386538711,0.00118784638443596,0.661206263703347,-33.8793736296653,0.00121112035602897,0.00116239763405932,4.02294633453289,0.000168189412168007,1,1,4.09041953645671,01-Sep-1984,0.0022721977012318,0.00178952425057964,0.787574184063961,-21.2425815936039,0.364373518845779,0,0,Prices,1,1,01-Oct-1982,4.0777148944008,-0.120945209525842,-112.094520952584,0,1,01-Feb-1991,20.597,0.000168,1,100,01-Nov-1984,0.570670893108858,0.798632233204822,-20.1367766795178,1,0,,,
CUSR0000SAC,6,0.00124223602484472,800,490,0,01-Jan-1959,01-Mar-1959,1,1,490,0.00238801617065295,0.00181427432069312,0.759741220762777,-24.0258779237223,1,490,01-Sep-1992,0.00236059580292962,0.0012488434465175,-0.00111175235641212,0.529037391732893,-47.0962608267107,0.00229824021643274,0.00220980111202254,3.84812274094967,74,343,1,35.7175288618544,01-Sep-1992,0.00236059580292961,0.0012488434465175,0.529037391732893,-47.0962608267107,490,5,74,343,9.82573036267809e-08,1,down,1990s,1,1,balanced,balanced_sig,5,-11.6784100424215,485,1,01-Dec-1971,490,485,0.00380756239392881,0.00345084573186014,9.36863602386268,73,340,1,31.49732622092,01-Dec-1971,5,6,490,485,73,340,0.00380756239392881,0.00345084573186014,9.36863602386268,0.000625302049034993,1,1,30.0015385543362,01-Apr-1991,5,485,73,340,0.00258812343482612,0.00140032999545289,0.541059972878367,-45.8940027121633,0.00277982106016056,0.00266455580374615,4.14649914220554,1.66566200188178e-06,1,1,20,01-Apr-1965,3.83704840962923,0.565949084733039,-43.4050915266961,1,1,10,01-Aug-1965,7.51518559000862,0.410260045778737,-58.9739954221263,0,1,01-Sep-1992,35.718,0,1,01-Apr-1991,30.002,2e-06,586,01-Mar-1959,1,1,803,01-Mar-1959,1,1,586,0.00245077383121771,0.0018276124247019,0.745728716955419,-25.4271283044581,1,16.9679852263671,01-Jan-1992,0.00240833997734351,0.00159889365950963,0.66389864992121,-33.610135007879,0.000976139334384674,1,1,5,01-Jun-1966,-55.09106611889,0,4,01-Jan-1992 | 01-Mar-1998 | 01-Nov-1999 | 01-Jul-2003,1,53.2904493136306,01-Jan-2013,6,3,803,801,121,560,0.0341439616878721,0.0317844999698017,6.910333779189,2.77564193851276e-10,1,1,2.08950856282245,01-May-1969,6,801,121,560,0.003515422577633,0.00259133130255901,0.737132235267092,-26.2867764732908,0.0439531540750296,0.0438654355124148,0.199572850824536,0.767114904053327,0,1,100,01-Dec-2015,1.38408104540943,2.07777015162574,107.777015162574,1,0,,,,1,24.3540811871144,01-Apr-1991,-43.6329990607428,0.563670009392573,2.68325298840022e-05,1,1,23.409588618561,01-May-1991,-37.4413751908809,0.62558624809119,4.2617423465674e-05,1,1,5.81355280335131,01-Mar-1972,-34.2645127938549,0.657354872061451,0.176256942473417,0,12,2,1,58.4736162287636,01-Feb-1968,10.7693609386236,3.81473831190249e-06,1,1,23.6648814495313,01-May-1991,5,574,87,401,0.0024506678126542,0.00153925029625676,0.628094223259769,-37.1905776740231,0.00267276304148611,0.00256476715998566,4.04060815808053,3.76104977084513e-05,1,1,1.91545367962882,01-Jun-1969,0.00304024231682684,0.00235610760280219,0.774973622912172,-22.5026377087828,0.810019332580137,0,0,Prices,1,5,01-May-1967,5.09548311556132,0.399281460766429,-60.0718539233571,0,1,01-May-1991,23.665,3.8e-05,1,100,01-Dec-2015,1.3466599734315,1.96162913304965,96.1629133049648,1,0,,,
CUSR0000SAD,6,0.00124223602484472,800,490,0,01-Jan-1959,01-Mar-1959,1,1,490,0.00118806382453561,0.00157917355619882,1.32919925982603,32.9199259826034,1,490,01-Jun-1966,0.00068581144262417,0.00148480829739019,0.000798996854766025,2.16503867551227,116.503867551227,0.000534365515797241,0.000488275932177636,8.62510440084095,74,343,1,49.7187459099055,01-May-1966,0.000682161997823928,0.00148361352032532,2.17486978907941,117.486978907941,490,5,74,343,9.15093556486113e-11,1,up,1960s-or-earlier,1,1,balanced,balanced_sig,3,-13.5745676932049,487,1,01-Dec-1966,490,487,0.000588972419418683,0.000566505134390541,3.81465825688709,74,340,1,39.1711310067735,01-Aug-1966,5,4,490,487,74,340,0.000588972419418683,0.000567889123138984,3.57967463069127,2.12085351092295e-06,1,1,8.73135303418229,01-Jan-1966,5,487,74,340,0.000782181716826375,0.00104940166094223,1.34163409648601,34.1634096486012,0.000399661362544478,0.00039488724428525,1.19454085549636,0.0477804366223845,1,1,100,01-May-1966,8.38247665856746,2.23646346456449,123.646346456449,1,1,100,01-Oct-1965,0.981913412305399,1.32509142339265,32.5091423392651,1,1,01-May-1966,49.719,0,2,01-Jan-1966 | 01-Apr-1980,8.731 | 13.358,0.04778 | 0.005495,586,01-Mar-1959,1,1,803,01-Mar-1959,1,1,586,0.00126367679595572,0.00159187254210516,1.25971494230155,25.9714942301549,1,64.8485638435884,01-Jun-1966,0.000696193092332928,0.001553754990353,2.23178742717254,123.178742717254,4.64073224293315e-14,1,1,100,01-Jun-1966,128.916158539534,1,1,01-Jun-1966,1,35.2381100540164,01-Jan-2014,6,6,803,798,120,559,0.00217514096343068,0.00200065186655853,8.02196730261291,0.000129003995412491,1,1,3.7003530821376,01-Mar-2001,6,798,120,559,0.0010132546392692,0.00134154383691524,1.32399476392511,32.3994763925109,0.00211307481869805,0.00209295164100836,0.952317329780431,0.426080991356767,0,1,50,01-Jan-2016,1.25917550034584,1.52762054657268,52.7620546572678,1,0,,,,1,13.7227373612491,01-Jan-1966,44.2986011212113,1.44298601121211,0.00462107787787236,1,1,6.96335053008413,01-May-1968,29.0116768479587,1.29011676847959,0.106257853811431,0,1,5.15191359202787,01-Mar-2003,19.3147589729586,1.19314758972959,0.234238892002812,0,3,5,1,41.8094345767445,01-Nov-1966,3.15770312194014,5.97239128263816e-07,1,1,7.13187482455871,01-Jul-2000,5,583,88,408,0.000997821289191548,0.00126887345492637,1.27164399945248,27.1643999452479,0.000506814001006738,0.000501273434604033,1.09321494506842,0.0985593892373655,0,1,3.94062512672546,01-Jun-2011,0.00162129369032067,0.00116100257908794,0.716096402532913,-28.3903597467087,0.387108704311482,0,0,Prices,1,100,01-Aug-2000,1.02583340259049,1.27468867924131,27.4688679241311,1,0,,,,1,100,01-Nov-2011,1.14153667795687,0.731245923543676,-26.8754076456324,1,0,,,
CUSR0000SAS,6,0.00124223602484472,800,490,0,01-Jan-1959,01-Mar-1959,1,1,490,0.00222381222802503,0.00143636572508234,0.645902431410756,-35.4097568589244,1,490,01-Jul-1982,0.00225918742161167,0.00145285453442292,-0.000806332887188744,0.643087209376582,-35.6912790623418,0.00211766123118505,0.00203973471289056,3.67983873657094,74,343,1,18.6193754953533,01-Sep-1991,0.00207814877300516,0.001271940332548,0.612054511722317,-38.7945488277683,490,5,74,343,0.000439481550293941,1,down,1990s,1,1,balanced,balanced_sig,11,-11.8032525634086,479,1,01-Nov-1966,490,479,0.00306972715863033,0.00281376679737993,8.33821209584671,72,336,1,32.6040525212879,01-Dec-1990,5,12,490,479,72,336,0.00306972715863033,0.0030307587651923,1.26944159608688,0.0258366026443154,1,1,32.8248999420062,01-Nov-1992,5,479,72,336,0.00226667983525365,0.00115280656386008,0.508588176384904,-49.1411823615096,0.00271018126551186,0.00262343491763787,3.20075815510458,4.12291717211133e-07,1,1,100,01-May-1983,3.44444353731156,0.642211679613804,-35.7788320386196,1,1,100,01-Aug-1991,3.53933548304212,0.508534478595819,-49.1465521404181,1,2,01-Sep-1991 | 01-Jun-1998,18.619 | 10.57,0.000439 | 0.020427,1,01-Nov-1992,32.825,0,586,01-Mar-1959,1,1,803,01-Mar-1959,1,1,586,0.0022563224333812,0.001461662241622,0.64780734348842,-35.219265651158,1,13.3110086847229,01-Jul-1982,0.00230009763617061,0.00146562418023211,0.637200854948139,-36.2799145051861,0.00561985397572984,1,1,100,01-Mar-1983,-35.9547687132303,1,1,01-Jul-1982,1,100.123959503501,01-Jul-2010,6,12,803,792,119,555,0.00781370256169275,0.00702927032714013,10.0391872912895,3.83026943495679e-14,1,1,1.54866123605458,01-Oct-1982,6,792,119,555,0.00237802349357905,0.00201279628058514,0.846415641401329,-15.3584358598672,0.00741895144385402,0.00739508811194399,0.321653701208729,0.898801172788204,0,1,100,01-Feb-2016,0.577803031063509,1.33238790966406,33.2387909664061,1,0,,,,1,30.901980766604,01-Sep-1991,-43.8580510627053,0.561419489372947,1.06752508011176e-06,1,1,11.5398115082971,01-Aug-2000,-34.4015781123486,0.655984218876514,0.0129733390510941,1,1,1.40237471234323,01-Jun-2016,22.1382023830879,1.22138202383088,0.9317712647042,0,11,11,1,34.8508475965549,01-Aug-2000,2.26370819787289,0.0128995286599335,1,1,16.276568751979,01-Aug-2000,5,575,87,402,0.00214875400404834,0.00131074386326685,0.610001824684147,-38.9998175315853,0.00353051405112834,0.0034781730124382,1.48253307966332,0.00136169994266044,1,1,7.64505205513925,01-Jul-1982,0.0024332534857816,0.00168761797386175,0.693564391759069,-30.6435608240931,0.0782775065541248,0,0,Prices,1,100,01-Oct-1991,2.17145684431893,0.654827653401932,-34.5172346598068,1,1,01-Aug-2000,16.277,0.001362,1,100,01-Mar-1969,1.67294103912755,0.631923060782371,-36.8076939217629,1,0,,,
DDURRG3M086SBEA,6,0.00124223602484472,802,490,0,01-Jan-1959,01-Mar-1959,1,1,490,0.44477194904808,0.436590136054415,0.981604476156432,-1.83955238435684,1,490,01-Aug-1993,0.376825396825399,0.794232008592901,0.417406611767502,2.10769235641754,110.769235641754,68.4623085279092,57.2747195734726,16.341238259408,74,343,1,55.3419046082898,01-Oct-1993,0.378058281004711,0.798582460011022,2.11232632674714,111.232632674714,490,5,74,343,5.48072698336455e-12,1,up,1990s,1,1,balanced,balanced_sig,3,-2.62542414937945,487,1,01-Jan-1982,490,487,33.5156449183286,32.2122541484885,3.8889025498875,74,340,1,41.5405721670107,01-Jun-1993,5,4,490,487,74,340,33.5156449183286,32.5857977005319,2.77436767235877,6.79963800931382e-07,1,1,12.3030761524463,01-Mar-1984,5,487,74,340,0.244785619998562,0.160836510236809,0.657050484574029,-34.294951542597,29.2554114689304,28.4403670140148,2.78596134524085,0.00905656233599506,1,1,100,01-Sep-1993,16.0755495227169,2.1520571987938,115.20571987938,1,1,100,01-Jan-1984,2.63317873750407,0.66035528015731,-33.964471984269,1,4,01-Oct-1979 | 01-Jun-1983 | 01-Dec-1986 | 01-Oct-1993,9.897 | 22.981 | 15.683 | 55.342,0.027931 | 5.3e-05 | 0.001811 | 0,1,01-Mar-1984,12.303,0.009057,586,01-Mar-1959,1,1,803,01-Mar-1959,1,1,586,0.449384978353991,0.390547971179367,0.869072154146913,-13.0927845853087,1,15.193141992461,01-Aug-2000,0.446495881135463,0.273177164132798,0.611824600572112,-38.8175399427888,0.00229030482152959,1,1,100,01-Apr-1993,35.6416558118949,1,5,01-Jun-1983 | 01-Dec-1986 | 01-Oct-1993 | 01-Aug-2000 | 01-May-2006,1,23.0146636279992,01-Oct-2009,6,4,803,800,120,561,51.5307988281236,50.4116845381052,2.17173867952461,0.00333067345339,1,1,5.90407132088452,01-Mar-1984,6,800,120,561,0.245473124004889,0.192230242584987,0.783100974350081,-21.6899025649919,43.2098428650024,42.6797486121304,1.22679051281936,0.169457845461788,0,1,100,01-Nov-1983,1.08899093873452,0.789720252557019,-21.0279747442981,1,0,,,,1,6.81947031043081,01-Mar-1984,-26.4914801628016,0.735085198371984,0.11328308970722,0,1,4.10349912890813,01-Feb-1984,-19.0389062529049,0.809610937470951,0.362443931222412,0,1,3.64128749195593,01-Mar-1984,-16.4082004941792,0.835917995058208,0.43614504280227,0,3,3,1,18.402414229035,01-Mar-1979,2.66531577193461,0.0219371072203237,1,1,8.79287436825989,01-Feb-1984,5,583,88,408,0.243259365777895,0.176274115001144,0.724634442901939,-27.5365557098061,30.0825379200389,29.4287870153109,2.17319066119248,0.0464533051719256,1,1,14.5565401368863,01-Oct-2008,0.441808820948295,0.695548697216345,1.57432053014112,57.4320530141123,0.00310542967833627,1,0,Prices,1,100,01-Nov-1983,2.01689308832227,0.729113972960308,-27.0886027039692,1,2,01-Feb-1984 | 01-Dec-1992,8.793 | 9.821,0.046453 | 0.02893,1,100,01-Jan-2009,7.21004240926618,1.5429700556884,54.2970055688402,1,5,01-Jul-1983 | 01-Mar-1993 | 01-Oct-2008 | 01-Apr-2020 | 01-May-2022,12.55 | 44.845 | 14.557 | 18.916 | 80.217,0.00806 | 0 | 0.003105 | 0.000381 | 0
DMANEMP,5,0,803,490,0,01-Jan-1959,01-Mar-1959,1,1,490,0.10489932885906,0.0825871598639456,0.787299220711957,-21.2700779288043,1,490,01-Nov-1981,0.107162293488824,0.0823107307439105,-0.0248515627449136,0.768094150135883,-23.1905849864117,6.16861900364644,6.09395114298894,1.21044695114682,74,343,1,4.66763652486864,01-May-1993,0.100682754853766,0.0726091449237923,0.721167642157302,-27.8832357842698,490,5,74,343,0.287278648092683,0,,,0,0,,balanced_not_sig,1,-3.88904583114725,489,1,01-May-1979,490,489,9.75704923641507,9.64690652776732,1.12885264775203,74,342,1,3.10876082730107,01-May-1993,5,2,490,489,74,342,9.75704923641507,9.72311310455832,0.347811423663751,0.872317956534649,0,1,6.38694487942358,01-May-1993,5,489,74,342,0.129126026871126,0.0896343723554758,0.694161932550864,-30.5838067449136,7.90547433490538,7.80217137938991,1.30672684698178,0.137169685738975,0,1,100,01-Apr-1982,1.0997420648771,0.772745037843872,-22.7254962156128,1,1,10,01-Oct-1993,1.46101118558437,0.531459961424555,-46.8540038575445,0,0,,,,0,,,,586,01-Mar-1959,1,1,803,01-Mar-1959,1,1,586,0.104141374808164,0.0794676715965111,0.763074923323191,-23.6925076676809,1,14.1254411404386,01-May-1996,0.100135907949088,0.0658997716502566,0.658103301802206,-34.1896698197794,0.00381466134509778,1,1,100,01-May-1996,-33.2656194844248,1,1,01-May-1996,1,5.71037450783619,01-Dec-1994,6,2,803,802,121,561,14.8681865923344,14.7348976559691,0.89647069962093,0.45172307119933,0,1,8.03780463688535,01-Sep-1983,6,802,121,561,0.136128293535765,0.102603678590904,0.753727795492763,-24.6272204507237,12.558754959116,12.3494573481371,1.66654745363139,0.0655391178572309,0,1,100,01-Jan-1983,1.51503159162176,0.758269658296855,-24.1730341703145,1,0,,,,1,4.36417573259831,01-May-1993,-27.1484493534809,0.728515506465191,0.325795236030311,0,1,12.9907567807541,01-May-1996,-33.3715848970692,0.666284151029308,0.00654182452601171,1,1,10.6361126005187,01-May-1996,-27.607054511045,0.72392945488955,0.0198050031139053,1,1,1,1,4.9107375057248,01-May-2000,0.456533952552604,0.573444358509756,0,1,17.7689635281068,01-May-1996,5,585,88,410,0.128722393726635,0.0837669564093576,0.650756670880841,-34.9243329119159,8.75810868971864,8.54393888219049,2.44538878330631,0.000663172363363884,1,1,6.11988626378581,01-May-1996,0.0998336774010212,0.0759357465683461,0.760622552881833,-23.9377447118167,0.154228749629429,0,0,Labor Market,1,100,01-Jun-1996,2.20440198985415,0.657690541332624,-34.2309458667376,1,1,01-May-1996,17.769,0.000663,1,100,01-Jun-1982,1.12020533177195,0.765765864622576,-23.4234135377424,1,0,,,
DNDGRG3M086SBEA,6,0.00124223602484472,802,490,0,01-Jan-1959,01-Mar-1959,1,1,490,0.501828516641552,0.526936649659874,1.05003329262027,5.00332926202685,1,490,01-Aug-1993,0.436710046337375,0.919983888292172,0.483273841954797,2.10662405412458,110.662405412458,92.4186304988562,77.4216291331793,16.2272490781634,74,343,1,49.377075855873,01-Aug-1993,0.436710046337374,0.919983888292172,2.10662405412458,110.662405412458,490,5,74,343,1.08560826994619e-10,1,up,1990s,1,1,balanced,balanced_sig,3,-2.68908589230573,487,1,01-Jan-1982,490,487,31.4484783672236,29.9148489535619,4.87664107545521,74,340,1,17.240935245736,01-Oct-1992,5,4,490,487,74,340,31.4484783672236,30.7142986705407,2.33454759912353,0.0343485631240473,1,1,9.93936138636446,01-Mar-1984,5,487,74,340,0.230973825701995,0.150177141084252,0.650191166154092,-34.9808833845908,28.8403643582484,28.0853830701596,2.61779386248578,0.0273846586361877,1,1,100,01-Sep-1993,15.9684737005476,2.15115545298365,115.115545298365,1,1,100,01-Jan-1984,2.46518292193729,0.654113690227357,-34.5886309772643,1,5,01-Oct-1979 | 01-Jun-1983 | 01-Nov-1986 | 01-May-1989 | 01-Aug-1993,15.149 | 13.462 | 19.371 | 17.134 | 49.377,0.002339 | 0.00523 | 0.000305 | 0.000901 | 0,1,01-Mar-1984,9.939,0.027385,586,01-Mar-1959,1,1,803,01-Mar-1959,1,1,586,0.513662184758454,0.457087836556701,0.889860788120198,-11.0139211879802,1,8.82695163416476,01-Aug-2000,0.513887632441028,0.327233943530874,0.636781122706678,-36.3218877293322,0.0457337155201454,1,1,100,01-Apr-1993,33.6145514465293,1,5,01-Jun-1983 | 01-Nov-1986 | 01-Oct-1993 | 01-Aug-2000 | 01-Feb-2006,1,13.719163341987,01-May-2009,6,4,803,800,120,561,50.2820140845684,49.006871087206,2.53598233996298,0.122289069458859,0,1,7.70256793041394,01-Mar-1984,6,800,120,561,0.231803255147821,0.167122081953182,0.720965207527427,-27.9034792472573,47.7290215525554,46.9466991418152,1.63909165805725,0.076272791275292,0,1,100,01-Feb-1984,1.50503642642078,0.72561719525412,-27.438280474588,1,0,,,,1,4.53174827218325,01-Mar-1984,-24.7855072756688,0.752144927243312,0.303993964604917,0,1,4.41608022723478,01-Apr-1998,-20.0765597062509,0.799234402937491,0.318899049627983,0,1,5.99227657471683,01-Mar-1984,-22.2961868302759,0.777038131697241,0.163070086211836,0,3,3,1,11.1333009994319,01-Jan-1982,3.96941209786952,0.27658346495052,0,1,7.82541734333777,01-Feb-1984,5,583,88,408,0.228923010645072,0.165176608313786,0.721537812421487,-27.8462187578513,29.075239167729,28.4831797597624,2.03630107580914,0.0721555739706097,0,1,8.4857661523259,01-Oct-2008,0.510652168462225,0.749129171404336,1.46700477873277,46.700477873277,0.0534555572676703,0,0,Prices,1,100,01-Dec-1983,1.9598804631186,0.721591007617182,-27.8408992382818,1,0,,,,1,100,01-Mar-2011,5.3040370796649,1.48538840081496,48.5388400814957,1,0,,,
DPCERA3M086SBEA,5,0.00124223602484472,802,490,0,01-Jan-1959,01-Mar-1959,1,1,490,0.182154894443176,0.131873531705744,0.723963701929968,-27.6036298070032,1,490,01-Aug-1993,0.180520960952448,0.0640289315428438,-0.116492029409604,0.354689733563462,-64.5310266436538,9.31618957640306,8.44480418312139,9.3534527838377,74,343,1,39.8728278781659,01-Aug-1993,0.180520960952448,0.0640289315428438,0.354689733563462,-64.5310266436538,490,5,74,343,1.24543595436677e-08,1,down,1990s,1,1,balanced,balanced_sig,2,-5.0758006562814,488,1,01-Jan-1966,490,488,2.93427244097956,2.89077164160352,1.48250717174438,74,341,1,10.1409514447697,01-Jan-1966,5,3,490,488,74,341,2.93427244097956,2.89077164160352,1.48250717174438,0.208986567945751,0,1,29.5546581712756,01-Apr-1992,5,488,74,341,0.0781172216677596,0.0471653192085691,0.603776199429723,-39.6223800570277,1.9911640638486,1.91964235416581,3.59195462500208,2.0768573698593e-06,1,1,100,01-Sep-1993,9.08332164597007,0.337825157038965,-66.2174842961035,1,1,20,01-Aug-1993,3.56746952321514,0.477273594428539,-52.2726405571461,1,5,01-Feb-1960 | 01-Feb-1964 | 01-Apr-1966 | 01-Aug-1993 | 01-May-1998,14.034 | 16.378 | 30.287 | 39.873 | 28.023,0.003984 | 0.001297 | 1e-06 | 0 | 4e-06,1,01-Apr-1992,29.555,2e-06,586,01-Mar-1959,1,1,802,01-Mar-1959,1,1,586,0.182180524680508,0.142456674296619,0.781953364918929,-21.8046635081071,1,15.7964996330799,01-Jun-1966,0.0922175847610746,0.175104761231412,1.8988218102338,89.8821810233797,0.0017149576545028,1,1,100,01-Apr-1970,63.7517888667279,1,5,01-Jun-1966 | 01-Jul-1993 | 01-Dec-2001 | 01-Nov-2002 | 01-May-2006,1,13.3526459112945,01-Feb-2015,6,3,802,800,120,561,4.83205093813464,4.77234951401721,1.23552969291482,0.0646072523843165,0,1,8.62728971263311,01-Mar-1984,6,800,120,561,0.0841738483656685,0.0675663096138427,0.802699542978251,-19.7300457021749,3.14238013736819,3.09073499533071,1.64350396132337,0.0501097501972084,0,1,100,01-Oct-1984,1.32798802303255,0.817336738266022,-18.2663261733978,1,0,,,,1,31.7242207286069,01-Mar-1994,-40.4869474716218,0.595130525283782,7.10881064347468e-07,1,1,11.9402279026832,01-Aug-1984,-25.5476122426491,0.744523877573509,0.0107464121171111,1,1,7.07567868888585,01-Apr-1984,-19.3485790327852,0.806514209672148,0.101065086507221,0,2,2,1,7.74710311748495,01-Jun-1968,0.899205218613057,0.438023868495621,0,1,20.7888291817388,01-Feb-1991,5,584,88,409,0.0795544227094652,0.0547235791402633,0.687876013381622,-31.2123986618378,2.18448501635123,2.10301743309519,3.72937249036916,0.000153216345612828,1,1,34.3184447090249,01-Nov-2015,0.240804139972019,0.102381409990815,0.425164658725184,-57.4835341274816,1.96697276133584e-07,1,0,Orders and Inventories,1,100,01-Dec-1984,3.52307643750417,0.714080812846481,-28.5919187153519,1,3,01-Feb-1991 | 01-Mar-2000 | 01-Dec-2001,20.789 | 13.414 | 14.886,0.000153 | 0.005351 | 0.002652,1,100,01-Oct-2002,8.78696112417007,1.72981629441078,72.9816294410776,1,5,01-Oct-1970 | 01-Jun-2008 | 01-Aug-2012 | 01-Nov-2015 | 01-Sep-2022,39.759 | 31.674 | 109.497 | 34.318 | 61.695,0 | 1e-06 | 0 | 0 | 0
DSERRG3M086SBEA,6,0.00124223602484472,802,490,0,01-Jan-1959,01-Mar-1959,1,1,490,0.279425183643713,0.321960253927198,1.15222346722234,15.2223467222341,1,490,01-Jan-1980,0.257678178781766,0.336434521362448,0.0787563425806819,1.30563838565229,30.5638385652293,14.2058520919513,13.446494007003,5.34538921025764,74,343,1,8.07068909264991,01-Jan-1980,0.257678178781766,0.336434521362448,1.30563838565229,30.5638385652292,490,5,74,343,0.0645686693156994,0,,,0,0,,balanced_not_sig,5,-3.55370630726069,485,1,01-May-1966,490,485,12.8576330793703,12.3965978611375,3.58569275843211,73,340,1,36.2930724834399,01-Aug-1966,5,6,490,485,73,340,12.8576330793703,12.4323769361679,3.30742167378115,8.19364026208858e-05,1,1,7.46886448950853,01-Jun-1991,5,485,73,340,0.157236500273491,0.123097480867751,0.78288107820792,-21.711892179208,8.60797366683656,8.51409664747971,1.09058209272317,0.0847398745087331,0,1,100,01-Feb-1980,4.37311067348699,1.27889429860752,27.8894298607518,1,1,100,01-Mar-1984,1.02222700534552,0.824895857982783,-17.5104142017217,1,0,,,,0,,,,586,01-Mar-1959,1,1,802,01-Mar-1959,1,1,586,0.286548668213032,0.258539882199565,0.902254698344491,-9.77453016555088,1,59.1715359209808,01-Sep-1998,0.301747519879876,0.148837092414568,0.493250424970582,-50.6749575029418,8.03357380618763e-13,1,1,100,01-Apr-1998,-51.5216176291675,1,1,01-Sep-1998,1,63.4063822048612,01-Apr-2015,6,6,802,797,120,558,29.2760724059558,28.0091302277644,4.32756880985746,3.13885140101888e-10,1,1,32.0473346548377,01-Feb-2015,6,797,120,558,0.154926808642416,0.257680702663306,1.66324153270371,66.3241532703708,20.5038814683916,19.3551792941405,5.60236448899647,6.05854168500564e-07,1,1,100,01-Aug-2007,6.28841168447922,1.63109942408258,63.1099424082582,1,1,01-Feb-2015,32.047,1e-06,1,3.5738191381918,01-Mar-1984,-16.5524400537228,0.834475599462772,0.447877886157875,0,1,11.8979585528834,01-Feb-1998,-23.1113309397547,0.768886690602453,0.0109624519001442,1,1,41.5040143057077,01-Apr-2015,76.7949199943357,1.76794919994336,5.52761891814413e-09,1,5,5,1,17.1591043373832,01-Jan-1996,1.42569759567576,0.127937608956356,0,1,20.818195237974,01-Feb-1998,5,581,88,406,0.15338446154655,0.110128266505752,0.71798841548451,-28.201158451549,9.79900231702307,9.62305465695496,1.79556708301261,0.00015104086631279,1,1,19.1180690555655,01-Feb-1974,0.447627965939732,0.296421809661463,0.662205742751499,-33.7794257248501,0.000345113455747503,1,0,Prices,1,100,01-May-1984,2.49084071467938,0.74639122678923,-25.360877321077,1,2,01-Jun-1991 | 01-Feb-1998,8.816 | 20.818,0.045972 | 0.000151,1,100,01-Jan-2008,6.80626825059181,1.50691419478329,50.6914194783293,1,5,01-Apr-1971 | 01-Feb-1974 | 01-Oct-1997 | 01-Feb-2008 | 01-Nov-2012,20.094 | 19.118 | 44.965 | 25.212 | 55.355,0.000215 | 0.000345 | 0 | 1.8e-05 | 0
DTCOLNVHFNM,6,0.00124223602484472,802,490,0,01-Jan-1959,01-Mar-1959,1,1,490,0.25943921364339,0.132923142299271,0.512347923170855,-48.7652076829145,1,490,01-Nov-1985,0.257510706141143,0.119368001869134,-0.138142704272009,0.463545782844879,-53.6454217155121,16.655312366435,14.542545565552,12.6852427285651,74,343,1,47.4968563137151,01-Dec-1991,0.238775729282933,0.0912134546845282,0.382004716134471,-61.7995283865529,490,5,74,343,2.77878942078758e-10,1,down,1990s,1,1,balanced,balanced_sig,4,-3.78593655123505,486,1,01-Mar-1982,490,486,10.3462894793261,9.9748200804243,3.59036347904335,73,341,1,17.3540281386069,01-Feb-1982,5,5,490,486,73,341,10.3462894793261,10.0267813127643,3.08814253844628,0.0654046450703606,0,1,14.5699697325725,01-Apr-1992,5,486,73,341,0.14217457284696,0.098756486733086,0.694614267203669,-30.5385732796331,7.02920886080488,6.88860762715354,2.0002426508527,0.00308557403125698,1,1,100,01-Oct-1985,12.3860885331663,0.460698669378732,-53.9301330621268,1,1,20,01-Oct-1991,2.03392592030711,0.646456212504711,-35.3543787495289,1,5,01-May-1965 | 01-Feb-1971 | 01-Nov-1985 | 01-May-1990 | 01-Dec-1991,26.78 | 22.167 | 17.538 | 32.806 | 47.497,8e-06 | 7.8e-05 | 0.000741 | 0 | 0,1,01-Apr-1992,14.57,0.003086,586,01-Mar-1959,1,1,802,01-Mar-1959,1,1,586,0.257929061822274,0.148742279708376,0.576679024292604,-42.3320975707396,1,19.5277477808198,01-Nov-1985,0.256599440073385,0.140876289492428,0.549012458687123,-45.0987541312877,0.000282891526026341,1,1,100,01-Sep-1985,-45.0929174317309,1,5,01-May-1965 | 01-Feb-1970 | 01-Feb-1971 | 01-Nov-1985 | 01-Apr-2002,1,32.0919138737996,01-Jun-2012,6,5,802,798,120,559,20.9222403733584,20.1397194881952,3.74013906349898,0.000185860630505297,1,1,11.3599628258245,01-Dec-2006,6,798,120,559,0.133071674903677,0.175131491570617,1.31606889067403,31.6068890674029,14.836899022834,14.548800148122,1.94177283453028,0.014116070671608,1,1,100,01-May-2007,1.83165849558889,1.31629018426842,31.6290184268423,1,3,01-Apr-1994 | 01-Jun-1996 | 01-Dec-2006,12.207 | 13.498 | 11.36,0.009477 | 0.005143 | 0.014116,1,14.3638690322764,01-Apr-1994,-33.420265827071,0.66579734172929,0.00340462684020748,1,1,8.36420089207737,01-Apr-1988,-22.42249500199,0.7757750499801,0.0565020537081177,0,1,12.8700130307728,01-Jun-2010,37.2815560678374,1.37281556067837,0.00692696237548307,1,4,4,1,20.1045334182919,01-May-1987,2.8420706627027,0.0244214857796444,1,1,9.87825729828161,01-Feb-1991,5,582,88,407,0.142238670143852,0.110491451225228,0.776803179567719,-22.3196820432281,8.19877841412963,8.06584830694752,1.6213404054562,0.0281713264664905,1,1,22.4111801086307,01-Nov-2007,0.268532236009257,0.498949580546946,1.85806213794662,85.8062137946619,6.94424274638727e-05,1,0,Money and Credit,1,100,01-Apr-1988,1.61414773574427,0.782173211002489,-21.7826788997511,1,1,01-Feb-1991,9.878,0.028171,1,100,01-Jul-2007,15.6590099657359,1.82669185199283,82.6691851992828,1,5,01-Dec-1982 | 01-Aug-1993 | 01-Nov-2007 | 01-Aug-2012 | 01-Jan-2016,24.306 | 57.503 | 22.411 | 90.7 | 27.768,2.7e-05 | 0 | 6.9e-05 | 0 | 5e-06
DTCTHFNM,6,0.00124223602484472,802,490,0,01-Jan-1959,01-Mar-1959,1,1,490,0.219620353649987,0.166286270205382,0.757153275831597,-24.2846724168403,1,490,01-Mar-1993,0.217136747525078,0.105739500362624,-0.111397247162454,0.486971926989978,-51.3028073010022,10.3741163210928,9.53511785985111,8.08742099349545,74,343,1,24.4099836464856,01-Mar-1993,0.217136747525078,0.105739500362624,0.486971926989978,-51.3028073010022,490,5,74,343,2.61071530684998e-05,1,down,1990s,1,1,balanced,balanced_sig,2,-4.72693979216953,488,1,01-Jan-1970,490,488,4.15919021731239,4.11375932325048,1.09230142619606,74,341,1,12.6163207512058,01-Mar-1993,5,3,490,488,74,341,4.15919021731239,4.11582620805746,1.04260702178101,0.0857459956739994,0,1,13.9273220358318,01-Jan-1991,5,488,74,341,0.0924667616785241,0.0671616288120622,0.726332658275204,-27.3667341724796,2.77838672807092,2.72489259234684,1.92536680310251,0.00419228932133719,1,1,100,01-Feb-1993,7.79866070186784,0.482352945757834,-51.7647054242166,1,1,100,01-Mar-1984,1.63255294432787,0.786721822467189,-21.3278177532811,1,3,01-Mar-1993 | 01-May-1997 | 01-Apr-1998,24.41 | 13.956 | 41.784,2.6e-05 | 0.004135 | 0,1,01-Jan-1991,13.927,0.004192,586,01-Mar-1959,1,1,802,01-Mar-1959,1,1,586,0.228493542321764,0.188597717916451,0.825396271597331,-17.4603728402669,1,4.72795925668166,01-Mar-1993,0.226817222289676,0.167451833081053,0.738267717903689,-26.1732282096311,0.280126280801654,0,1,100,01-Feb-1993,-25.2216522225553,1,0,,1,20.3726801464028,01-Jul-2013,6,4,802,799,120,560,6.91581822501026,6.81510874414692,1.4562193161633,0.00998739819505257,1,1,3.50006840087233,01-Mar-1984,6,799,120,560,0.0966006916634784,0.0843180412948597,0.872851320657133,-12.7148679342867,4.3906172650703,4.36242750432611,0.64204550390784,0.460994291836979,0,1,100,01-Sep-2007,0.529433146023267,1.14502709054608,14.5027090546075,1,0,,,,1,6.62291240429902,01-Jul-1991,-20.9214209004437,0.790785790995563,0.123600481559864,0,1,7.84527176022655,01-Jul-1991,-18.9274193394441,0.810725806605559,0.0715106549904454,0,1,4.51837303312066,01-Oct-2009,18.3838143028919,1.18383814302892,0.305685258215792,0,3,3,1,13.5389641708883,01-Jun-1989,1.64901828366619,0.129926672743134,0,1,18.5408826766131,01-Jan-1991,5,583,88,408,0.0922773032477251,0.0676457633918791,0.733070441062621,-26.6929558937379,3.01558664305578,2.93530907535013,2.66208791879725,0.000456510955121225,1,1,8.6168165945953,01-Dec-2001,0.19666203421514,0.301299544925873,1.53206767197508,53.2067671975081,0.0503502056371365,0,0,Money and Credit,1,100,01-Apr-1984,2.36188647169208,0.761717640533329,-23.8282359466671,1,1,01-Jan-1991,18.541,0.000457,1,100,01-Sep-2002,7.57533491792587,1.54835121727392,54.8351217273918,1,0,,,
EXCAUSx,5,0,803,490,0,01-Jan-1959,01-Mar-1959,1,1,490,0.262000477422856,0.167107037809664,0.637811959174265,-36.2188040825735,1,490,01-Mar-1993,0.252210249549751,0.0865024872298573,-0.165707762319894,0.342977683834351,-65.7022316165649,15.4801235776822,13.6236107586357,11.9928811274031,74,343,1,64.0337668823788,01-Jul-1993,0.251226335428484,0.0831716493441898,0.331062622086712,-66.8937377913288,490,5,74,343,6.99440505513849e-14,1,down,1990s,1,1,balanced,balanced_sig,3,-4.33414676154977,487,1,01-Jan-1967,490,487,6.06958194351315,5.88527565716502,3.0365565217405,74,340,1,29.0327511265652,01-Jan-1993,5,4,490,487,74,340,6.06958194351315,5.93071532333523,2.28791078974297,0.00023818460473124,1,1,11.1954621180598,01-Feb-1993,5,487,74,340,0.113081957589916,0.0840817354391491,0.743546868405531,-25.6453131594469,3.61462921852175,3.55727801132667,1.58664149841993,0.0152477463051028,1,1,100,01-Apr-1993,11.8782034677144,0.321430561414545,-67.8569438585455,1,1,100,01-Sep-1984,1.67402438602391,0.799168171128111,-20.0831828871889,1,5,01-Dec-1964 | 01-Mar-1987 | 01-Sep-1990 | 01-Jul-1993 | 01-Oct-1997,34.275 | 11.583 | 16.331 | 64.034 | 29.856,0 | 0.012713 | 0.001326 | 0 | 2e-06,1,01-Feb-1993,11.195,0.015248,586,01-Mar-1959,1,1,802,01-Mar-1959,1,1,586,0.266102417897899,0.177495000039979,0.667017614654227,-33.2982385345773,1,12.5713513957376,01-Mar-1987,0.264870646316558,0.165283826250634,0.624017151576306,-37.5982848423694,0.00797850460414884,1,1,100,01-Jan-1987,-37.4017660193437,1,5,01-Feb-1960 | 01-Dec-1964 | 01-Mar-1987 | 01-Oct-1993 | 01-Aug-2002,1,19.1671099754341,01-Dec-2015,6,4,802,799,120,560,11.6621415496407,11.3963337400065,2.27923669510226,0.0162234090686103,1,1,13.7477667441262,01-Apr-2008,6,799,120,560,0.10843188215869,0.141979195197949,1.30938606221151,30.938606221151,6.90145116770375,6.72616701029536,2.53981594811037,0.0045663737783006,1,1,100,01-Feb-2008,2.30999237974973,1.30141420182505,30.1414201825054,1,1,01-Apr-2008,13.748,0.004566,1,6.65067801975246,01-Feb-1993,-21.0162609432261,0.789837390567739,0.122090551352702,0,1,2.22841297493867,01-Aug-1966,18.4967922389901,1.1849679223899,0.733178263436691,0,1,15.3312490777216,01-Apr-2010,35.5881973444809,1.35588197344481,0.00214368486202443,1,3,3,1,16.214237852213,01-Jan-1967,2.42361179594006,0.0504941834813386,0,1,4.84207235140342,01-Jan-1985,5,583,88,408,0.114544613207536,0.0978590530166739,0.85433134109388,-14.566865890612,4.05121464451601,4.01076670158397,0.998415203371001,0.267033618841198,0,1,41.7498752549094,01-Nov-2015,0.301054311776592,0.133141516555161,0.442250821021169,-55.7749178978831,4.89030893557896e-09,1,1,Interest and Exchange Rates,1,100,01-Jun-1984,0.807633730507343,0.865897393844268,-13.4102606155732,1,0,,,,1,100,01-Oct-2015,6.66026589730715,0.418531777090765,-58.1468222909235,1,5,01-Jun-1965 | 01-Dec-1991 | 01-Feb-1998 | 01-Sep-2002 | 01-Nov-2015,23.275 | 31.075 | 49.008 | 20.989 | 41.75,4.6e-05 | 1e-06 | 0 | 0.000139 | 0
EXJPUSx,5,0,803,490,0,01-Jan-1959,01-Mar-1959,1,1,480,0.211799855867382,0.160196091193245,0.756355997208761,-24.3644002791239,1,480,01-Jun-1993,0.208689216366708,0.100806961788366,-0.107882254578342,0.483048254928652,-51.6951745071348,10.1575723258577,9.39728203164159,7.48496067589555,72,337,1,17.8942530241357,01-Jun-1993,0.208689216366708,0.100806961788366,0.483048254928653,-51.6951745071347,480,5,72,337,0.000624206752783851,1,down,1990s,1,1,balanced,balanced_sig,1,-5.51087961602985,479,1,01-Mar-1975,480,479,1.88712003627228,1.87037601756902,0.887278942591075,72,336,1,6.73770733039788,01-Mar-1993,5,2,480,479,72,336,1.88712003627228,1.87962813876273,0.397001640889593,0.322211414728886,0,1,42.0165619298468,01-Aug-1990,5,479,72,336,0.0634767399368894,0.032807808623708,0.516847724951322,-48.3152275048678,1.39919005095169,1.32368025541962,5.39667899158621,4.28173585476088e-09,1,1,100,01-Feb-1993,7.29053092995919,0.485143789009569,-51.4856210990431,1,1,100,01-Nov-1990,5.17204077597728,0.507202910440904,-49.2797089559096,1,5,01-Aug-1961 | 01-Nov-1970 | 01-Aug-1975 | 01-Jun-1993 | 01-Dec-1997,29.06 | 10.233 | 11.094 | 17.894 | 142.887,3e-06 | 0.023891 | 0.015993 | 0.000624 | 0,2,01-Mar-1965 | 01-Aug-1990,14.781 | 42.017,0.00279 | 0,576,01-Jan-1960,1,0,792,01-Jan-1960,1,0,576,0.223667984892112,0.180732487256377,0.808039144911838,-19.1960855088162,1,3.79851023291516,01-Sep-2000,0.192024639033691,0.259394109095286,1.35083763417347,35.0837634173472,0.409781071763686,0,1,100,01-Sep-2000,37.2474792084327,1,0,,1,9.40035333940132,01-Sep-2011,6,2,792,791,119,554,2.75902585198148,2.74144208877685,0.637317812444698,0.120123565944053,0,1,15.5309085525955,01-May-1990,6,791,119,554,0.0636990700831261,0.0450124610624321,0.706642357630836,-29.3357642369164,2.01267081634835,1.94382268273139,3.42073492881828,0.00194802744048894,1,1,100,01-Oct-1990,3.10116686566951,0.71333048991089,-28.666951008911,1,3,01-Mar-1965 | 01-May-1990 | 01-May-2005,13.874 | 15.531 | 15.498,0.0043 | 0.001948 | 0.001979,1,33.4693139234604,01-Jun-1991,-44.5770088803195,0.554229911196805,2.99625490862709e-07,1,1,33.5272962310943,01-Jun-1991,-39.210087427194,0.60789912572806,2.9113999122643e-07,1,1,15.8636526949349,01-Jun-1991,-28.4898146827905,0.715101853172095,0.00166054929214965,1,1,1,1,3.46759627242383,01-Apr-1967,0.483790903339453,0.816202519203432,0,1,44.7640589777649,01-Jun-1993,5,575,87,402,0.0616834063383018,0.0345504081679893,0.56012484100664,-43.987515899336,1.47387522976177,1.38757471298816,5.8553475240614,1.08776743168448e-09,1,1,23.7166529829237,01-Jan-2015,0.25185184875136,0.118624978683721,0.471010950572108,-52.8989049427892,3.66689939335085e-05,1,1,Interest and Exchange Rates,1,100,01-Sep-1991,6.66641268686651,0.555715805484343,-44.4284194515657,1,2,01-Jan-1966 | 01-Apr-1994,12.047 | 44.764,0.01022 | 0,1,100,01-Aug-2001,6.55954593871985,1.54070112863685,54.0701128636845,1,5,01-May-2002 | 01-Jun-2006 | 01-Aug-2008 | 01-Feb-2013 | 01-Jan-2015,26.065 | 35.874 | 36.866 | 24.29 | 23.717,1.2e-05 | 0 | 0 | 2.8e-05 | 3.7e-05
EXSZUSx,5,0,803,490,0,01-Jan-1959,01-Mar-1959,1,1,480,0.277663466044302,0.290582031547593,1.04652598228832,4.65259822883222,1,480,01-Sep-1970,0.227358857631103,0.303218050266338,0.0758591926352343,1.33365400154463,33.3654001544634,14.7147470001898,14.1719067751897,3.68908976140138,72,337,1,7.17762482946731,01-Sep-1970,0.227358857631103,0.303218050266338,1.33365400154464,33.3654001544638,480,5,72,337,0.0965635881107469,0,,,0,0,,balanced_not_sig,3,-4.316708285085,477,1,01-Mar-1971,480,477,6.04413868441272,5.86032707673792,3.04115469998793,72,334,1,19.8768912075083,01-Mar-1988,5,4,480,477,72,334,6.04413868441272,5.88719200404973,2.59667569785833,0.0122089193211063,1,1,14.90994849144,01-Mar-1984,5,477,72,334,0.113798185341128,0.0786125784928396,0.690806960209304,-30.9193039790696,4.42070891062326,4.28226272097593,3.13176443974034,0.0026227644627721,1,1,100,01-Sep-1970,2.90821959225292,1.29820838759251,29.8208387592509,1,1,100,01-Sep-1983,2.89046411560435,0.698922975623063,-30.1077024376937,1,0,,,,1,01-Mar-1984,14.91,0.002623,576,01-Jan-1960,1,0,792,01-Jan-1960,1,0,576,0.279231022944213,0.227851271597436,0.815995548041086,-18.4004451958914,1,86.8947017958919,01-Jun-1998,0.290356405300705,0.104342469991839,0.359359973077837,-64.0640026922163,0,1,1,100,01-Nov-1997,-64.7990857623733,1,1,01-Jun-1998,1,64.5666714037135,01-Dec-2015,6,6,792,787,119,550,14.9954653186187,14.3958539739329,3.99861779508312,1.79894765750532e-10,1,1,16.0692657266698,01-Aug-2007,6,787,119,550,0.0996639453055965,0.16453531064226,1.65090103685691,65.090103685691,11.8445052777161,11.1965777187521,5.47027962563378,0.0015043853876735,1,1,100,01-Jul-2006,5.76685385348651,1.68405593454505,68.4055934545047,1,2,01-Mar-1984 | 01-Aug-2007,13.407 | 16.069,0.005369 | 0.001504,1,9.9618271369172,01-Jan-1985,-28.0215336196807,0.719784663803193,0.0271008744469952,1,1,12.9979785919734,01-Jan-1985,-29.8992068545827,0.701007931454173,0.00651947192761293,1,1,16.0460277421905,01-Dec-2009,68.7932164576335,1.68793216457633,0.00152127726344309,1,3,5,1,10.8908833859811,01-Mar-1988,1.39634655517702,0.296597068282675,0,1,20.446180238943,01-Mar-1984,5,573,86,402,0.113798185341128,0.0759340604496611,0.667269519474646,-33.2730480525354,4.89850311257926,4.69345764030416,4.18588020794648,0.00018102651900842,1,1,16.9831685176736,01-Jan-2016,0.316930077034556,0.203292530564487,0.641442845900426,-35.8557154099574,0.000969021350922361,1,1,Interest and Exchange Rates,1,100,01-Sep-1984,3.94182933220179,0.670941952859257,-32.9058047140743,1,1,01-Jan-1985,20.446,0.000181,1,100,01-Apr-1974,5.41191416625078,0.676509727120682,-32.3490272879318,1,5,01-Feb-1996 | 01-Aug-2007 | 01-Jul-2008 | 01-May-2013 | 01-Jan-2016,77.073 | 22.257 | 48.034 | 34.569 | 16.983,0 | 7.5e-05 | 0 | 0 | 0.000969
EXUSUKx,5,0,803,490,0,01-Jan-1959,01-Mar-1959,1,1,480,0.273800034911858,0.139581378521993,0.509793136319093,-49.0206863680907,1,480,01-Feb-1985,0.273024709730013,0.130340294339178,-0.142684415390834,0.477393765817272,-52.2606234182728,17.8594977019302,15.5794770106627,12.7664323449653,72,337,1,22.1095614030694,01-Apr-1985,0.272251359864391,0.130054666659448,0.477700705422478,-52.2299294577522,480,5,72,337,8.04645209585564e-05,1,down,1980s,1,1,balanced,balanced_sig,3,-4.43263656289188,477,1,01-Feb-1982,480,477,5.38254177850047,5.15767960981021,4.1776204987099,72,334,1,14.8240187537221,01-Mar-1966,5,4,480,477,72,334,5.38254177850047,5.28966747958498,1.72547288506805,0.0834844346411021,0,1,35.9547212426657,01-Jun-1991,5,477,72,334,0.104324994715135,0.0538298705443479,0.515982490019128,-48.4017509980872,4.04151394829159,3.85217974922844,4.68473451992383,8.73432853820688e-08,1,1,100,01-Mar-1985,12.3453876002967,0.474683847746096,-52.5316152253904,1,1,100,01-Apr-1990,4.68932290352553,0.533048637243821,-46.6951362756179,1,5,01-Feb-1963 | 01-Nov-1965 | 01-Feb-1971 | 01-Apr-1985 | 01-Sep-1997,16.101 | 28.942 | 15.491 | 22.11 | 17.741,0.001482 | 3e-06 | 0.001985 | 8e-05 | 0.000672,1,01-Jun-1991,35.955,0,576,01-Jan-1960,1,0,792,01-Jan-1960,1,0,576,0.272148027141799,0.165082903800535,0.606592322326558,-39.3407677673442,1,13.4022071314777,01-Apr-1985,0.27196004341047,0.158995054833122,0.584626523952822,-41.5373476047178,0.00538166889617753,1,1,100,01-Mar-1985,-41.3279472731436,1,5,01-Mar-1963 | 01-Jun-1966 | 01-Feb-1971 | 01-Apr-1985 | 01-Sep-1998,1,20.1631639978073,01-Mar-2015,6,4,792,789,119,552,7.73113767781212,7.61170683663677,1.54480292749296,0.0108744770967197,1,1,19.0257801244927,01-Apr-1989,6,789,119,552,0.107326066926671,0.0750004907617737,0.698809645312141,-30.1190354687859,5.6068258197424,5.40237989893127,3.646375460626,0.00036091074367417,1,1,100,01-May-1990,3.41471937550306,0.701083235390862,-29.8916764609138,1,2,01-Apr-1989 | 01-Oct-2005,19.026 | 18.358,0.000361 | 0.000499,1,29.6310723554691,01-Apr-1992,-46.0986779099426,0.539013220900574,1.99997823169262e-06,1,1,32.4683169648174,01-Apr-1992,-43.0721472600806,0.569278527399194,4.91902029442493e-07,1,1,16.5777880255421,01-Mar-1990,-28.4939467680231,0.715060532319769,0.00117798774560074,1,3,3,1,15.2006893160569,01-Oct-2000,0.780751840035633,0.073021581041158,0,1,42.1929106112895,01-Jun-1991,5,573,86,402,0.105508916072282,0.0569724013669133,0.539977126936671,-46.0022873063329,4.40825653884223,4.11067832568288,6.75047403746389,3.92147836425494e-09,1,1,17.9432744545905,01-Dec-2015,0.31140745341369,0.190577079910677,0.611986250879822,-38.8013749120178,0.000609587903019682,1,1,Interest and Exchange Rates,1,100,01-Apr-1991,6.7548895087979,0.541814260788755,-45.8185739211245,1,1,01-Apr-1992,42.193,0,1,100,01-Sep-1998,6.89210564075976,1.49455925584677,49.4559255846774,1,5,01-Jul-2007 | 01-Aug-2008 | 01-Aug-2012 | 01-Dec-2015 | 01-Apr-2020,31.661 | 46.395 | 32.747 | 17.943 | 32.074,1e-06 | 0 | 0 | 0.00061 | 1e-06
FEDFUNDS,2,0,803,490,0,01-Jan-1959,01-Mar-1959,1,1,480,0.304296631648929,0.220745627119044,0.725429085175419,-27.4570914824581,1,480,01-Jun-1976,0.344043421847928,0.219503520552688,-0.12453990129524,0.638011095732305,-36.1988904267695,15.5549596802449,13.7507371757683,11.5990175581619,72,337,1,16.2973324395815,01-Aug-1986,0.313584274142736,0.185460141225452,0.591420413961943,-40.8579586038057,480,5,72,337,0.00134817079482585,1,down,1980s,1,1,balanced,balanced_sig,2,-5.14575596895119,478,1,01-Mar-1975,480,478,2.67816901391429,2.61699000623831,2.2843594768713,72,335,1,15.8203244081814,01-Mar-1993,5,3,480,478,72,335,2.67816901391429,2.65185414637924,0.982569337421837,0.023893440334435,1,1,15.0236805240922,01-Apr-1990,5,478,72,335,0.0747001902737474,0.0533312389778165,0.713937123618802,-28.6062876381198,1.82590054677854,1.7882312661125,2.06305215979575,0.00248385753810021,1,1,100,01-Jun-1976,10.9085529762086,0.640766991703638,-35.9233008296362,1,1,100,01-Nov-1990,1.84925422581663,0.712935745108565,-28.7064254891435,1,5,01-Aug-1986 | 01-Dec-1989 | 01-Nov-1991 | 01-Aug-1995 | 01-Dec-1997,16.297 | 14.438 | 14.136 | 33.276 | 103.898,0.001348 | 0.003286 | 0.003795 | 0 | 0,3,01-Jan-1964 | 01-Apr-1990 | 01-Jan-1997,21.667 | 15.024 | 10.722,0.0001 | 0.002484 | 0.019026,576,01-Jan-1960,1,0,792,01-Jan-1960,1,0,576,0.326183639613846,0.259098932082323,0.794334542311989,-20.5665457688011,1,22.9977576264669,01-May-1967,0.468591770099429,0.26048606388018,0.555891247993766,-44.4108752006234,5.2131029869118e-05,1,1,100,01-Jun-1967,-44.5727305201394,1,5,01-May-1961 | 01-Apr-1962 | 01-May-1967 | 01-Oct-2001 | 01-Dec-2006,1,25.7846391904099,01-Jun-2014,6,3,792,790,119,553,3.74095097883925,3.68680213232698,1.44746207096975,0.00027397251491168,1,1,15.6305653023539,01-Jul-1990,6,790,119,553,0.074747836272814,0.055383448339745,0.740937144155009,-25.9062855844991,2.49692876868434,2.42306017652803,2.95837803155407,0.00185710311840648,1,1,100,01-Feb-1991,2.75954757889771,0.743748095188039,-25.6251904811961,1,2,01-Jan-1964 | 01-Jul-1990,21.492 | 15.631,0.000109 | 0.001857,1,10.2579036368858,01-May-1990,-25.320732810418,0.74679267189582,0.0236196721930253,1,1,19.995571546787,01-May-1990,-31.7007206618212,0.682992793381788,0.000225380664574337,1,1,11.4340416442057,01-Mar-1994,-22.530437734644,0.77469562265356,0.0136338517788342,1,2,2,1,12.5505013909657,01-Jan-1991,1.50764206466887,0.0879119989901337,0,1,29.6640330478177,01-Apr-1993,5,574,87,401,0.0727835981046288,0.0464252423615147,0.637853081882225,-36.2146918117775,2.00914227866681,1.92716509595753,4.08020793647679,1.96769984583955e-06,1,1,10.4121057935263,01-Aug-1976,0.393945628532693,0.263525188074964,0.668937967547708,-33.1062032452293,0.0219843548699724,1,0,Interest and Exchange Rates,1,100,01-Jul-1991,4.26645419745319,0.645446816048043,-35.4553183951957,1,2,01-Jan-1966 | 01-Feb-1994,16.672 | 29.664,0.001126 | 2e-06,1,20,01-Nov-1969,7.60630570575151,0.582809470008213,-41.7190529991787,1,5,01-Jun-1962 | 01-Aug-1976 | 01-Jul-1993 | 01-Feb-1998 | 01-Apr-2012,41.068 | 10.412 | 25.698 | 23.518 | 14.743,0 | 0.021984 | 1.4e-05 | 4e-05 | 0.002841
GS1,2,0,803,490,0,01-Jan-1959,01-Mar-1959,1,1,480,0.269115601852793,0.185278534763315,0.688471918713442,-31.1528081286558,1,480,01-Jul-1993,0.263001994576511,0.0920645219977563,-0.170937472578754,0.350052561943494,-64.9947438056506,15.4019495913604,13.512962062849,12.2646001229026,72,337,1,52.2762914881105,01-Aug-1993,0.262741799598873,0.0911984864502141,0.347103074537232,-65.2896925462768,480,5,72,337,2.54498644380874e-11,1,down,1990s,1,1,balanced,balanced_sig,2,-4.78283700896899,478,1,01-Nov-1966,480,478,3.84991980130016,3.7382000094795,2.90187322299384,72,335,1,15.3934272522325,01-Nov-1966,5,3,480,478,72,335,3.84991980130016,3.7382000094795,2.90187322299384,0.0285077949395693,1,1,9.02967036412927,01-Oct-1990,5,478,72,335,0.0867651018155691,0.0628582533173994,0.724464698387758,-27.5535301612242,2.67637860015669,2.63118170912463,1.68873308990798,0.0416722392388605,1,1,100,01-Jun-1993,12.0683207943518,0.338439716713766,-66.1560283286234,1,1,100,01-Dec-1990,1.51443223238724,0.728706204135206,-27.1293795864794,1,4,01-Apr-1961 | 01-Mar-1965 | 01-Aug-1993 | 01-Dec-1997,14.416 | 28.379 | 52.276 | 31.171,0.003321 | 4e-06 | 0 | 1e-06,2,01-Apr-1964 | 01-Oct-1990,16.02 | 9.03,0.00154 | 0.041672,576,01-Jan-1960,1,0,792,01-Jan-1960,1,0,576,0.275720769840174,0.196278533025126,0.711874310879454,-28.8125689120546,1,9.39845559583284,01-Jul-1993,0.264444450052688,0.169738068520077,0.64186663205168,-35.813336794832,0.0351669155863849,1,1,100,01-Dec-1986,-32.8835990583279,1,5,01-May-1961 | 01-Mar-1965 | 01-Jul-1993 | 01-Jul-2002 | 01-Jun-2006,1,19.420422039976,01-Jan-2012,6,3,792,790,119,553,6.45747884256888,6.34554159146739,1.73345130244298,0.00508148008721543,1,1,5.00565161796383,01-Oct-2006,6,790,119,553,0.0787282847732739,0.0951667221729598,1.20879963849113,20.8799638491125,4.48503041449913,4.44213691208447,0.956370379919683,0.249231921730333,0,1,100,01-May-2006,0.763826593161278,1.18917690379157,18.9176903791569,1,0,,,,1,5.57704160986617,01-Aug-1991,-22.5854447163206,0.774145552836794,0.195246530063051,0,1,13.8268976692651,01-Dec-1995,-28.614328753369,0.71385671246631,0.00439760690355417,1,1,5.42531937153626,01-Dec-2009,22.3072374148634,1.22307237414863,0.208414284199774,0,2,2,1,5.16429665541388,01-Mar-1991,0.896252491427773,0.786619493309343,0,1,20.8920109309703,01-Feb-1995,5,574,87,401,0.0857022506552984,0.0570917430642767,0.666163871167216,-33.3836128832784,3.00134113998829,2.91303921302903,2.94208231722728,0.000145707336946965,1,1,45.4988700677504,01-May-2015,0.306234519326131,0.110219775960014,0.359919502878226,-64.0080497121774,7.53781037587942e-10,1,0,Interest and Exchange Rates,1,100,01-May-1991,3.07322693650236,0.690554510406151,-30.9445489593849,1,3,01-Oct-1965 | 01-Dec-1995 | 01-Feb-2006,15.237 | 20.892 | 15.173,0.002243 | 0.000146 | 0.002312,1,100,01-May-2015,9.1777799118466,0.340715502816355,-65.9284497183645,1,5,01-Mar-1965 | 01-May-1993 | 01-Aug-1997 | 01-Aug-2002 | 01-May-2015,27.605 | 23.524 | 108.201 | 21.184 | 45.499,5e-06 | 4e-05 | 0 | 0.000126 | 0
GS10,2,0,803,490,0,01-Jan-1959,01-Mar-1959,1,1,NaN,NaN,NaN,NaN,NaN,0,NaN,,NaN,NaN,NaN,NaN,NaN,NaN,NaN,NaN,NaN,NaN,0,NaN,,NaN,NaN,NaN,NaN,NaN,NaN,NaN,NaN,NaN,0,,,0,0,,balanced_not_sig,NaN,NaN,NaN,0,,NaN,NaN,NaN,NaN,NaN,NaN,NaN,0,NaN,,NaN,NaN,NaN,NaN,NaN,NaN,NaN,NaN,NaN,NaN,0,0,NaN,,NaN,NaN,NaN,NaN,NaN,NaN,NaN,NaN,NaN,NaN,NaN,NaN,0,1,50,01-May-1993,5.0246111046627,0.643995308670771,-35.6004691329229,1,0,NaN,,NaN,NaN,NaN,0,0,,,,NaN,,,,190,01-Mar-1992,0,0,406,01-Mar-1992,0,0,NaN,NaN,NaN,NaN,NaN,0,NaN,,NaN,NaN,NaN,NaN,NaN,0,0,NaN,,NaN,0,NaN,,0,NaN,,NaN,NaN,NaN,NaN,NaN,NaN,NaN,NaN,NaN,NaN,0,0,NaN,,NaN,NaN,NaN,NaN,NaN,NaN,NaN,NaN,NaN,NaN,NaN,NaN,0,0,NaN,,NaN,NaN,NaN,0,NaN,,,,0,NaN,,NaN,NaN,NaN,0,0,NaN,,NaN,NaN,NaN,0,0,NaN,,NaN,NaN,NaN,0,NaN,NaN,0,NaN,,NaN,NaN,0,0,NaN,,NaN,NaN,NaN,NaN,NaN,NaN,NaN,NaN,NaN,NaN,NaN,NaN,0,0,NaN,,NaN,NaN,NaN,NaN,NaN,0,0,Interest and Exchange Rates,0,NaN,,NaN,NaN,NaN,0,NaN,,,,0,NaN,,NaN,NaN,NaN,0,NaN,,,
GS5,2,0,803,490,0,01-Jan-1959,01-Mar-1959,1,1,490,0.0269334661216772,0.0263102928525232,0.976862492694454,-2.31375073055459,1,490,01-Feb-1993,0.0272138717773136,0.0240791395951256,-0.00313473218218799,0.884811238627162,-11.5188761372838,0.222687333119543,0.222016400633639,0.301289021025624,74,343,1,1.22200310204587,01-Feb-1993,0.0272138717773136,0.0240791395951256,0.884811238627162,-11.5188761372838,490,5,74,343,0.968000760700602,0,,,0,0,,balanced_not_sig,6,-6.80186457164967,484,1,01-Mar-1984,490,484,0.492042598543769,0.455592695122478,7.40787556385703,73,339,1,46.2582336473208,01-Feb-1984,5,7,490,484,73,339,0.492042598543769,0.457734266802067,6.97263445141525,2.67648203844395e-06,1,1,6.46916674937828,01-May-1992,5,484,73,339,0.0314914960030189,0.0251675142526914,0.799184460791533,-20.0815539208467,0.274578917350479,0.271623833578128,1.07622384153373,0.132288367673777,0,1,100,01-Dec-1992,0.180784166098281,0.908248311558948,-9.17516884410521,1,1,100,01-Oct-1992,0.8928017598028,0.806140240554997,-19.3859759445003,1,0,,,,0,,,,586,01-Mar-1959,1,1,802,01-Mar-1959,1,1,586,0.0269453331928461,0.0278005769646055,1.03173995903626,3.17399590362641,1,1.87839038531471,01-Nov-1988,0.0260917338762706,0.0293516439451786,1.12494033874356,12.4940338743556,0.819159408181609,0,1,100,01-Dec-1995,11.9378936940452,1,0,,1,9.14568666903073,01-Mar-1984,6,3,802,800,120,561,1.15351125655807,1.13379499631387,1.70923865130132,0.289307250856467,0,1,3.56909274581986,01-Feb-2005,6,800,120,561,0.0313741772325403,0.0391695712095062,1.24846528784445,24.8465287844449,0.866455268750887,0.856010740003741,1.20543196213723,0.448709329321492,0,1,100,01-Sep-2005,1.02113240027115,1.23463526736736,23.4635267367359,1,0,,,,1,4.39343889931759,01-Mar-1971,-15.0205467897627,0.849794532102373,0.321891237031138,0,1,2.93333450788666,01-Mar-1971,-12.1422568685334,0.878577431314666,0.571991452233394,0,1,3.19752429822144,01-Mar-2005,21.4666738225573,1.21466673822557,0.518007596160826,0,6,2,1,50.1246133452351,01-Nov-1983,7.53318519007353,4.64984924897216e-07,1,1,2.0406189896183,01-Feb-1993,5,580,87,407,0.0316300108423505,0.0282197553662763,0.892182917891762,-10.7817082108238,0.347356437505399,0.345921635774986,0.413063232890622,0.779142977596608,0,1,4.05007816478438,01-Nov-1988,0.0261386449104043,0.030783914983336,1.17771656062716,17.7716560627162,0.370380768752862,0,0,Interest and Exchange Rates,1,100,01-Nov-1992,0.274412288366015,0.910028674149958,-8.99713258500422,1,0,,,,1,100,01-Jul-2005,0.71797314631805,1.19135240643309,19.1352406433088,1,0,,,
HOUST,4,0.00124223602484472,802,490,0,01-Jan-1959,01-Mar-1959,1,1,NaN,NaN,NaN,NaN,NaN,0,NaN,,NaN,NaN,NaN,NaN,NaN,NaN,NaN,NaN,NaN,NaN,0,NaN,,NaN,NaN,NaN,NaN,NaN,NaN,NaN,NaN,NaN,0,,,0,0,,balanced_not_sig,NaN,NaN,NaN,0,,NaN,NaN,NaN,NaN,NaN,NaN,NaN,0,NaN,,NaN,NaN,NaN,NaN,NaN,NaN,NaN,NaN,NaN,NaN,0,0,NaN,,NaN,NaN,NaN,NaN,NaN,NaN,NaN,NaN,NaN,NaN,NaN,NaN,0,1,100,01-Dec-1972,5.92051450216219,0.595714908476916,-40.4285091523084,1,0,NaN,,NaN,NaN,NaN,0,4,01-Sep-1972 | 01-Apr-1974 | 01-Sep-1978 | 01-Mar-1993,8.651 | 18.614 | 9.409 | 17.3,0.049563 | 0.000441 | 0.034992 | 0.000832,NaN,,,,478,01-Mar-1968,1,0,694,01-Mar-1968,1,0,478,0.0653520116652268,0.0539417718368287,0.825403387934738,-17.4596612065262,1,10.4481004584689,01-Jan-1992,0.0658015713524583,0.0474715263206504,0.721434539402938,-27.8565460597062,0.021618930127647,1,1,20,01-Feb-1974,-38.1828763836075,1,1,01-Jan-1992,1,10.7864004540942,01-Mar-1979,6,6,694,689,104,482,3.8883433477704,3.84388449463296,1.14338804887014,0.622780751715999,0,1,12.3923690012541,01-May-1999,6,689,104,482,0.0607297621901353,0.0874907010461975,1.44065607851844,44.0656078518436,2.76475250887995,2.65992052092674,3.79173136172277,0.00868266650115168,1,1,100,01-Feb-1999,3.41301591825525,1.42527364409707,42.527364409707,1,4,01-Oct-1962 | 01-Apr-1979 | 01-May-1983 | 01-May-1999,11.363 | 9.883 | 14.457 | 12.392,0.014099 | 0.028103 | 0.003257 | 0.008683,0,NaN,,NaN,NaN,NaN,0,1,16.4605306784218,01-Apr-1992,-32.7216613270893,0.672783386729107,0.00124637828333918,1,1,13.9009350280275,01-Jan-2010,47.7488599435602,1.4774885994356,0.00424529990989697,1,8,5,1,29.5078369289227,01-Jan-2002,1.83602452542322,0.0129024180781392,1,1,20.6503782931407,01-Apr-1983,5,470,71,329,0.0675498578918812,0.045214182290288,0.669345335450696,-33.0654664549304,1.15278169756746,1.09650776233088,4.88157778314194,0.000163900661540484,1,1,9.72957592476181,01-Jun-2010,0.0576889143685189,0.0816841157222305,1.41594128813778,41.5941288137776,0.0301790929387601,1,0,Housing / Construction,1,100,01-Oct-1992,4.56337607712939,0.670082158353044,-32.9917841646956,1,2,01-Sep-1988 | 01-Apr-1992,11.091 | 20.65,0.016015 | 0.000164,1,100,01-Oct-2011,2.98705061729197,1.44024553336814,44.024553336814,1,2,01-Mar-1992 | 01-Jun-2010,11.903 | 9.73,0.010934 | 0.030179
HOUSTMW,4,0.00124223602484472,802,490,0,01-Jan-1959,01-Mar-1959,1,1,490,0.00981275125546185,0.00606016823130015,0.617580948862534,-38.2419051137466,1,490,01-Apr-1979,0.0105804671598998,0.00615838355581253,-0.00442208360408728,0.582052140301794,-41.7947859698206,0.0200610265732903,0.0176659198768277,11.9391033540203,74,343,1,23.3819894249428,01-Jun-1979,0.0105541003165352,0.00614858413537667,0.582577761341116,-41.7422238658884,490,5,74,343,4.31970072997112e-05,1,down,1970s,1,1,balanced,balanced_sig,3,-9.82145305265576,487,1,01-Mar-1984,490,487,0.0251218684048478,0.0237856411872631,5.31898024482437,74,340,1,43.8936059557231,01-Dec-1989,5,4,490,487,74,340,0.0251218684048478,0.0241184560467055,3.99417886429421,2.17587838302613e-07,1,1,6.87631899047157,01-Jun-1969,5,487,74,340,0.00817660045455918,0.00637808954334948,0.780041727463047,-21.9958272536953,0.0152007668493941,0.0149066203743039,1.93507655241708,0.110455841751939,0,1,100,01-Sep-1979,10.8577594275489,0.589374675304457,-41.0625324695543,1,1,20,01-Jul-1965,2.2725649025832,0.684452955054449,-31.5547044945551,1,1,01-Jun-1979,23.382,4.3e-05,0,,,,586,01-Mar-1959,1,1,802,01-Mar-1959,1,1,586,0.00979394162353357,0.00704181934269963,0.718997479603008,-28.1002520396992,1,15.4048770389893,01-Jun-1979,0.0105250654801538,0.00695474443670459,0.660779208435191,-33.9220791564809,0.00206936261848489,1,1,100,01-Sep-1979,-32.8502369192268,1,4,01-Jun-1979 | 01-Feb-1991 | 01-Mar-1994 | 01-Oct-1997,1,32.8886344846984,01-Oct-1980,6,4,802,799,120,560,0.0454482883023653,0.0438315105816421,3.55740068793537,4.08580179129814e-05,1,1,13.0600401090919,01-Oct-2014,6,799,120,560,0.00712012609100307,0.00511258299147694,0.718046692731629,-28.1953307268371,0.0320843251429116,0.0316348461283845,1.40093024405206,0.00633046789852221,1,1,100,01-Dec-2015,1.09666240571865,0.727018154774788,-27.2981845225212,1,1,01-Oct-2014,13.06,0.00633,1,9.11664501924218,01-Sep-1971,-24.6142996712711,0.753857003287289,0.0400395584891107,1,1,5.07130687668305,01-Sep-1971,-18.8272291100085,0.811727708899915,0.242396333562041,0,1,15.8985528425518,01-Nov-2014,-30.1921891831596,0.698078108168404,0.00163295265122687,1,3,3,1,24.9834488785001,01-Oct-1980,4.16592110823803,0.00143122448667177,1,1,4.5068792180477,01-Jun-1969,5,583,88,408,0.00820448284472242,0.00673439503219495,0.8208189546678,-17.91810453322,0.0230090461311708,0.022801819605639,0.900630666523209,0.307145331753107,0,1,17.3354668801341,01-Dec-2009,0.00862656976154365,0.00576877294875414,0.668721532221385,-33.1278467778615,0.000817597678911763,1,0,Housing / Construction,1,20,01-Sep-1966,0.93153540684,0.759864330010001,-24.0135669989999,1,0,,,,1,100,01-Nov-1979,6.42723912362124,0.646395831806829,-35.3604168193171,1,5,01-Jun-1979 | 01-Feb-2005 | 01-Dec-2009 | 01-Jul-2012 | 01-Jun-2020,11.919 | 18.333 | 17.335 | 9.202 | 12.052,0.010852 | 0.000505 | 0.000818 | 0.038506 | 0.010198
HOUSTNE,4,0.00124223602484472,802,490,0,01-Jan-1959,01-Mar-1959,1,1,490,0.00410418304091198,0.00326284319290384,0.795004306674105,-20.4995693325895,1,490,01-Dec-1972,0.0028185714215623,0.00426428883719124,0.00144571741562894,1.51292559222345,51.2925592223452,0.00863418387472961,0.00840476780059624,2.65706727424249,74,343,1,13.7156506943291,01-Aug-1993,0.00398982077954242,0.00260166626972031,0.652075973702932,-34.7924026297068,490,5,74,343,0.00463668392175953,1,down,1990s,1,1,balanced,balanced_sig,3,-10.622170582981,487,1,01-Feb-1982,490,487,0.0112798865419618,0.0104034842776708,7.76960176887212,74,340,1,17.5075769438621,01-Dec-1980,5,4,490,487,74,340,0.0112798865419618,0.0106135736644954,5.90708847103834,0.0310234663189062,1,1,13.351386357829,01-Mar-1993,5,487,74,340,0.00373919672104426,0.00237703304907242,0.635706871396854,-36.4293128603146,0.0106628599524746,0.0105375629507501,1.17507875263245,0.00551313926007058,1,1,100,01-Jul-1972,2.34054340783463,1.49440815429548,49.440815429548,1,1,100,01-Nov-1992,1.18601663115385,0.63042789271312,-36.957210728688,1,3,01-Jul-1961 | 01-Dec-1972 | 01-Aug-1993,11.446 | 13.057 | 13.716,0.013555 | 0.006338 | 0.004637,1,01-Mar-1993,13.351,0.005513,586,01-Mar-1959,1,1,801,01-Mar-1959,1,1,586,0.0041928351342016,0.00342499146854661,0.816867670423868,-18.3132329576132,1,9.57235336098556,01-Dec-1972,0.0028285620169834,0.00420552647170061,1.48680723507194,48.6807235071943,0.0324545302104482,1,1,100,01-May-1972,46.6510416248398,1,3,01-Jul-1961 | 01-Dec-1972 | 01-Apr-1983,1,12.857030139835,01-Mar-2005,6,4,801,798,120,559,0.0162885171729291,0.0156222114957812,4.0906466197872,0.162649798578184,0,1,5.85484906594097,01-Mar-1972,6,798,120,559,0.00287507150022537,0.00368687977323303,1.28236107273994,28.2361072739941,0.0145943028070149,0.0145123977640443,0.561212440591814,0.173123926938592,0,1,100,01-Feb-1988,0.549108013796737,0.832563897051549,-16.7436102948451,1,0,,,,1,13.126525179826,01-Jun-1994,-28.9359092833998,0.710640907166001,0.00613399913854973,1,1,4.47447268126287,01-May-2000,22.4777270047865,1.22477727004786,0.311295413123191,0,1,4.75986410959043,01-Dec-1971,22.3061741411176,1.22306174141118,0.276408558438188,0,3,3,1,14.8780851151157,01-Jul-1979,3.93435772526129,0.0819043296375686,0,1,5.45715008696101,01-Oct-1973,5,583,88,408,0.00291578290433043,0.00383510538319131,1.31529181321954,31.5291813219539,0.0117121805962402,0.0116093559642292,0.87792901728375,0.205585238167936,0,1,9.50763073176604,01-Dec-1972,0.00289902402715526,0.0042904522049901,1.47996434827766,47.9964348277656,0.0334392618307703,1,0,Housing / Construction,1,100,01-Aug-1973,0.715449548189587,1.28883629438344,28.8836294383436,1,0,,,,1,100,01-Feb-1972,1.3464033326031,1.45108850485495,45.108850485495,1,5,01-Jun-1961 | 01-Aug-1964 | 01-Dec-1972 | 01-Dec-1974 | 01-Mar-1983,11.207 | 11.02 | 9.508 | 9.652 | 10.859,0.015164 | 0.016551 | 0.033439 | 0.031275 | 0.017845
HOUSTS,4,0.00124223602484472,802,490,0,01-Jan-1959,01-Mar-1959,1,1,490,0.014507882895302,0.0110813679568452,0.763817025324463,-23.6182974675537,1,490,01-Feb-1987,0.014844014470068,0.00950248628942487,-0.00534152818064316,0.640156091775982,-35.9843908224018,0.0828201517546417,0.0798071806536754,3.63796858268545,74,343,1,20.5561639654404,01-Mar-1992,0.0143172846838431,0.00824741646267281,0.576046131986181,-42.3953868013819,490,5,74,343,0.000171592108014762,1,down,1990s,1,1,balanced,balanced_sig,0,-7.9670514176639,490,1,01-Oct-1982,490,490,0.167748797725934,0.166977268338614,0.45993139609926,74,343,1,3.13566458671153,01-Feb-1991,5,1,490,490,74,343,0.167748797725934,0.167217854736514,0.316510756927914,0.53030007618677,0,1,18.543098667688,01-Mar-1992,5,490,74,343,0.0179277044473635,0.0109507097483987,0.610826097705394,-38.9173902294606,0.127583858877248,0.123915986962677,2.87487143503016,0.00045602130217326,1,1,20,01-Dec-1992,3.32980255191828,0.470035366544253,-52.9964633455747,1,1,20,01-Oct-1992,2.8151030869768,0.52269335191094,-47.730664808906,1,1,01-Mar-1992,20.556,0.000172,1,01-Mar-1992,18.543,0.000456,586,01-Mar-1959,1,1,801,01-Mar-1959,1,1,586,0.0145467216115858,0.0107439171029342,0.738579962537895,-26.1420037462105,1,22.573421407717,01-May-1991,0.0144577985673995,0.00921609608197988,0.637448089971386,-36.2551910028614,6.41497627040799e-05,1,1,100,01-Jul-1991,-36.1907013194322,1,1,01-May-1991,1,1.5547668691236,01-Nov-1970,6,1,801,801,121,560,0.345958512185985,0.345518494390528,0.127188023984811,0.897378969991992,0,1,4.83254279766624,01-Feb-1987,6,801,121,560,0.0187097749032417,0.0142113091466408,0.759566014029306,-24.0433985970694,0.335155661044011,0.331208466317324,1.17771984348737,0.268105419477509,0,1,100,01-Jan-1988,0.943283353217388,0.777745625912508,-22.2254374087492,1,0,,,,1,13.7802398708661,01-Mar-1992,-35.2269040829991,0.647730959170009,0.00449635476787458,1,1,23.2193961643734,01-Mar-1996,-34.8277896882583,0.651722103117417,4.67744483919619e-05,1,1,3.95395227040519,01-Apr-1987,-23.4889360716754,0.765110639283246,0.385038061319379,0,1,0,1,6.66671370115811,01-Jan-1982,2.44688874092691,0.33013694091079,0,1,24.3014109224001,01-Mar-1996,5,585,88,410,0.017419482353105,0.0113409518651985,0.651049878251808,-34.8950121748192,0.129214799865265,0.125260738406809,3.0600685545142,2.75343350092383e-05,1,1,4.79027472898351,01-Feb-1987,0.0148178950623774,0.0112306860580403,0.757913725988992,-24.2086274011008,0.272906447610343,0,0,Housing / Construction,1,100,01-Nov-1991,3.64192853765941,0.657169218789949,-34.2830781210051,1,2,01-Mar-1996 | 01-Jan-2000,24.301 | 8.75,2.8e-05 | 0.047384,1,100,01-Jan-1988,0.930013872171392,0.776248849856083,-22.3751150143917,1,0,,,
HOUSTW,4,0.00124223602484472,802,490,0,01-Jan-1959,01-Mar-1959,1,1,490,0.00337439978481328,0.00352415130481144,1.04437871311874,4.43787131187386,1,490,01-Dec-1977,0.00282150059037219,0.00395662520065924,0.00113512461028705,1.40231237737835,40.231237737835,0.00511710657074937,0.00496021364380082,3.06604767321791,74,343,1,16.9763440451331,01-Jan-1966,0.00240152073197038,0.00364344463303344,1.5171406120005,51.7140612000503,490,5,74,343,0.000972214288166628,1,up,1960s-or-earlier,1,1,balanced,balanced_sig,7,-10.9554300171776,483,1,01-Mar-1970,490,483,0.00761394467088236,0.00735429338899953,3.41020710165922,73,338,1,20.4245077506983,01-Apr-1966,5,8,490,483,73,338,0.00761394467088236,0.00753445088545459,1.04405520218421,0.129497169254523,0,1,35.6574525110031,01-Apr-1966,5,483,73,338,0.00208498172591966,0.00395756747966215,1.89813053537269,89.8130535372689,0.00539578750497016,0.00516407751643644,4.29427564225405,1.01231346305575e-07,1,1,100,01-May-1978,2.76934813625407,1.38578486581412,38.578486581412,1,1,100,01-Jun-1978,5.50427151371407,1.57470413248414,57.4704132484141,1,1,01-Jan-1966,16.976,0.000972,1,01-Apr-1966,35.657,0,586,01-Mar-1959,1,1,803,01-Mar-1959,1,1,586,0.00337388024983154,0.00487068719078708,1.44364554463078,44.3645544630778,1,19.749461266247,01-Jun-1966,0.00254363294699329,0.00438621390775315,1.72438948510157,72.4389485101572,0.00025401296642813,1,1,100,01-Oct-1999,120.871413372718,1,3,01-Jun-1966 | 01-Jan-1978 | 01-Oct-2001,1,28.2445634910396,01-Apr-1970,6,9,803,795,120,556,1.63502898480066,1.63478121708366,0.0151537201665137,0.0198378703377516,1,1,4.97142630425412,01-Dec-1969,6,795,120,556,0.00266187553479018,0.0107886948377268,4.05304256217872,305.304256217872,2.4955304393579,2.48870942485108,0.273329244927026,0.252864591385109,0,1,50,01-Jan-2016,3.55443282232493,7.84369913980727,684.369913980727,1,0,,,,1,46.00951365599,01-Apr-1966,99.3851027519939,1.99385102751994,5.84139847603637e-10,1,1,24.6212641228911,01-Jan-1973,66.537260137797,1.66537260137797,2.35378385475826e-05,1,1,4.4480295297644,01-Jul-1971,331.539865265057,4.31539865265057,0.314718603913692,0,5,8,1,39.6715605814905,01-Feb-2000,9.35713365866157,1.87307065750986e-05,1,1,24.2773284115719,01-Dec-1977,5,581,88,406,0.00291489263360998,0.00504022720683637,1.72912962512593,72.9129625125933,0.0112869452894353,0.0106683975043219,5.48020539881977,2.78612887251173e-05,1,1,3.94013976586927,01-Nov-1974,0.00276335028888078,0.0101682990061658,3.67969961936465,267.969961936465,0.387184293203316,0,0,Housing / Construction,1,100,01-Sep-1999,5.74130816461525,1.77871964344618,77.8719643446183,1,1,01-Dec-1977,24.277,2.8e-05,1,50,01-Dec-2015,1.85241540108304,5.88888271243029,488.888271243029,1,0,,,
HWI,2,0.00124223602484472,802,490,0,01-Jan-1959,01-Mar-1959,1,1,490,0.00180889932791829,0.00162622980977453,0.899016205421463,-10.0983794578537,1,490,01-Apr-1966,0.00120758907985247,0.00185008777804219,0.000642498698189723,1.53205076868384,53.2050768683844,0.0013310452857206,0.00130177491382389,2.19905154322818,74,343,1,16.7586074935416,01-Apr-1966,0.00120758907985248,0.00185008777804219,1.53205076868384,53.2050768683837,490,5,74,343,0.0010797587104252,1,up,1960s-or-earlier,1,1,balanced,balanced_sig,7,-12.1278153853379,483,1,01-Mar-1970,490,483,0.0023574865327896,0.00224850145351737,4.6229353914175,73,338,1,36.1067723557223,01-Apr-1992,5,8,490,483,73,338,0.0023574865327896,0.00227093022032698,3.67155066460562,0.000501836186855953,1,1,23.5797038003242,01-Apr-1966,5,483,73,338,0.00133491784471034,0.00213150581680009,1.59673183278376,59.6731832783759,0.00163282069656728,0.00159089031496992,2.56797220206197,3.92122204078138e-05,1,1,100,01-Jan-1966,1.78279205345324,1.49626973490803,49.6269734908035,1,1,100,01-Nov-1965,2.18261613519379,1.59038385589256,59.0383855892558,1,2,01-Nov-1961 | 01-Apr-1966,10.566 | 16.759,0.020462 | 0.00108,2,01-Apr-1966 | 01-Feb-1988,23.58 | 11.026,3.9e-05 | 0.016504,586,01-Mar-1959,1,1,803,01-Mar-1959,1,1,586,0.00180889932791829,0.0021833074735507,1.20698119561098,20.6981195610976,1,24.8292789528288,01-Jun-1966,0.00121886769592311,0.00212968713827514,1.74726686530339,74.7266865303394,2.12546776880984e-05,1,1,100,01-Sep-1999,87.7522503973292,1,2,01-Aug-1961 | 01-Jun-1966,1,28.1647596619742,01-Oct-1970,6,9,803,795,120,556,0.0092470169790023,0.009168745126363,0.846455162968182,0.0203758917282414,1,1,33.4004865693384,01-Jan-1970,6,795,120,556,0.00137722296273799,0.00285045569593308,2.06971258325975,106.971258325975,0.00893452373401,0.0087088661286024,2.52568141431668,3.10019161009478e-07,1,1,100,01-Sep-1999,4.84904199213028,1.76674555255455,76.6745552554554,1,3,01-Jan-1970 | 01-Jun-1995 | 01-Jan-2000,33.4 | 13.875 | 11.432,0 | 0.004299 | 0.01365,1,27.8929944348599,01-Apr-1966,66.6760250411727,1.66676025041173,4.71278962133059e-06,1,1,16.0271219383966,01-Dec-1966,60.5328506829455,1.60532850682946,0.00153515880004851,1,1,37.9523387328324,01-Dec-1969,98.1585106584332,1.98158510658433,3.23762024967422e-08,1,8,8,1,40.2370498382227,01-Mar-1994,9.50023461218148,0.000226304113374765,1,1,17.3741990299553,01-Jan-1967,5,578,87,405,0.00147845465669563,0.0023435308826306,1.58512191903702,58.5121919037023,0.002701969683493,0.00264666248504828,2.04692150258411,0.000802456770811588,1,1,18.7015126323421,01-Jan-1970,0.0014005931590942,0.00247370850730038,1.76618634129285,76.6186341292851,0.000422337607326129,1,0,Labor Market,1,100,01-Oct-1999,3.72255591037596,1.57055324634854,57.055324634854,1,2,01-Jan-1967 | 01-Jan-2000,17.374 | 9.003,0.000802 | 0.042181,1,100,01-Jul-1999,5.16729208133093,1.81823680963942,81.8236809639415,1,2,01-Jan-1970 | 01-Jan-2000,18.702 | 11.578,0.000422 | 0.012742
HWIURATIO,2,0.00248447204968944,800,490,0,01-Jan-1959,01-Mar-1959,1,1,490,0.00394055707325985,0.00289039947632295,0.733500219026607,-26.6499780973393,1,490,01-Mar-1983,0.0040304515255545,0.00280817023084671,-0.00122228129470779,0.696738371133335,-30.3261628866665,0.00364416783283837,0.00346705902845896,4.8600616794716,74,343,1,14.0128066789181,01-Apr-1993,0.00375325915764225,0.00238008065815146,0.634137041484392,-36.5862958515608,490,5,74,343,0.00402501318803816,1,down,1990s,1,1,balanced,balanced_sig,1,-11.5246091055974,489,1,01-Nov-1968,490,489,0.00471232787501273,0.00459003240081792,2.5952242169582,74,342,1,11.9461810487861,01-Feb-1969,5,2,490,489,74,342,0.00471232787501273,0.004594466984281,2.50111821286216,0.0425196389829695,1,1,17.7734881354855,01-Jul-1993,5,489,74,342,0.00298830237468732,0.00200795336250414,0.671937813091702,-32.8062186908298,0.00328972809233464,0.00322737751011218,1.89531111606892,0.00066172399894493,1,1,20,01-Oct-1993,3.75918031782355,0.51812147823342,-48.187852176658,1,1,20,01-Jan-1991,2.26138716331702,0.63807653257583,-36.192346742417,1,5,01-Jun-1960 | 01-Aug-1967 | 01-Feb-1969 | 01-Feb-1983 | 01-Apr-1993,16.254 | 28.933 | 17.087 | 15.987 | 14.013,0.001377 | 3e-06 | 0.000922 | 0.001565 | 0.004025,4,01-Jan-1966 | 01-Feb-1980 | 01-May-1983 | 01-Jul-1993,16.43 | 14.183 | 10.634 | 17.773,0.001265 | 0.003712 | 0.019821 | 0.000662,586,01-Mar-1959,1,1,801,01-Mar-1959,1,1,586,0.00392490246828856,0.00312220469744491,0.795485931859688,-20.4514068140312,1,13.0474075174066,01-Feb-1969,0.00273468860701415,0.00373530741539147,1.36589862765759,36.5898627657588,0.00636849535579898,1,1,100,01-Sep-1983,-20.7812938338574,1,4,01-Jun-1960 | 01-Aug-1967 | 01-Feb-1969 | 01-Jan-1983,1,6.58156352381578,01-Mar-1969,6,2,801,800,120,561,0.0148195829938483,0.0147487951830125,0.477663985991737,0.339842065350158,0,1,21.5880521022906,01-Jan-1970,6,800,120,561,0.00239961229129814,0.0037645706189095,1.56882452742936,56.8824527429364,0.0131264068416601,0.012923560605828,1.54532948947094,0.000103785941729662,1,1,100,01-Dec-1999,4.1333858370015,1.6010744386874,60.1074438687404,1,5,01-Jan-1970 | 01-Feb-1980 | 01-May-1983 | 01-Aug-1994 | 01-Jan-2000,21.588 | 10.543 | 13.48 | 34.365 | 10.897,0.000104 | 0.020682 | 0.005186 | 0 | 0.017535,1,17.508330480747,01-Aug-1994,-33.9477019206337,0.660522980793663,0.000752144055353066,1,1,15.7546705395942,01-Jan-2000,47.7570062753994,1.47757006275399,0.00174973837235348,1,1,15.8885449103227,01-Feb-1971,51.4642155257908,1.51464215525791,0.00164081936336891,1,1,1,1,41.5258635304853,01-Feb-1999,6.65710909299033,3.44427744103371e-08,1,1,12.9377828063436,01-Jan-2000,5,585,88,410,0.00289266840858566,0.00438891064796441,1.51725328590646,51.7253285906459,0.00461847961343642,0.00444033707317856,3.85716848764677,0.00670811881775268,1,1,16.8653033985714,01-Mar-1969,0.00264262953710242,0.00396506378113986,1.50042362180189,50.0423621801891,0.0010256591443436,1,0,Labor Market,1,100,01-Feb-2000,3.2145523794317,1.48947339349155,48.9473393491547,1,2,01-Nov-1993 | 01-Jan-2000,26.081 | 12.938,1.1e-05 | 0.006708,1,50,01-Oct-2015,1.29146283783476,1.41889727702288,41.8897277022879,1,3,01-Jun-1960 | 01-Aug-1967 | 01-Mar-1969,10.37 | 12.639 | 16.865,0.02242 | 0.007726 | 0.001026
INDPRO,5,0,803,490,0,01-Jan-1959,01-Mar-1959,1,1,490,0.00913594463540182,0.00929767759855455,1.01770292724039,1.77029272403883,1,490,01-May-1992,0.00985481052682858,0.00632523296777595,-0.00352957755905263,0.641842169421344,-35.8157830578656,0.0289060214833021,0.0279828897783703,3.19356195547364,74,343,1,21.6160365968316,01-May-1992,0.00985481052682858,0.00632523296777595,0.641842169421344,-35.8157830578656,490,5,74,343,0.000102378822135818,1,down,1990s,1,1,balanced,balanced_sig,11,-10.3720362386742,479,1,01-Nov-1993,490,479,0.0128430782544705,0.0123196764359454,4.07536112569375,72,336,1,22.2927489837507,01-Mar-1967,5,12,490,479,72,336,0.0128430782544705,0.0125455289004512,2.31680714018667,0.353479194544525,0,1,1.2602011093251,01-Jul-1978,5,479,72,336,0.00422995290987052,0.0047645736176604,1.12638928120035,12.6389281200355,0.00993418090505917,0.0099001367831165,0.342696818872411,0.960890322051112,0,1,100,01-Sep-1992,2.8625054116521,0.642322937285635,-35.7677062714364,1,1,100,01-Oct-1968,0.216213222057813,1.12877815992021,12.8778159920206,1,2,01-Dec-1971 | 01-May-1992,13.22 | 21.616,0.005869 | 0.000102,0,,,,586,01-Mar-1959,1,1,803,01-Mar-1959,1,1,586,0.00914804737939757,0.00834905237546168,0.912659503083104,-8.73404969168961,1,13.207764550766,01-May-1992,0.0098641007562422,0.00638967380456045,0.647770533012544,-35.2229466987456,0.00590209752620374,1,1,100,01-Oct-1992,-35.2240407891004,1,2,01-Dec-1971 | 01-May-1992,1,212.291627404122,01-Nov-1999,6,12,803,792,119,555,0.245414388189066,0.221752556902451,9.64158273735189,0,1,1,41.8175231064528,01-Oct-2008,6,792,119,555,0.00552476690452377,0.0237691892862655,4.30229721851303,330.229721851303,0.264415802248072,0.213522425589846,19.2474792450107,4.72820960162323e-09,1,1,100,01-Jun-2007,20.9114353779278,4.87017984212729,387.017984212729,1,2,01-Oct-2008 | 01-Apr-2023,41.818 | 8.818,0 | 0.045928,1,1.35652074817108,01-Jul-1978,15.0209381342685,1.15020938134268,0.941550870901082,0,1,2.5557972862475,01-Apr-2000,-18.4794856431729,0.815205143568271,0.655560967395605,0,1,70.9841651997437,01-Dec-2007,343.599967760348,4.43599967760348,2.1094237467878e-15,1,11,11,1,115.478140766147,01-Mar-2000,13.4666737455949,0,1,1,0.949949590049571,01-Aug-1999,5,575,87,402,0.00457757184967009,0.00584801416690401,1.27753629193728,27.7536291937283,0.0147161640346121,0.0145828316435384,0.906026806714893,1,0,1,22.6959006134497,01-Jan-2009,0.009398706946344,0.022498390293741,2.39377506099312,139.377506099312,6.04221798734539e-05,1,0,Output and Income,1,100,01-Dec-1998,0.4703901913021,1.19830593454434,19.8305934544338,1,0,,,,1,100,01-Aug-2007,13.494671260667,2.62845300456331,162.845300456331,1,1,01-Jan-2009,22.696,6e-05
INVEST,6,0,803,490,0,01-Jan-1959,01-Mar-1959,1,1,490,0.0198841208897097,0.029502852651043,1.48373935235483,48.3739352354833,1,490,01-Dec-1971,0.0154300888214739,0.0274219704036511,0.0119918815821771,1.77717514921159,77.7175149211593,0.209142906890481,0.193957075248652,7.26098334751623,74,343,1,41.2339699570224,01-Jan-1969,0.0143188252013564,0.026647103868389,1.86098394900894,86.0983949008939,490,5,74,343,6.32360197538873e-09,1,up,1960s-or-earlier,1,1,balanced,balanced_sig,11,-7.82716734141861,479,1,01-Oct-1991,490,479,0.163640820356882,0.149546797591239,8.61277933886315,72,336,1,36.1327690353285,01-Nov-1991,5,12,490,479,72,336,0.163640820356882,0.149688178388288,8.5263823159558,0.00855464113919391,1,1,48.1519058756936,01-Dec-1968,5,479,72,336,0.007830368404072,0.016817279346419,2.14769963283893,114.769963283893,0.130070985955055,0.123359602080226,5.15978550139373,2.00301775166167e-10,1,1,5,01-Apr-1965,7.35551917099087,13.4458674937706,1244.58674937706,0,1,2,01-Jan-1966,6.45551503532485,-3.59734525905973,-459.734525905973,0,1,01-Jan-1969,41.234,0,2,01-Dec-1968 | 01-Dec-1990,48.152 | 10.627,0 | 0.01989,586,01-Mar-1959,1,1,803,01-Mar-1959,1,1,586,0.0198844325507796,0.0360913195764776,1.81505403708704,81.5054037087044,1,32.037361670946,01-Dec-1968,0.0142902080934561,0.0312684110750642,2.18810047205561,118.810047205561,6.0885145958256e-07,1,1,2,01-Aug-2000,4875.47734566995,0,2,01-Dec-1968 | 01-Oct-2001,1,139.164326705226,01-Sep-2008,6,12,803,792,119,555,2.3972868951464,1.77807594884912,25.8296554972601,0,1,1,40.7451375435683,01-Dec-1971,6,792,119,555,0.0121036215087792,0.0334650277397797,2.76487724897101,176.487724897101,2.09869628113014,2.04522565977166,2.54780178719768,8.066867507317e-09,1,1,100,01-May-2000,7.17379366336281,2.57378085684488,157.378085684488,1,4,01-Dec-1971 | 01-Oct-1990 | 01-Apr-1993 | 01-Jun-2001,40.745 | 22.338 | 23.091 | 10.718,0 | 7.2e-05 | 5e-05 | 0.019067,1,43.1231952331482,01-Dec-1968,108.875950007359,2.08875950007359,2.46623010902169e-09,1,1,58.4816289090232,01-Dec-1968,157.206707467518,2.57206707467518,1.13553610958661e-12,1,1,63.1946477068896,01-Aug-1972,142.093015423079,2.42093015423079,1.06581410364015e-13,1,11,11,1,41.0673703350777,01-Mar-1993,12.6035272429384,0.00162049956130994,1,1,42.1803875043624,01-Dec-1968,5,575,87,402,0.00763388820625916,0.0214728516998118,2.81283287358149,181.283287358149,0.459673740001527,0.442994782064139,3.62843392736173,3.94603127951143e-09,1,1,28.8730170695662,01-Mar-1969,0.0146743186896712,0.0362559240991187,2.47070578647294,147.070578647294,2.907188572987e-06,1,0,Money and Credit,1,5,01-Oct-1994,8.53506034521377,4.97801304781602,397.801304781602,0,4,01-Dec-1968 | 01-Mar-1980 | 01-Jul-1987 | 01-Mar-1990,42.18 | 14.897 | 10.229 | 10.605,0 | 0.00264 | 0.023934 | 0.020093,1,100,01-Jun-1999,4.84718401240445,2.03606821682327,103.606821682327,1,3,01-Jul-1962 | 01-Mar-1969 | 01-Jan-1984,8.946 | 28.873 | 10.949,0.043298 | 3e-06 | 0.017112
IPB51222S,5,0,803,490,0,01-Jan-1959,01-Mar-1959,1,1,490,0.0218127065595543,0.0308714931671915,1.41529860509994,41.5298605099938,1,490,01-Dec-1971,0.0164056137014319,0.0294674069429388,0.0130617932415068,1.79617827648635,79.6178276486346,0.232733507406953,0.214717044659536,7.74124145171494,74,343,1,47.3153316224693,01-Dec-1968,0.0151726405939625,0.0285944668084956,1.88460714082121,88.4607140821214,490,5,74,343,3.04261171812925e-10,1,up,1960s-or-earlier,1,1,balanced,balanced_sig,11,-7.60856010323101,479,1,01-Dec-1984,490,479,0.203625219404971,0.191192917984981,6.10548214819327,72,336,1,32.5530602528296,01-Sep-1992,5,12,490,479,72,336,0.203625219404971,0.198094114967147,2.71631601134038,0.0262365761062386,1,1,39.3728935828462,01-Dec-1968,5,479,72,336,0.00886340627720402,0.01959615482596,2.21090562850083,121.090562850083,0.16948036737706,0.159908137636525,5.6479873679049,1.59726128989846e-08,1,1,50,01-Oct-1970,7.52684679107702,1.90706330948328,90.7063309483281,1,1,50,01-Nov-1978,6.14111960664039,1.80843953540291,80.8439535402915,1,1,01-Dec-1968,47.315,0,1,01-Dec-1968,39.373,0,586,01-Mar-1959,1,1,803,01-Mar-1959,1,1,586,0.0219033115452476,0.0377592324636003,1.72390519057348,72.3905190573475,1,40.9161798066639,01-Dec-1968,0.0152188076274124,0.0333462104486453,2.19111846769004,119.111846769004,7.4081499823464e-09,1,1,1,01-Aug-2000,-498.812787347773,0,1,01-Dec-1968,1,3163.37963061062,01-Dec-2008,6,11,803,793,119,556,422.760384726388,383.211716161671,9.35486625368482,0,1,1,1.82055377987596,01-Sep-1970,6,793,119,556,0.0417044103490366,0.0962459796506753,2.30781298297145,130.781298297145,595.89368979622,595.572368240149,0.0539226310957496,0.833391729208391,0,1,100,01-Apr-2005,0.324390744291683,3.04968987917055,204.968987917055,1,0,,,,1,33.7739875673542,01-Dec-1968,118.371091641827,2.18371091641827,2.57638557044082e-07,1,1,46.3537752139122,01-Dec-1968,160.791332574253,2.60791332574253,4.91872209629207e-10,1,1,12.7480415064985,01-Nov-1969,23.4634320976011,1.23463432097601,0.00733875245210402,1,11,10,1,49.668984680622,01-Jun-2000,9.95358750870895,6.99610417839169e-05,1,1,42.290279405361,01-Dec-1968,5,575,87,402,0.0088843491853675,0.0237925271190225,2.67802701386486,167.802701386487,0.62016784289147,0.600812052019221,3.12105683874289,3.73570985257032e-09,1,1,2.6929337566389,01-Dec-1969,0.0153885192299827,0.111598577136845,7.25206730218775,625.206730218775,0.624382211672042,0,0,Output and Income,1,100,01-Aug-2000,7.87796221515004,2.57059198014486,157.059198014486,1,2,01-Dec-1968 | 01-Jan-1980,42.29 | 16.282,0 | 0.001358,1,100,01-Jul-2005,1.12375916165795,9.39479691838248,839.479691838248,1,0,,,
IPBUSEQ,5,0,803,490,0,01-Jan-1959,01-Mar-1959,1,1,490,0.00453887557822298,0.00473709238614517,1.04367090582373,4.36709058237288,1,490,01-Aug-1974,0.00490834165008829,0.00443801024188782,-0.000470331408200467,0.904177125039369,-9.58228749606308,0.00807991360565451,0.00805438668604864,0.315930600891626,74,343,1,1.34474767010735,01-Nov-1968,0.0049971810917269,0.00449714872042433,0.89993711211899,-10.006288788101,490,5,74,343,0.944008039217713,0,,,0,0,,balanced_not_sig,11,-10.3536342008667,479,1,01-Jan-1975,490,479,0.0130816050243049,0.0120960426370811,7.5339561574646,72,336,1,56.3715471806571,01-Jun-1966,5,12,490,479,72,336,0.0130816050243049,0.0124820980524455,4.58282428452467,5.17783824227624e-06,1,1,11.1975107830826,01-May-1966,5,479,72,336,0.00363051445298376,0.0050398409086678,1.38818918749264,38.8189187492637,0.00849590771790113,0.00836890695375586,1.49484632322071,0.0152331179353432,1,1,100,01-Jan-1969,0.194733057037085,0.912926960547999,-8.70730394520012,1,1,100,01-Sep-1966,1.18990740294946,1.34212137407435,34.2121374074349,1,0,,,,2,01-May-1965 | 01-May-1966,12.815 | 11.198,0.00711 | 0.015233,586,01-Mar-1959,1,1,803,01-Mar-1959,1,1,586,0.00453755776766648,0.00474363411880467,1.04541569753814,4.54156975381423,1,2.79513900322859,01-Dec-1997,0.00446808598623355,0.0053019230949627,1.18662064949024,18.662064949024,0.60174248538847,0,1,100,01-Feb-1998,15.5916407976562,1,0,,1,21.7328415358415,01-Jan-1970,6,6,803,798,120,559,0.0477127935089047,0.046972939018431,1.55064173791391,0.0279278190486829,1,1,9.66665774266844,01-Sep-1972,6,798,120,559,0.00458433721900031,0.00639694204362993,1.39539081399097,39.5390813990967,0.0446913461338347,0.0442750135202666,0.931573222971033,0.0310703118842462,1,1,50,01-Jan-2016,4.21057361929864,1.87528186651924,87.5281866519237,1,1,01-Sep-1972,9.667,0.03107,1,14.0684540024692,01-May-1966,42.665672074981,1.42665672074981,0.0039196911267827,1,1,2.87004422022027,01-Mar-1998,17.259829470935,1.17259829470935,0.58549117356853,0,1,7.58427869309508,01-Nov-1978,30.793974724279,1.30793974724279,0.0804509828802189,0,4,5,1,27.0701947272107,01-Sep-1981,4.04683594656847,0.00156434873829558,1,1,2.80306927471329,01-Mar-1998,5,582,88,407,0.00494447084698014,0.00572483663299288,1.15782594541726,15.7825945417264,0.011231550543104,0.0111746243331441,0.506841951531573,0.600008085184352,0,1,3.27993172684663,01-Dec-1997,0.00446825935918371,0.00600099150133699,1.34302667301598,34.3026673015975,0.501966307629217,0,0,Output and Income,1,100,01-Apr-1998,0.281638127279368,1.12080968482175,12.0809684821747,1,0,,,,1,100,01-Dec-2015,2.4872003846407,1.67438890196536,67.4388901965356,1,0,,,
IPCONGD,5,0,803,490,0,01-Jan-1959,01-Mar-1959,1,1,490,0.00195358932584653,0.00243576465331128,1.24681509111738,24.6815091117381,1,490,01-Nov-1986,0.00188792322647043,0.00268253501989413,0.0007946117934237,1.42089200571427,42.0892005714273,0.00234296157147663,0.00227559292548188,2.87536282348392,74,343,1,8.53150763747609,01-Sep-1986,0.00188575815645826,0.00267704706132293,1.41961314188391,41.9613141883914,490,5,74,343,0.0523510886645943,0,,,0,0,,balanced_not_sig,2,-11.7012921080906,488,1,01-Jun-1992,490,488,0.00389122243569681,0.00386235245341865,0.741925776674184,74,341,1,4.61353069854309,01-Jun-1992,5,3,490,488,74,341,0.00389122243569681,0.00386235245341865,0.741925776674184,0.8555918353102,0,1,8.22975186218776,01-Oct-1993,5,488,74,341,0.00233777124329792,0.00361847046198071,1.5478291438285,54.7829143828502,0.0029384495507976,0.00283548054298433,3.50419518978374,0.0600678019050087,0,1,20,01-Oct-1993,2.79810660418226,1.65301786062017,65.3017860620167,1,1,20,01-Oct-1993,3.91130065939168,1.74073259781301,74.0732597813012,1,0,,,,0,,,,586,01-Mar-1959,1,1,803,01-Mar-1959,1,1,586,0.00195275197861053,0.00342011027829437,1.75143096294694,75.1430962946936,1,19.047729164013,01-Dec-1995,0.00199591866576103,0.00475497082991903,2.38234699213357,138.234699213357,0.000357089697307522,1,1,20,01-Aug-2000,233.181769059118,1,1,01-Dec-1995,1,23.2274108137697,01-Nov-2009,6,6,803,798,120,559,0.0132268619133174,0.0128715319191295,2.68642703399033,0.016251245419065,1,1,17.2610588651352,01-Feb-2013,6,798,120,559,0.00341181189416792,0.00201437999850825,0.59041355766172,-40.958644233828,0.0123486853513484,0.012104791370179,1.97506029370793,0.000847485575896201,1,1,100,01-Aug-1996,3.735994377774,1.63830891990217,63.830891990217,1,5,01-Jun-1996 | 01-Jul-1999 | 01-Feb-2010 | 01-Feb-2013 | 01-Aug-2023,26.888 | 11.396 | 11.369 | 17.261 | 21.048,8e-06 | 0.013882 | 0.014056 | 0.000847 | 0.000135,1,8.71357772880213,01-Aug-1994,59.6688547496665,1.59668854749666,0.0481707084595021,1,1,24.7283847530147,01-Jun-1996,142.313764862303,2.42313764862303,2.23331072519706e-05,1,1,14.360779867776,01-Feb-2013,-38.538843238185,0.61461156761815,0.00340964947612576,1,5,5,1,13.1245235818102,01-Jun-1992,2.3206999023327,0.384730217326896,0,1,26.1636769816101,01-Jun-1996,5,581,88,406,0.00231454603591161,0.00552295821188074,2.38619501456815,138.619501456815,0.00788283041947157,0.00679968444028068,13.7405718701672,1.10374323656348e-05,1,1,15.5589150508008,01-Jun-1971,0.00176325426934648,0.00290471890604486,1.64736246867075,64.7362468670752,0.00192203800290769,1,0,Output and Income,1,20,01-Aug-1999,14.9633402098097,3.02811174241205,202.811174241205,1,1,01-Jun-1996,26.164,1.1e-05,1,100,01-Jul-1996,4.01624928122072,1.79061336319599,79.0613363195993,1,5,01-Jun-1971 | 01-Jun-1996 | 01-May-2010 | 01-Jul-2013 | 01-Sep-2023,15.559 | 21.3 | 10.333 | 17.646 | 22.286,0.001922 | 0.000119 | 0.022805 | 0.000704 | 7.4e-05
IPDCONGD,5,0,803,490,0,01-Jan-1959,01-Mar-1959,1,1,490,0.00367046864132136,0.00382253272138602,1.04142906394915,4.14290639491497,1,490,01-May-1975,0.0029276883949557,0.00426042949357125,0.00133274109861555,1.45521958583837,45.5219585838374,0.0199988681958215,0.0197903460773778,1.04266959710862,74,343,1,3.93338190069792,01-May-1975,0.00292768839495571,0.00426042949357124,1.45521958583837,45.5219585838366,490,5,74,343,0.388238049020393,0,,,0,0,,balanced_not_sig,4,-10.2599974017415,486,1,01-Mar-1977,490,486,0.0159637795755515,0.0146137969492626,8.45653512001902,73,341,1,11.1314026540638,01-Mar-1977,5,5,490,486,73,341,0.0159637795755515,0.0146137969492626,8.45653512001902,0.420362180952208,0,1,3.22539657176645,01-Aug-1974,5,486,73,341,0.00350280817567238,0.00445071000331226,1.27061197190963,27.0611971909631,0.0148026289079512,0.0147003383791872,0.69102947456233,0.512539201875503,0,1,100,01-Dec-1974,0.851221017742889,1.41615125297261,41.6151252972605,1,1,100,01-Aug-1974,0.569403935714903,1.2482592410449,24.8259241044901,1,0,,,,0,,,,586,01-Mar-1959,1,1,802,01-Mar-1959,1,1,586,0.00367047696033508,0.00359582719912327,0.979662108761747,-2.03378912382532,1,3.49967834192202,01-May-1975,0.00292763208350844,0.0039859644788829,1.36149774465723,36.1497744657235,0.461064474142752,0,1,100,01-Nov-1974,31.9678387874415,1,0,,1,17.759115619132,01-Feb-1977,6,7,802,796,120,557,0.0276998429591774,0.0269056504726276,2.86713714485744,0.177291269307543,0,1,3.86890047274472,01-Aug-2011,6,796,120,557,0.00416074939657972,0.00278063715696977,0.668302003301509,-33.1697996698491,0.0303876373247618,0.0301308173589804,0.845146212048872,0.398415413404606,0,1,100,01-Aug-2012,0.58278694246144,0.7044475619605,-29.55524380395,1,0,,,,1,3.00399812052236,01-Nov-1972,29.4950737663581,1.29495073766358,0.557174718325931,0,1,2.87967492767459,01-Aug-1998,-20.3473071915918,0.796526928084082,0.583423150454741,0,1,4.25268707399877,01-Sep-2011,-34.9694653767808,0.650305346232191,0.341053093703957,0,4,6,1,10.3703705856423,01-Mar-1977,7.27061260891516,0.500761273753358,0,1,2.51833620945699,01-Aug-1998,5,582,88,407,0.00415204212667164,0.00335290048226517,0.807530458500652,-19.2469541499348,0.0160422599852996,0.0159844982247458,0.360059995329187,0.664228369285109,0,1,2.87612456807846,01-Sep-2011,0.00384157234765654,0.00260009730335632,0.67683153356267,-32.316846643733,0.584184953461649,0,0,Output and Income,1,100,01-Jun-1974,0.302074050288535,1.17998748856372,17.9987488563722,1,0,,,,1,100,01-Sep-2012,0.381205346726767,0.71483232602397,-28.516767397603,1,0,,,
IPDMAT,5,0,803,490,0,01-Jan-1959,01-Mar-1959,1,1,490,0.652060971428571,0.62106609514881,0.952466291285835,-4.75337087141645,1,490,01-Jan-1993,0.669872332558793,0.493021932564545,-0.176850399994248,0.7359938731628,-26.40061268372,232.426182044837,230.269984662704,0.927691262302293,74,343,1,5.55748542825236,01-Jan-1993,0.669872332558792,0.493021932564544,0.735993873162799,-26.4006126837201,490,5,74,343,0.196899248172551,0,,,0,0,,balanced_not_sig,4,-0.19791312962277,486,1,01-Dec-1992,490,486,374.147974397152,366.011506015747,2.17466589108614,73,341,1,14.8545115488354,01-Jul-1965,5,5,490,486,73,341,374.147974397152,367.390886599115,1.80599341982915,0.148815314359291,0,1,3.51160951211376,01-Feb-1970,5,486,73,341,0.572602771880584,0.720774363542434,1.25876855463905,25.8768554639047,351.211854572946,349.141777004928,0.589409936214912,0.458921597298212,0,1,100,01-Oct-1993,0.93069681580404,0.712093890042329,-28.7906109957671,1,1,100,01-Jun-1970,0.472043467745485,1.23131359898828,23.1313598988278,1,0,,,,0,,,,586,01-Mar-1959,1,1,802,01-Mar-1959,1,1,586,0.650239213619809,0.601040801322763,0.92433798013632,-7.56620198636799,1,6.12083079929718,01-Dec-1994,0.672433295551393,0.498235380465127,0.740943947542895,-25.9056052457105,0.154165026225604,0,1,100,01-Feb-1995,-25.3762167324699,1,0,,1,58.8176741383662,01-Oct-2015,6,12,802,791,119,554,2081.40098446308,1812.85600227865,12.9021262211857,1.95050844475908e-06,1,1,9.76936735121445,01-May-1971,6,791,119,554,0.597345688473437,0.993530985342115,1.66324291698022,66.3242916980218,2170.22344265496,2152.54677352141,0.814509178461921,0.0296284264458668,1,1,50,01-Jan-2016,7.98882761685763,3.00273572113005,200.273572113005,1,1,01-May-1971,9.769,0.029628,1,10.6771936885961,01-Sep-1994,-33.2854668639829,0.667145331360171,0.0194290238558237,1,1,4.38593316911312,01-Sep-1994,-24.2919687837188,0.757080312162812,0.322888621312086,0,1,7.69094950105633,01-Jun-1971,63.7214856294672,1.63721485629467,0.0766737146413468,0,5,11,1,9.17641147226339,01-Aug-2000,0.710463972043159,0.792572471944897,0,1,2.98298791995949,01-Sep-1994,5,581,88,406,0.712799937005751,0.575109425612688,0.806831476484892,-19.3168523515108,402.847397321534,400.657914869738,0.543501699738838,0.561551695297289,0,1,2.92099730465601,01-May-1971,0.593104746608818,0.81571755389766,1.37533472554666,37.533472554666,0.574606096776917,0,0,Output and Income,1,100,01-Aug-1978,0.58422613373214,0.823895821725277,-17.6104178274723,1,0,,,,1,50,01-Nov-2015,3.29198483972916,2.46186226406254,146.186226406254,1,0,,,
IPFINAL,5,0,803,490,0,01-Jan-1959,01-Mar-1959,1,1,490,0.0260877122906016,0.0241885068400714,0.927199233517521,-7.28007664824788,1,490,01-Feb-1991,0.0267056889080142,0.0204089342944862,-0.006296754613528,0.764216731677781,-23.5783268322219,0.255601694230161,0.252308066217798,1.28857831802859,74,343,1,4.98085445118939,01-Feb-1991,0.0267056889080142,0.0204089342944862,0.764216731677781,-23.5783268322219,490,5,74,343,0.251859101836201,0,,,0,0,,balanced_not_sig,1,-6.79254974476413,489,1,01-Aug-1982,490,489,0.534986433025756,0.527120407314471,1.4703224653375,74,342,1,9.16755441866749,01-Oct-1990,5,2,490,489,74,342,0.534986433025756,0.527931038116692,1.31879884675971,0.13157963851785,0,1,4.41798831932508,01-Feb-1991,5,489,74,342,0.0321416765215721,0.0254199670747289,0.790872469196437,-20.9127530803563,0.368856222661446,0.365105151946747,1.01694657274165,0.318648010493446,0,1,100,01-Apr-1991,0.934146849425944,0.790518852825665,-20.9481147174335,1,1,100,01-Apr-1991,0.732437364271873,0.814928595953337,-18.5071404046663,1,0,,,,0,,,,586,01-Mar-1959,1,1,803,01-Mar-1959,1,1,586,0.0260973559387377,0.0247412675069466,0.94803732473993,-5.19626752600702,1,3.1589696160058,01-Nov-1969,0.0221374922424496,0.0263605265043073,1.19076389572979,19.0763895729792,0.52564381000885,0,1,100,01-Sep-1968,19.2373427859087,1,0,,1,9.36517878588107,01-Feb-2009,6,2,803,802,121,561,0.97261357851043,0.964203454552979,0.864693249536092,0.12179423180441,0,1,3.36288018901932,01-Nov-1969,6,802,121,561,0.0269351476493464,0.0322106215960415,1.19585836377708,19.5858363777081,0.725405463221438,0.722411693007906,0.412703014426841,0.486206720898931,0,1,100,01-Apr-1969,0.326990123227119,1.18493674812973,18.4936748129726,1,0,,,,1,1.24295540218027,01-May-1989,-11.1204718344365,0.888795281655635,0.96414550073301,0,1,3.69599153103046,01-Jun-1996,20.9377589830103,1.2093775898301,0.426817549902969,0,1,1.33992247181719,01-Jun-1996,9.53206225230539,1.09532062252305,0.945008291665105,0,1,1,1,5.33501183197275,01-Apr-1999,0.611677760496198,0.506800941284422,0,1,3.39656870829733,01-Nov-1969,5,585,88,410,0.0267355719813536,0.0321257023793436,1.20160894263827,20.1608942638268,0.456113032506896,0.453207880592611,0.636936835221943,0.479917121193983,0,1,3.59311820165805,01-Nov-1969,0.022096876171779,0.0266225072081803,1.2048086345427,20.4808634542704,0.444495843009501,0,0,Output and Income,1,100,01-May-1969,0.49985561705752,1.18620580571192,18.6205805711924,1,0,,,,1,100,01-Mar-1969,0.386963553780363,1.20188721790664,20.1887217906638,1,0,,,
IPFPNSS,5,0,803,490,0,01-Jan-1959,01-Mar-1959,1,1,490,0.105529486966868,0.0698941692029974,0.662318857145034,-33.7681142854966,1,490,01-Mar-1991,0.104932101313135,0.0425581771194752,-0.0623739241936602,0.405578241423702,-59.4421758576298,4.4944937074372,4.17352692784359,7.14133338450323,74,343,1,64.7770094202075,01-Mar-1991,0.104932101313135,0.0425581771194752,0.405578241423702,-59.4421758576298,490,5,74,343,4.81836792687318e-14,1,down,1990s,1,1,balanced,balanced_sig,1,-4.08608591056508,489,1,01-Jul-1982,490,489,8.01207631592493,7.89172735511404,1.50209453911075,74,342,1,10.1679945198194,01-Oct-1990,5,2,490,489,74,342,8.01207631592493,7.95433121558442,0.720725790214183,0.0885036235820155,0,1,65.3027157299715,01-Feb-1991,5,489,74,342,0.126103397269328,0.0523484573044451,0.415123291188109,-58.4876708811891,6.56528944047991,6.11366440594385,6.87898132489728,3.69704267200177e-14,1,1,100,01-Jun-1991,6.63700002148094,0.402009132472135,-59.7990867527865,1,1,100,01-Jun-1991,6.48538186077455,0.405463609348883,-59.4536390651116,1,3,01-Oct-1973 | 01-May-1983 | 01-Mar-1991,19.423 | 9.873 | 64.777,0.000298 | 0.028235 | 0,3,01-Oct-1973 | 01-Oct-1982 | 01-Feb-1991,19.345 | 9.592 | 65.303,0.000309 | 0.03216 | 0,586,01-Mar-1959,1,1,802,01-Mar-1959,1,1,586,0.105547972477506,0.0601227680811528,0.569625040348034,-43.0374959651966,1,72.5844720215581,01-Apr-1991,0.104870940346098,0.0414423501603754,0.39517477409477,-60.482522590523,9.99200722162641e-16,1,1,100,01-Jun-1991,-60.7218921495956,1,5,01-Oct-1973 | 01-Apr-1991 | 01-Jan-1999 | 01-Feb-2001 | 01-Jun-2003,1,6.28488211319253,01-Nov-2012,6,2,802,801,121,560,9.90286416818267,9.87932370965541,0.237713636453701,0.375367902808254,0,1,46.4160285435897,01-Feb-1991,6,801,121,560,0.126184566174708,0.0595564192588185,0.471978634664084,-52.8021365335916,8.82471303939695,7.93743852133496,10.0544291253534,4.76814476790821e-10,1,1,100,01-Mar-1991,9.59388554473543,0.47297079817945,-52.702920182055,1,3,01-Oct-1973 | 01-Oct-1982 | 01-Feb-1991,19.717 | 9.277 | 46.416,0.000258 | 0.037192 | 0,1,58.1847223087223,01-May-1990,-51.0917634296377,0.489082365703623,1.31794575253252e-12,1,1,64.8100105292848,01-May-1990,-52.4198483723032,0.475801516276968,4.74065231514942e-14,1,1,60.8066690199757,01-Jun-1990,-49.986342736599,0.50013657263401,3.53606033343112e-13,1,1,1,1,5.73203948052911,01-Oct-1990,0.328558336515615,0.448665664365148,0,1,68.6906835015075,01-Apr-1991,5,585,88,410,0.125853168818678,0.0519360039761506,0.412671404809656,-58.7328595190344,7.07275745073069,6.35359755518622,10.1680271174882,6.77236045021345e-15,1,1,44.7085648706105,01-Apr-1991,0.104858198654691,0.0491477581959702,0.468706871055633,-53.1293128944367,1.11831377491711e-09,1,0,Output and Income,1,100,01-May-1991,9.84866319304474,0.408888949905431,-59.1111050094569,1,5,01-Oct-1973 | 01-Nov-1982 | 01-Apr-1991 | 01-Feb-2001 | 01-Jun-2003,19.197 | 9.993 | 68.691 | 15.017 | 8.849,0.000332 | 0.026715 | 0 | 0.002492 | 0.045273,1,100,01-Feb-1991,9.91122028613002,0.469395739173277,-53.0604260826723,1,3,01-Oct-1973 | 01-May-1983 | 01-Apr-1991,19.296 | 10.06 | 44.709,0.000317 | 0.025897 | 0
IPFUELS,5,0,803,490,0,01-Jan-1959,01-Mar-1959,1,1,490,0.0285805198709891,0.0261854885338677,0.916200567801692,-8.37994321983079,1,490,01-Mar-1991,0.0292188475781698,0.0218604990710662,-0.00735834850710367,0.74816431457751,-25.183568542249,0.296054574612495,0.291587587960455,1.50883892197454,74,343,1,6.08530099246126,01-Mar-1991,0.0292188475781698,0.0218604990710662,0.74816431457751,-25.183568542249,490,5,74,343,0.156579245584456,0,,,0,0,,balanced_not_sig,1,-6.6979660490541,489,1,01-Jun-1982,490,489,0.588057706538124,0.579651922027703,1.42941490553807,74,342,1,6.8566333585548,01-Jul-1982,5,2,490,489,74,342,0.588057706538124,0.579679827234698,1.42466958774273,0.309270829610754,0,1,5.28822122179049,01-Feb-1991,5,489,74,342,0.0336553070816027,0.026192353179968,0.778253281613519,-22.1746718386481,0.408646441930325,0.404022447544399,1.13153912807458,0.22101610962959,0,1,100,01-Sep-1991,1.23373125092587,0.758923662509238,-24.1076337490762,1,1,100,01-Jun-1991,0.816720907581315,0.801906681240529,-19.8093318759471,1,0,,,,0,,,,586,01-Mar-1959,1,1,800,01-Mar-1959,1,1,586,0.0286028633632987,0.0272475599460605,0.952616512548978,-4.73834874510223,1,4.92874286158288,01-Nov-1969,0.0235458866670223,0.0291762169949291,1.23912160996648,23.9121609966483,0.257462583936095,0,1,100,01-May-1969,23.347623018388,1,0,,1,11.8092472125936,01-Dec-2008,6,2,800,799,120,560,1.24798719382854,1.192241700752,4.46683213996217,0.0450383686039616,1,1,6.96578610128856,01-Nov-1969,6,799,120,560,0.0279392916881954,0.0359852261570068,1.28797918567889,28.7979185678887,0.910908046580963,0.903949177073973,0.763948626111103,0.106142598470842,0,1,100,01-Dec-1997,0.893029634523683,1.20684670478085,20.6846704780854,1,0,,,,1,2.78777304532639,01-Aug-1988,-15.7166771397555,0.842833228602445,0.603356376850639,0,1,4.34516617833793,01-Jun-1996,21.4950909304852,1.21495090930485,0.328353599259567,0,1,5.14794947417059,01-Sep-1996,25.715039770056,1.25715039770056,0.234634101539947,0,1,1,1,2.99313591352908,01-Jul-1982,0.57310632539859,0.889154310658079,0,1,4.22997458048573,01-Nov-1969,5,585,88,410,0.0282407211155284,0.0341041082918834,1.20762172298536,20.7621722985362,0.495503474501714,0.492065778655929,0.69377835326824,0.344237010374905,0,1,7.86474611001059,01-Nov-1969,0.0234759105687306,0.0326539246880456,1.39095455285725,39.0954552857254,0.0708834975034438,0,0,Output and Income,1,100,01-Apr-1969,0.569237924072662,1.1975030183112,19.7503018311202,1,0,,,,1,100,01-May-2007,2.24513996718492,1.40553013484183,40.5530134841834,1,0,,,
IPMANSICS,5,0,803,490,0,01-Jan-1959,01-Mar-1959,1,1,490,0.405332694151486,0.17921875,0.44215221862419,-55.784778137581,1,490,01-Dec-1984,0.407082949308756,0.161130158730159,-0.245952790578597,0.395816525854901,-60.4183474145099,134.499808482466,127.611039389013,5.1217687007714,74,343,1,30.0839159944734,01-Jul-1992,0.364942287139295,0.0995200642054573,0.272700828905233,-72.7299171094767,490,5,74,343,1.59925813336681e-06,1,down,1990s,1,1,balanced,balanced_sig,2,-1.12285199032911,488,1,01-Apr-1980,490,488,152.84253338777,144.056119091825,5.7486709368088,74,341,1,16.3241155627085,01-Dec-1965,5,3,490,488,74,341,152.84253338777,150.131085735849,1.77401381135298,0.0193577326051442,1,1,26.6234315230468,01-Sep-1992,5,488,74,341,0.424427653366687,0.136750895007718,0.322200718833867,-67.7799281166132,167.879058925351,161.962715767887,3.52416983710561,8.80422908944301e-06,1,1,50,01-Nov-1986,5.09244133268099,0.339424569100605,-66.0575430899395,1,1,50,01-May-1986,5.09971903552202,0.376428680433634,-62.3571319566366,1,5,01-Dec-1968 | 01-Jul-1979 | 01-Dec-1984 | 01-Nov-1987 | 01-Jul-1992,14.255 | 8.946 | 11.589 | 14.977 | 30.084,0.003586 | 0.043303 | 0.012678 | 0.00254 | 2e-06,5,01-Jun-1962 | 01-Mar-1969 | 01-Jan-1985 | 01-Dec-1987 | 01-Sep-1992,10.076 | 13.095 | 11.192 | 15.547 | 26.623,0.025702 | 0.006225 | 0.015271 | 0.001933 | 9e-06,586,01-Mar-1959,1,1,803,01-Mar-1959,1,1,586,0.405667132418627,0.162556171786121,0.400713192653654,-59.9286807346346,1,26.2518585564677,01-Jul-1992,0.365128688517614,0.11507231805184,0.315155510017639,-68.4844489982361,1.05692072567276e-05,1,1,50,01-Feb-1987,-67.5833089890729,1,5,01-Dec-1968 | 01-Jul-1979 | 01-Dec-1984 | 01-Nov-1987 | 01-Jul-1992,1,41.2126745374739,01-May-2009,6,9,803,795,120,556,149.556292420781,148.514721355724,0.696440817164881,0.000152549444867089,1,1,45.422641701169,01-Dec-2008,6,795,120,556,0.335430781880371,0.0628780593077213,0.187454648482876,-81.2545351517124,177.394329281214,166.092732894969,6.37088932438682,7.83019205030655e-10,1,1,50,01-Mar-1988,12.9529488851594,0.237376529933204,-76.2623470066796,1,5,01-Mar-1969 | 01-Jun-1987 | 01-Aug-1992 | 01-Dec-2008 | 01-Nov-2016,12.513 | 12.456 | 27.762 | 45.423 | 16.082,0.008202 | 0.008425 | 5e-06 | 0 | 0.001495,1,18.7556268616189,01-Sep-1992,-58.6271756865091,0.413728243134909,0.000411407807818231,1,1,30.2013115887542,01-Sep-1996,-69.5148359506996,0.304851640493004,1.50916566499237e-06,1,1,44.4754451980814,01-Aug-2006,-78.2889187476659,0.217110812523341,1.25627830360742e-09,1,2,8,1,16.4361098200265,01-May-1988,1.23243293259958,0.0184671490613503,1,1,33.0231925527208,01-Mar-1996,5,584,88,409,0.398350995559289,0.105218264909029,0.26413455992824,-73.586544007176,178.158766062564,168.96827707346,5.15859488265491,3.73728615610247e-07,1,1,32.0926818872633,01-Dec-2008,0.287476290832455,0.0636719011025724,0.221485747287874,-77.8514252712126,5.92410122401965e-07,1,0,Output and Income,1,50,01-Nov-1986,8.94616007314568,0.273260242284061,-72.6739757715938,1,5,01-Mar-1969 | 01-Jul-1979 | 01-Jan-1985 | 01-Jun-1988 | 01-Mar-1996,12.424 | 9.583 | 12.908 | 21.583 | 33.023,0.008555 | 0.0323 | 0.006805 | 0.000104 | 0,1,50,01-Feb-1988,10.7896725281618,0.25034622217934,-74.965377782066,1,5,01-Dec-1968 | 01-Nov-1987 | 01-Jul-1992 | 01-Dec-2008 | 01-Nov-2015,14.266 | 15.152 | 22.731 | 32.093 | 12.782,0.003567 | 0.002336 | 5.9e-05 | 1e-06 | 0.007221
IPMAT,5,0,803,490,0,01-Jan-1959,01-Mar-1959,1,1,490,0.379063826873031,0.201448341836735,0.531436469416035,-46.8563530583965,1,490,01-Jul-1970,0.132482198718904,0.378155922992427,0.245673724273523,2.85439045131479,185.439045131479,122.072369045418,116.115519767315,4.87976871808462,74,343,1,28.127646654557,01-Dec-1966,0.10263091619627,0.358565141207997,3.49373419333295,249.373419333295,490,5,74,343,4.19822390396174e-06,1,up,1960s-or-earlier,1,1,balanced,balanced_sig,8,-1.20480364383178,482,1,01-May-1980,490,482,128.738686940433,108.486828284258,15.7309812127768,73,337,1,52.4896208319001,01-Jul-1966,5,9,490,482,73,337,128.738686940433,127.922841988951,0.633721665857231,1.28522338882497e-06,1,1,37.6054171974067,01-Dec-1966,5,482,73,337,0.10604837990753,0.42096481840582,3.96955445026964,296.955445026964,136.804929217296,129.797846224805,5.12195213475137,3.84698205513345e-08,1,1,50,01-May-1969,4.93628576001291,3.55023675880822,255.023675880822,1,1,50,01-May-1969,6.32908402828967,4.03019871735986,303.019871735986,1,5,01-Aug-1960 | 01-Dec-1966 | 01-Jul-1970 | 01-Jul-1989 | 01-Dec-1994,13.031 | 28.128 | 18.717 | 17.226 | 34.604,0.006419 | 4e-06 | 0.000419 | 0.000862 | 0,5,01-Dec-1966 | 01-Jul-1970 | 01-Nov-1989 | 01-Nov-1990 | 01-Dec-1994,37.605 | 17.949 | 17.979 | 15.648 | 30.975,0 | 0.000608 | 0.000599 | 0.001842 | 1e-06,586,01-Mar-1959,1,1,801,01-Mar-1959,1,1,586,0.379257736445473,0.176567477246871,0.465560647230877,-53.4439352769123,1,25.9340071056733,01-Dec-1966,0.102815336576863,0.313426010710619,3.04843636315199,204.843636315199,1.23563095770773e-05,1,1,50,01-Apr-1989,-65.3915553135545,1,5,01-Aug-1960 | 01-Dec-1966 | 01-Aug-1988 | 01-Jul-1992 | 01-Oct-2001,1,51.6768900104107,01-Aug-1982,6,9,801,793,119,556,139.439851081405,130.575326466017,6.35723901498726,1.83393847819069e-06,1,1,40.5139387629282,01-Feb-2009,6,793,119,556,0.321624485098875,0.0686401818970406,0.213417152851217,-78.6582847148783,152.525937985889,142.922389620373,6.29633785068386,9.05118957561513e-09,1,1,50,01-Feb-1990,12.5430777698071,0.250198267875074,-74.9801732124926,1,5,01-Dec-1961 | 01-Jul-1968 | 01-Apr-1989 | 01-Jan-1993 | 01-Feb-2009,15.251 | 31.072 | 17.263 | 24.415 | 40.514,0.002228 | 1e-06 | 0.000847 | 2.6e-05 | 0,1,46.8102651754702,01-Sep-1966,262.062931138319,3.62062931138319,3.91588206305471e-10,1,1,42.5991616862682,01-Dec-1966,211.581379794246,3.11581379794246,3.20261295261304e-09,1,1,52.8322327447814,01-May-2002,-74.8048395035832,0.251951604964168,1.92666993470425e-11,1,8,8,1,51.2642748820019,01-Jun-1967,0.653110536761333,2.19545176549651e-06,1,1,34.1345183771393,01-Jan-1967,5,578,87,405,0.110082482657938,0.367640901964221,3.33968578004006,233.968578004006,143.082035909481,138.179459078597,3.42640975138607,2.15476785414559e-07,1,1,30.8862998841382,01-Feb-2009,0.28196290054099,0.0702936627722809,0.249301105349006,-75.0698894650994,1.07583152841872e-06,1,0,Output and Income,1,50,01-Nov-1989,6.19963567755216,0.377478556283824,-62.2521443716176,1,5,01-Jan-1967 | 01-Nov-1970 | 01-Apr-1989 | 01-Jul-1992 | 01-Oct-2001,34.135 | 13.249 | 18.527 | 23.353 | 36.206,0 | 0.005788 | 0.00046 | 4.4e-05 | 0,1,50,01-Oct-1989,9.45406992731738,0.283544272371175,-71.6455727628825,1,5,01-Aug-1960 | 01-Dec-1966 | 01-Jul-1992 | 01-Feb-2009 | 01-Jul-2015,13.466 | 27.577 | 24.258 | 30.886 | 12.377,0.005221 | 6e-06 | 2.8e-05 | 1e-06 | 0.008744
IPNCONGD,5,0,803,490,0,01-Jan-1959,01-Mar-1959,1,1,490,0.343748801534036,0.170731292517007,0.496674582587895,-50.3325417412105,1,490,01-Jun-1985,0.345402350813743,0.149829931972789,-0.195572418840954,0.433783764412143,-56.6216235587857,84.5967957062109,80.3048376888937,5.07342858732186,74,343,1,22.5111969910107,01-Jun-1966,0.10407235621521,0.313580058889228,3.01309656370978,201.309656370978,490,5,74,343,6.6130402953779e-05,1,up,1960s-or-earlier,1,1,balanced,balanced_sig,6,-1.53656398435943,484,1,01-Feb-1980,490,484,95.2124398028202,88.8407912314047,6.69203371388317,73,339,1,54.0130298474855,01-Dec-1992,5,7,490,484,73,339,95.2124398028202,93.9914897930663,1.28234295044055,7.76842289385016e-08,1,1,28.2740667823631,01-Sep-1992,5,484,73,339,0.373011162557554,0.131101131894954,0.351467047248823,-64.8532952751177,95.0847669785613,90.9086548518708,4.39198860068939,3.90594777521791e-06,1,1,100,01-Oct-1985,4.81531639180004,0.43099035605848,-56.900964394152,1,1,50,01-Apr-1986,6.41281463117952,0.400143179664735,-59.9856820335265,1,5,01-Oct-1960 | 01-Jun-1966 | 01-May-1969 | 01-Jun-1985 | 01-Nov-1994,21.088 | 22.511 | 18.148 | 18.27 | 26.606,0.000132 | 6.6e-05 | 0.000552 | 0.00052 | 9e-06,5,01-Jan-1961 | 01-Jun-1966 | 01-May-1969 | 01-Jun-1985 | 01-Sep-1992,64.018 | 26.66 | 20.978 | 18.984 | 28.274,0 | 9e-06 | 0.00014 | 0.000368 | 4e-06,586,01-Mar-1959,1,1,803,01-Mar-1959,1,1,586,0.34418008566782,0.163541666666667,0.475163071533739,-52.483692846626,1,20.974540175603,01-Jun-1966,0.104906919019546,0.28199569609496,2.68805621907951,168.805621907951,0.000139965944888965,1,1,100,01-Nov-1985,-57.0362850902135,1,5,01-Oct-1960 | 01-Jun-1966 | 01-May-1969 | 01-Jun-1985 | 01-Jul-1992,1,105.584646548442,01-Mar-1983,6,13,803,791,119,554,99.1140587122168,92.9041031066662,6.26546393744364,3.5527136788005e-15,1,1,40.5765388024515,01-Feb-2009,6,791,119,554,0.288163913944674,0.0716024284588873,0.248478123019368,-75.1521876980632,103.143223193211,96.0660581442507,6.86149300929213,8.77340111671288e-09,1,1,100,01-Jan-1986,13.6008904012813,0.30662818855356,-69.337181144644,1,5,01-Feb-1961 | 01-Jun-1966 | 01-Apr-1985 | 01-Aug-1988 | 01-Feb-2009,23.081 | 29.169 | 19.076 | 21.231 | 40.577,5e-05 | 3e-06 | 0.000352 | 0.000124 | 0,1,21.548203600959,01-Jun-1966,152.23585897941,2.5223585897941,0.000105822908098796,1,1,20.3879697128398,01-Nov-1992,-54.2333145615555,0.457666854384445,0.000186226967063052,1,1,46.2756003026499,01-Dec-2007,-73.4124714166657,0.265875285833343,5.1145587764978e-10,1,6,12,1,63.4958582738831,01-May-1988,3.91606649453716,8.96220320178998e-10,1,1,26.1924351089488,01-Nov-1992,5,580,87,407,0.366005031342581,0.139455089140977,0.381019595903988,-61.8980404096012,99.6284534676937,93.2377099464111,6.41457665841906,1.08825034816906e-05,1,1,31.2206056206817,01-Feb-2009,0.257119717725197,0.0677475476814162,0.263486395679008,-73.6513604320992,9.1194413143203e-07,1,0,Output and Income,1,100,01-Mar-1986,9.55104665454598,0.364932398431209,-63.5067601568791,1,5,01-Jan-1961 | 01-Jun-1966 | 01-Oct-1969 | 01-Dec-1987 | 01-Nov-1992,68.533 | 24.938 | 17.09 | 25.716 | 26.192,0 | 2e-05 | 0.00092 | 1.4e-05 | 1.1e-05,1,100,01-Mar-1986,9.70760747290255,0.341835203393979,-65.8164796606021,1,5,01-Oct-1960 | 01-Aug-1966 | 01-Oct-1969 | 01-Jun-1985 | 01-Feb-2009,19.824 | 21.596 | 18.133 | 20.605 | 31.221,0.000245 | 0.000103 | 0.000556 | 0.000168 | 1e-06
IPNMAT,5,0,803,490,0,01-Jan-1959,01-Mar-1959,1,1,490,0.337780441035475,0.188104166666667,0.556882944702271,-44.311705529773,1,490,01-Jun-1985,0.340944846292948,0.166873563218391,-0.174071283074557,0.489444451302863,-51.0555548697137,70.0392806337359,66.6391585428547,4.85459310848977,74,343,1,25.2511455756091,01-Jun-1966,0.109464285714282,0.316272921108743,2.88927954030835,188.927954030835,490,5,74,343,1.72799956534853e-05,1,up,1960s-or-earlier,1,1,balanced,balanced_sig,8,-1.66026010218492,482,1,01-Apr-1980,490,482,81.6407242287613,76.8453963126946,5.87369595427642,73,337,1,42.1862843424614,01-Feb-1966,5,9,490,482,73,337,81.6407242287613,80.7822557546326,1.05151991513855,0.000102557076280041,1,1,35.2224673811246,01-May-1966,5,482,73,337,0.117803916172098,0.363528956735917,3.08588176478651,208.588176478651,76.5266107886194,72.5383464976513,5.21160449923023,1.25621398172626e-07,1,1,100,01-Nov-1985,4.53252031682398,0.489435979106838,-51.0564020893162,1,1,50,01-Feb-1969,5.52383365385067,2.6595376648594,165.95376648594,1,5,01-Sep-1960 | 01-Jun-1966 | 01-Jun-1985 | 01-Jul-1989 | 01-Nov-1994,14.569 | 25.251 | 13.646 | 18.563 | 26.69,0.003087 | 1.7e-05 | 0.004792 | 0.000452 | 9e-06,5,01-Dec-1960 | 01-May-1966 | 01-Jan-1970 | 01-Jul-1985 | 01-Jun-1989,23.331 | 35.222 | 15.291 | 15.959 | 25.112,4.4e-05 | 0 | 0.002185 | 0.001586 | 1.9e-05,586,01-Mar-1959,1,1,803,01-Mar-1959,1,1,586,0.33823785418146,0.171674962078119,0.507556915808772,-49.2443084191228,1,22.2162730635575,01-Jun-1966,0.109980608129071,0.282246939978344,2.56633369081852,156.633369081852,7.63788143207655e-05,1,1,100,01-Jan-1986,-54.3398217079584,1,5,01-Sep-1960 | 01-Jun-1966 | 01-Jan-1970 | 01-Jun-1985 | 01-Dec-1994,1,51.2015150083737,01-Apr-1985,6,9,803,795,120,556,90.1350674896435,86.0981130123932,4.47878344098883,2.25628516670184e-06,1,1,48.4746233283642,01-Feb-2009,6,795,120,556,0.289357335258871,0.0714929445467843,0.247074934121935,-75.2925065878065,91.8132586382093,84.6382385753613,7.81479730625967,1.70462421955619e-10,1,1,50,01-Jan-1988,13.7070428071961,0.312424754938182,-68.7575245061818,1,5,01-Dec-1960 | 01-Jun-1966 | 01-Aug-1989 | 01-Feb-2009 | 01-Nov-2014,42.844 | 26.339 | 23.155 | 48.475 | 20.444,0 | 1e-05 | 4.8e-05 | 0 | 0.000181,1,49.2856485112572,01-May-1966,208.595973527322,3.08595973527322,1.13639320176162e-10,1,1,29.4439555734407,01-Jan-1995,-54.7822683493627,0.452177316506373,2.19349313013151e-06,1,1,58.9253722521925,01-Mar-2002,-71.8114690361725,0.281885309638275,9.08939590260616e-13,1,8,8,1,50.8390915594482,01-Jul-1995,2.25831127603859,2.64157011287125e-06,1,1,33.366164819724,01-Jan-1995,5,578,87,405,0.347955461315375,0.132550189534658,0.3809401037523,-61.90598962477,81.8179292554528,76.554644305993,6.43292368476679,3.15335829226271e-07,1,1,34.7440578764456,01-Dec-2008,0.258370012953098,0.0723668559973271,0.280089996397778,-71.9910003602222,1.59270285626789e-07,1,0,Output and Income,1,50,01-Mar-1988,8.47424900907676,0.397394173099648,-60.2605826900352,1,5,01-Dec-1960 | 01-Jun-1966 | 01-Apr-1989 | 01-Jan-1994 | 01-Jan-1995,45.187 | 23.995 | 21.312 | 20.984 | 33.366,0 | 3.2e-05 | 0.000119 | 0.000139 | 0,1,50,01-Jun-1988,10.6638157304705,0.34126089583509,-65.873910416491,1,5,01-Aug-1966 | 01-Jun-1985 | 01-Jul-1989 | 01-Dec-2008 | 01-Jun-2015,22.142 | 13.592 | 23.328 | 34.744 | 16.509,7.9e-05 | 0.004918 | 4.4e-05 | 0 | 0.001217
ISRATIOx,2,0.00248447204968944,801,490,0,01-Jan-1959,01-Mar-1959,1,1,490,0.353390631420353,0.229609906462585,0.649733994191451,-35.0266005808549,1,490,01-May-1969,0.137008461921354,0.361153867541567,0.224145405620213,2.63599680251048,163.599680251048,72.1209867976778,67.4925453023868,6.41760699735743,74,343,1,33.447753238806,01-Jun-1966,0.11016929499072,0.347513960808205,3.15436311757717,215.436311757717,490,5,74,343,3.02843409016873e-07,1,up,1960s-or-earlier,1,1,balanced,balanced_sig,6,-1.61662065400987,484,1,01-Jan-1981,490,484,87.887178884506,82.0231034779392,6.6722762989956,73,339,1,20.8618984174042,01-Dec-1992,5,7,490,484,73,339,87.887178884506,86.8528365011291,1.17689792357102,0.0701085740596682,0,1,23.9128031381217,01-May-1969,5,484,73,339,0.182667957632406,0.406488736046096,2.22528757267926,122.528757267926,76.3279053499463,71.8835644070835,5.82269475689986,3.33100805148812e-05,1,1,50,01-Oct-1968,6.36728996543786,3.01577122511369,201.577122511369,1,1,100,01-May-1969,5.61099380919767,2.25351320084002,125.351320084002,1,5,01-Sep-1960 | 01-Jun-1966 | 01-May-1969 | 01-Jun-1985 | 01-Nov-1992,19.685 | 33.448 | 23.004 | 13.635 | 23.162,0.000262 | 0 | 5.2e-05 | 0.004819 | 4.8e-05,5,01-Feb-1961 | 01-May-1966 | 01-May-1969 | 01-Aug-1989 | 01-Feb-1995,24.102 | 15.873 | 23.913 | 22.694 | 33.401,3e-05 | 0.001653 | 3.3e-05 | 6e-05 | 0,586,01-Mar-1959,1,1,803,01-Mar-1959,1,1,586,0.35400634491605,0.203619288016686,0.57518541952962,-42.481458047038,1,29.6224594223934,01-Jun-1966,0.111163900093079,0.309947434790356,2.78820223589522,178.820223589522,2.00849958820193e-06,1,1,50,01-Mar-1988,-51.3068378942098,1,5,01-Sep-1960 | 01-Jun-1966 | 01-Aug-1989 | 01-Jun-1995 | 01-Sep-2001,1,56.2288501421091,01-May-1983,6,13,803,791,119,554,91.6668385884347,86.128377867359,6.04194581853341,9.40664493997989e-06,1,1,47.4927227391873,01-Feb-2009,6,791,119,554,0.314095636989472,0.0976574550576577,0.310916305599403,-68.9083694400597,82.4134725663931,75.3443642702142,8.57761246558809,2.78453593516303e-10,1,1,20,01-Apr-1993,14.4280147258605,0.305815378637774,-69.4184621362226,1,5,01-Apr-1969 | 01-Aug-1989 | 01-Feb-1995 | 01-Feb-2009 | 01-Jul-2015,29.326 | 23.294 | 25.883 | 47.493 | 30.81,2e-06 | 4.5e-05 | 1.3e-05 | 0 | 1e-06,1,23.9917454495089,01-Jun-1966,136.238185638303,2.36238185638303,3.20464504037776e-05,1,1,27.3345141218071,01-Jun-1995,-50.6347494891418,0.493652505108582,6.20478827495496e-06,1,1,51.9231353348992,01-Apr-2002,-65.1475178918694,0.348524821081306,3.03711500393433e-11,1,8,12,1,45.069716810113,01-Jun-1995,2.07494398101754,3.10482421299607e-05,1,1,34.6406730501233,01-Jun-1995,5,578,87,405,0.370343216938264,0.156896084311288,0.423650487265283,-57.6349512734717,80.2430841833448,75.1826493131152,6.30638131837903,1.67649957028004e-07,1,1,36.9551780263357,01-Dec-2008,0.282025160664232,0.0865415059380981,0.306857394334157,-69.3142605665843,5.31431961769968e-08,1,0,Orders and Inventories,1,50,01-Sep-1989,7.7960125762743,0.439857691037968,-56.0142308962032,1,5,01-May-1969 | 01-Aug-1979 | 01-Jun-1985 | 01-Aug-1989 | 01-Jun-1995,32.461 | 11.114 | 12.377 | 24.17 | 34.641,0 | 0.015839 | 0.008748 | 2.9e-05 | 0,1,50,01-Mar-1990,10.3311639894797,0.371804423124927,-62.8195576875073,1,5,01-Sep-1960 | 01-Aug-1966 | 01-Jun-1995 | 01-Dec-2008 | 01-Jul-2015,18.917 | 30.048 | 24.141 | 36.955 | 24.656,0.00038 | 2e-06 | 3e-05 | 0 | 2.3e-05
M1SL,6,0,803,490,0,01-Jan-1959,01-Mar-1959,1,1,490,0.244111628544035,0.247335034013605,1.01320463711129,1.32046371112915,1,490,01-Aug-1969,0.109025267249757,0.29257254989908,0.183547282649323,2.68352976589225,168.352976589225,32.9750724368112,29.821725411811,9.5628206156114,74,343,1,54.9343896151704,01-Jun-1966,0.0854851576994401,0.280375368057671,3.27981342730222,227.981342730222,490,5,74,343,6.72240041410532e-12,1,up,1960s-or-earlier,1,1,balanced,balanced_sig,2,-2.23055030842627,488,1,01-Aug-1982,490,488,50.4866971985068,48.8521115169437,3.23765619908971,74,341,1,11.4815463891444,01-Sep-1982,5,3,490,488,74,341,50.4866971985068,49.0399281540443,2.86564407010819,0.130651719827934,0,1,52.6440689862404,01-Jul-1966,5,488,74,341,0.113122759188824,0.317563023559166,2.8072425552235,180.72425552235,38.4670381770385,35.4790651616655,7.7676191278914,2.11700657004599e-11,1,1,50,01-Nov-1968,9.6289834507493,3.16587079480005,216.587079480005,1,1,50,01-Oct-1968,8.94565463605938,2.76893053130219,176.893053130219,1,5,01-Oct-1960 | 01-Jun-1966 | 01-Dec-1969 | 01-Aug-1979 | 01-Aug-1989,20.747 | 54.934 | 21.561 | 14.064 | 9.814,0.000156 | 0 | 0.000105 | 0.003928 | 0.029023,5,01-Sep-1960 | 01-Jul-1966 | 01-Jan-1970 | 01-Aug-1979 | 01-Aug-1989,19.089 | 52.644 | 17.293 | 14.198 | 13.078,0.00035 | 0 | 0.000835 | 0.003686 | 0.006278,586,01-Mar-1959,1,1,803,01-Mar-1959,1,1,586,0.24477082712967,0.228690036025787,0.934302664690658,-6.56973353093424,1,57.502237557853,01-Jun-1966,0.0859777381321736,0.263530915470757,3.06510640074796,206.510640074796,1.85573778566095e-12,1,1,50,01-May-1968,208.124017651862,1,5,01-Oct-1960 | 01-Jun-1966 | 01-Aug-1979 | 01-Nov-1982 | 01-Nov-1996,1,11.5959704710474,01-Aug-1982,6,3,803,801,121,560,65.3605709170831,63.5550807897756,2.76235366670513,0.125332925096778,0,1,36.3531086693729,01-Aug-1969,6,801,121,560,0.136711892296549,0.271900983464219,1.98886123874597,98.8861238745969,49.3792091566996,47.4638018727508,3.87897521377966,7.16675692125079e-08,1,1,100,01-May-1969,3.70200059295272,2.04865412326429,104.865412326429,1,5,01-Aug-1969 | 01-Aug-1979 | 01-Nov-1982 | 01-Aug-1989 | 01-Aug-2011,36.353 | 13.286 | 39.375 | 16.86 | 29.193,0 | 0.005687 | 0 | 0.001028 | 2e-06,1,51.0556061206333,01-Jul-1966,171.905696457092,2.71905696457092,4.68833860622908e-11,1,1,49.7386514241858,01-Jul-1966,154.02261132343,2.5402261132343,9.06028585490048e-11,1,1,29.4016668233199,01-Aug-1969,86.5380539935835,1.86538053993583,2.23975391022702e-06,1,2,2,1,11.1372461750564,01-Jun-1982,2.78823410563839,0.147861248403336,0,1,50.4054496873091,01-Nov-1966,5,584,88,409,0.118618086164766,0.297883835702689,2.51128512804461,151.128512804461,42.7296139462353,40.2609037707978,5.77751574948396,6.49068576663581e-11,1,1,38.1948571150538,01-Apr-1969,0.107264561174286,0.235477568516009,2.19529699220415,119.529699220415,2.86985641917425e-08,1,0,Money and Credit,1,100,01-Nov-1968,6.38037609803549,2.40040080487811,140.040080487811,1,5,01-Sep-1960 | 01-Nov-1966 | 01-Aug-1979 | 01-Nov-1982 | 01-Aug-1989,16.482 | 50.405 | 15.628 | 39.4 | 16.181,0.001233 | 0 | 0.001859 | 0 | 0.001426,1,100,01-Mar-1969,4.124957054084,2.30039451074078,130.039451074078,1,5,01-Oct-1960 | 01-Jun-1966 | 01-Apr-1969 | 01-Aug-1989 | 01-Aug-2011,21.842 | 18.173 | 38.195 | 13.657 | 30.885,9.2e-05 | 0.000546 | 0 | 0.004769 | 1e-06
M2REAL,5,0.00124223602484472,801,490,0,01-Jan-1959,01-Mar-1959,1,1,490,0.192082591425832,0.225638392857143,1.17469465182777,17.4694651827766,1,490,01-Aug-1979,0.127071345611415,0.284031281365005,0.15695993575359,2.23521109340869,123.521109340869,23.7065340601144,20.6886227131335,12.7302934259733,74,343,1,77.9452039015795,01-Jun-1966,0.0615134508348763,0.236691542288558,3.84780140076877,284.780140076877,490,5,74,343,1.11022302462516e-16,1,up,1960s-or-earlier,1,1,balanced,balanced_sig,2,-2.52994645559774,488,1,01-Aug-1982,490,488,37.4240569876133,35.9836247136385,3.84894741489828,74,341,1,13.6186096219561,01-Sep-1982,5,3,490,488,74,341,37.4240569876133,36.2288616239683,3.19365525774126,0.0582284920476736,0,1,77.1236062677604,01-Jan-1966,5,488,74,341,0.0825339779074668,0.271605830007619,3.29083653658534,229.083653658534,28.7471024833507,26.3321234587325,8.40077369890361,1.11022302462516e-16,1,1,100,01-Jan-1979,11.6884800829679,2.2146963253356,121.46963253356,1,1,100,01-Feb-1979,10.2566979524471,1.99986744967489,99.9867449674892,1,5,01-Aug-1960 | 01-Jun-1966 | 01-Feb-1977 | 01-Aug-1979 | 01-Nov-1982,22.732 | 77.945 | 13.903 | 18.82 | 32.699,5.9e-05 | 0 | 0.004241 | 0.000399 | 0,5,01-Sep-1960 | 01-Jan-1966 | 01-May-1979 | 01-Nov-1982 | 01-Sep-1988,22.762 | 77.124 | 17.375 | 16.865 | 34.739,5.9e-05 | 0 | 0.000802 | 0.001026 | 0,586,01-Mar-1959,1,1,803,01-Mar-1959,1,1,586,0.192686052637607,0.207093406332954,1.07477112898485,7.47711289848457,1,85.7604472621671,01-Jun-1966,0.0621265125659309,0.224088778321477,3.60697501060705,260.697501060705,0,1,1,20,01-Nov-1968,328.963446567889,1,5,01-Aug-1960 | 01-Jun-1966 | 01-Aug-1979 | 01-Nov-1982 | 01-May-1988,1,13.3309446796668,01-Aug-1982,6,3,803,801,121,560,51.067064267582,49.8014769814859,2.47828478932054,0.0651550561078191,0,1,54.4175102095902,01-Aug-1969,6,801,121,560,0.111305800461851,0.243809980919934,2.19045170968873,119.045170968873,38.2887059828931,36.4486247396255,4.80580681961338,8.70947758357943e-12,1,1,100,01-May-1969,4.66622700672108,2.29326517843924,129.326517843924,1,5,01-Sep-1960 | 01-Jun-1966 | 01-Aug-1969 | 01-Sep-1988 | 01-Aug-2011,19.487 | 19.917 | 54.418 | 10.943 | 21.247,0.000289 | 0.000234 | 0 | 0.017159 | 0.000123,1,84.0107644541875,01-Jan-1966,223.175146038892,3.23175146038892,0,1,1,87.1224561183235,01-Sep-1966,188.012773529907,2.88012773529907,0,1,1,45.8363233790769,01-Jan-1969,109.185869946668,2.09185869946668,6.36904751161183e-10,1,2,2,1,13.3182774349141,01-Aug-1982,3.04768255604576,0.0654767803791111,0,1,82.0002989359522,01-Sep-1966,5,584,88,409,0.0884984340013545,0.259646601490544,2.93391181912405,193.391181912405,32.0476928350034,29.8380256542263,6.89493372316529,0,1,1,53.0075178229378,01-Mar-1969,0.0847342095242059,0.206047391928362,2.43169073135096,143.169073135096,1.76477721325341e-11,1,0,Money and Credit,1,50,01-Feb-1968,7.44440385152461,3.04858525831221,204.858525831221,1,5,01-Sep-1960 | 01-Nov-1964 | 01-Oct-1965 | 01-Sep-1966 | 01-May-1979,17.85 | 18.842 | 16.912 | 82 | 11.854,0.000638 | 0.000394 | 0.001003 | 0 | 0.011192,1,100,01-Mar-1969,4.99044432884738,2.59324495675242,159.324495675242,1,5,01-Aug-1960 | 01-Jun-1966 | 01-Mar-1969 | 01-Aug-1979 | 01-Sep-2011,25.333 | 47.923 | 53.008 | 11.597 | 21.686,1.7e-05 | 0 | 0 | 0.012632 | 9.9e-05
M2SL,6,0,803,490,0,01-Jan-1959,01-Mar-1959,1,1,490,0.140637172990001,0.169044855442177,1.20199270113454,20.1992701134538,1,490,01-Aug-1979,0.0785025717604115,0.225634660421546,0.147132088661134,2.87423272081046,187.423272081046,15.9620899906808,13.3102723595305,16.6132231599899,74,343,1,81.5012706342261,01-Nov-1965,0.0291783824640967,0.176046554563146,6.03345832414687,503.345832414687,490,5,74,343,0,1,up,1960s-or-earlier,1,1,balanced,balanced_sig,2,-3.06603911588812,488,1,01-Apr-1982,490,488,21.8941849092667,21.1041309025159,3.60851070740892,74,341,1,13.5030338159441,01-Aug-1982,5,3,490,488,74,341,21.8941849092667,21.1184429189165,3.54314167695658,0.0609256605996955,0,1,76.8713966888213,01-Feb-1966,5,488,74,341,0.0449158382390976,0.198752429308066,4.42499655132917,342.499655132917,18.5838215357382,16.9693166663564,8.68769034548138,1.11022302462516e-16,1,1,100,01-Nov-1978,15.761712112961,2.92447490605352,192.447490605352,1,1,100,01-Dec-1978,14.6941087435474,2.62810664222875,162.810664222875,1,5,01-Feb-1963 | 01-Nov-1965 | 01-May-1979 | 01-Dec-1982 | 01-May-1988,35.554 | 81.501 | 26.222 | 35.453 | 23.925,0 | 0 | 1.1e-05 | 0 | 3.3e-05,5,01-Mar-1963 | 01-Feb-1966 | 01-Apr-1979 | 01-Oct-1982 | 01-Sep-1988,23.823 | 76.871 | 23.661 | 37.475 | 17.943,3.5e-05 | 0 | 3.8e-05 | 0 | 0.00061,586,01-Mar-1959,1,1,803,01-Mar-1959,1,1,586,0.141355796321323,0.156131494122108,1.104528418256,10.4528418256001,1,95.9762834925379,01-Jun-1966,0.0325969593546373,0.169119207204244,5.18818965181133,418.818965181133,0,1,1,100,01-Jul-1978,156.873118324926,1,5,01-Jun-1966 | 01-Aug-1979 | 01-Nov-1982 | 01-May-1986 | 01-Sep-2004,1,18.0495882295586,01-Nov-1980,6,3,803,801,121,560,32.621161989867,31.5957314438289,3.14345192962972,0.0092653394846508,1,1,92.7132282038712,01-May-1969,6,801,121,560,0.0581466112651531,0.193070528684269,3.32040895390881,232.040895390881,25.7435102868482,23.8735187062006,7.26393393834461,0,1,1,20,01-May-1969,7.702346550041,7.86126138408807,686.126138408807,1,5,01-Feb-1963 | 01-Feb-1966 | 01-May-1969 | 01-May-1979 | 01-Apr-1988,29.162 | 19.026 | 92.713 | 14.624 | 27.611,3e-06 | 0.000361 | 0 | 0.003007 | 5e-06,1,77.6757674165171,01-Feb-1966,334.632972688572,4.34632972688572,1.11022302462516e-16,1,1,124.49185516348,01-Jul-1966,365.588341641753,4.65588341641753,0,1,1,91.4130301985517,01-Feb-1969,220.035691041858,3.20035691041858,0,1,2,2,1,15.8068055150238,01-Nov-1980,3.47643467965259,0.0240280430434491,1,1,107.53712477026,01-Aug-1966,5,584,88,409,0.0419309565039032,0.194046087586899,4.62775247134742,362.775247134742,20.3415189730503,18.6121154730834,8.5018405078704,0,1,1,59.5022198686574,01-Apr-1969,0.0534604862911635,0.162036910045479,3.03096588315663,203.096588315663,6.80566714095221e-13,1,0,Money and Credit,1,100,01-Sep-1978,10.6768455827101,2.34631190654291,134.631190654291,1,5,01-Mar-1961 | 01-Aug-1966 | 01-Apr-1979 | 01-Nov-1982 | 01-Apr-1988,9.187 | 107.537 | 20.027 | 13.6 | 28.205,0.038767 | 0 | 0.000222 | 0.004899 | 4e-06,1,100,01-Jan-1978,6.84016373583694,2.27131009676058,127.131009676058,1,5,01-May-1966 | 01-Apr-1969 | 01-Aug-1979 | 01-Nov-1982 | 01-Aug-1986,49.23 | 59.502 | 18.395 | 23.932 | 33.078,0 | 0 | 0.00049 | 3.3e-05 | 0
MANEMP,5,0,803,490,0,01-Jan-1959,01-Mar-1959,1,1,490,0.126752499657581,0.167576530612245,1.32207673272676,32.2076732726762,1,490,01-Aug-1979,0.0799701343952215,0.206042154566745,0.126072020171523,2.57648878703218,157.648878703218,12.1979301141531,10.2509286531118,15.9617364816854,74,343,1,101.593355804997,01-Nov-1965,0.0282464096749811,0.165425377975151,5.85650990262577,485.650990262577,490,5,74,343,0,1,up,1960s-or-earlier,1,1,balanced,balanced_sig,2,-3.34381695274178,488,1,01-Dec-1980,490,488,16.5840806037255,15.707937775495,5.28303527440456,74,341,1,20.6527029521018,01-Nov-1980,5,3,490,488,74,341,16.5840806037255,15.7363272000077,5.11185047862911,0.0029319968378908,1,1,103.788371570692,01-Feb-1966,5,488,74,341,0.0425230304086591,0.178855220844786,4.20607889715134,320.607889715133,12.8506738444439,11.5826807480581,9.86713313040804,0,1,1,100,01-Sep-1978,15.3898668492095,2.64655924567819,164.655924567819,1,1,100,01-Nov-1978,17.1788439603621,2.6246539396652,162.46539396652,1,5,01-Aug-1960 | 01-Jun-1963 | 01-Nov-1965 | 01-Sep-1978 | 01-Oct-1988,34.035 | 12.711 | 101.593 | 25.047 | 21.79,0 | 0.007467 | 0 | 1.9e-05 | 9.4e-05,5,01-Mar-1961 | 01-Feb-1966 | 01-Sep-1976 | 01-Dec-1978 | 01-Nov-1988,12.847 | 103.788 | 13.189 | 41.253 | 27.853,0.007002 | 0 | 0.005955 | 0 | 5e-06,586,01-Mar-1959,1,1,803,01-Mar-1959,1,1,586,0.126952836887555,0.156979759196056,1.23652029402932,23.652029402932,1,109.223699760523,01-Jun-1966,0.0321141017685375,0.161076455994627,5.01575467237372,401.575467237372,0,1,1,100,01-Jul-1978,139.43081929602,1,5,01-Jun-1966 | 01-Aug-1979 | 01-Dec-1980 | 01-Apr-1986 | 01-Sep-2004,1,33.1025439041662,01-Nov-1980,6,3,803,801,121,560,30.2586921453827,29.0341061925841,4.04705513019169,7.97043114253437e-06,1,1,98.0800550339007,01-May-1969,6,801,121,560,0.0621217862107487,0.183777362481258,2.95833995915364,195.833995915364,23.6936011807955,22.1733133909345,6.4164488051454,0,1,1,100,01-May-1978,8.51978490908081,2.35861703620057,135.861703620058,1,5,01-Mar-1961 | 01-Feb-1966 | 01-May-1969 | 01-Dec-1978 | 01-Mar-1986,12.847 | 25.63 | 98.08 | 38.48 | 27.625,0.007002 | 1.4e-05 | 0 | 0 | 5e-06,1,135.325378953589,01-Feb-1966,372.810885953538,4.72810885953538,0,1,1,159.856271567448,01-Jul-1966,332.291086097376,4.32291086097376,0,1,1,104.476478391504,01-Feb-1969,206.782741357438,3.06782741357438,0,1,2,2,1,27.5683280667401,01-Nov-1980,5.49857854361692,0.000117334600569508,1,1,123.408343782481,01-Aug-1966,5,584,88,409,0.0459123271583338,0.177319654909341,3.8621360729077,286.21360729077,15.1476543755332,13.8570573227659,8.52011156824353,0,1,1,68.6804904284049,01-May-1969,0.0519211493484829,0.16175946817083,3.11548319327712,211.548319327712,6.77236045021345e-15,1,0,Labor Market,1,100,01-Sep-1978,13.0444118215805,2.43726252803667,143.726252803667,1,4,01-Aug-1966 | 01-Sep-1976 | 01-Dec-1978 | 01-Nov-1988,123.408 | 13.134 | 41.68 | 28.781,0 | 0.006113 | 0 | 3e-06,1,20,01-Mar-1969,7.32888545259821,8.68386432894991,768.386432894991,1,5,01-Sep-1960 | 01-Jan-1966 | 01-May-1969 | 01-Aug-1979 | 01-Aug-1986,40.191 | 78.453 | 68.68 | 16.007 | 21.723,0 | 0 | 0 | 0.00155 | 9.7e-05
NDMANEMP,5,0,803,490,0,01-Jan-1959,01-Mar-1959,1,1,490,0.456738939871251,0.201571853741497,0.441328374143701,-55.8671625856299,1,490,01-Jan-1987,0.443386475784344,0.169519552337064,-0.27386692344728,0.382329100221622,-61.7670899778378,61.7914897959184,53.8434580825327,12.8626640005542,74,343,1,41.5997778031792,01-Jan-1990,0.421388910281094,0.155249699879952,0.368423791163347,-63.1576208836653,490,5,74,343,5.27007404382829e-09,1,down,1990s,1,1,balanced,balanced_sig,5,-2.37139948241854,485,1,01-Apr-1980,490,485,41.9401865626169,38.3241383711147,8.62191727760532,73,340,1,29.5381127115572,01-Apr-1967,5,6,490,485,73,340,41.9401865626169,40.5961935625345,3.20454702335635,0.00139778256859724,1,1,20.0506416683266,01-Jul-1989,5,485,73,340,0.264986564985534,0.140517698405414,0.530282350024368,-46.9717649975632,37.4592104574389,36.0217621200198,3.83736955441797,0.000219427203938638,1,1,100,01-Sep-1983,12.8023975146692,0.426910455271725,-57.3089544728275,1,1,100,01-May-1985,3.98999082530306,0.571520233569167,-42.8479766430833,1,2,01-May-1983 | 01-Jan-1990,12.899 | 41.6,0.006833 | 0,1,01-Jul-1989,20.051,0.000219,586,01-Mar-1959,1,1,802,01-Mar-1959,1,1,586,0.457857044689282,0.179300696814562,0.39160847014212,-60.839152985788,1,52.5864381636297,01-Jan-1995,0.389401265411813,0.130632610371023,0.335470431080576,-66.4529568919424,2.17897921928056e-11,1,1,50,01-Oct-1985,-65.2402107798206,1,3,01-Jan-1987 | 01-Oct-1993 | 01-Jan-1995,1,26.7553540396563,01-Mar-1970,6,6,802,797,120,558,48.1957752261997,46.375570014645,3.77669039041669,0.00424473394598446,1,1,42.3128848461117,01-Jun-2009,6,797,120,558,0.213619582279285,0.0728549959591726,0.34105017518442,-65.894982481558,47.4098899606096,44.4612584116816,6.21944398389834,3.69385422249735e-09,1,1,50,01-Dec-1988,10.6326194674204,0.385444992945227,-61.4555007054773,1,4,01-Jul-1989 | 01-Jun-2009 | 01-Feb-2013 | 01-Jul-2015,20.49 | 42.313 | 13.703 | 19.74,0.000177 | 0 | 0.004666 | 0.000255,1,11.8616338689789,01-Jul-1989,-41.6460420175055,0.583539579824945,0.0111515256862152,1,1,34.3350298774468,01-Jun-2000,-62.3449208196343,0.376550791803657,1.9508640891619e-07,1,1,45.1089995228694,01-Feb-2001,-66.9487193296588,0.330512806703412,9.15729936323828e-10,1,5,5,1,30.5466008794619,01-Apr-1967,3.17869712354592,0.000925829586834181,1,1,54.2912764434139,01-Jun-2000,5,581,88,406,0.231727588983365,0.0742888309069398,0.320586906517517,-67.9413093482483,40.2639119515006,38.3786522701788,4.68225661627874,9.27802279448997e-12,1,1,43.8744751919027,01-Jan-1987,0.443015111475042,0.157448963244993,0.355403143519775,-64.4596856480225,1.69551972462045e-09,1,0,Labor Market,1,20,01-Jul-1990,7.93773129403522,0.354286587022557,-64.5713412977443,1,2,01-Jul-1989 | 01-Jun-2000,20.554 | 54.291,0.000172 | 0,1,50,01-Aug-1986,19.4741412459921,0.340218714796602,-65.9781285203398,1,1,01-Jan-1987,43.874,0
NONBORRES,7,0,803,490,0,01-Jan-1959,01-Mar-1959,1,1,490,0.711229694562389,0.32600425170068,0.458367042592712,-54.1632957407288,1,490,01-Nov-1982,0.733826638023631,0.319017919362867,-0.414808718660764,0.434731996404571,-56.5268003595429,161.854883071785,141.338613674799,12.6757185248999,74,343,1,26.415563481851,01-Dec-1982,0.732701441415727,0.318562024809924,0.434777396089733,-56.5222603910267,490,5,74,343,9.75185955864877e-06,1,down,1980s,1,1,balanced,balanced_sig,1,-1.83487215437453,489,1,01-Jul-1974,490,489,76.1087850560456,72.788133517406,4.36303317178743,74,342,1,13.333622177629,01-Jan-1968,5,2,490,489,74,342,76.1087850560456,74.8829476247367,1.61063854902723,0.023527690511228,1,1,21.6730737753054,01-Oct-1987,5,489,74,342,0.353658223641112,0.155469624027795,0.439604153487928,-56.0395846512072,75.2189864173617,71.1964919570883,5.34771159764648,9.95694238665745e-05,1,1,100,01-Mar-1983,11.7281401481843,0.439049299490269,-56.0950700509731,1,1,100,01-Mar-1985,6.34271145327245,0.433514390864108,-56.6485609135892,1,5,01-Apr-1976 | 01-May-1979 | 01-Dec-1982 | 01-Apr-1987 | 01-Mar-1997,18.64 | 15.597 | 26.416 | 11.968 | 12.534,0.000435 | 0.001887 | 1e-05 | 0.010605 | 0.00812,5,01-Aug-1962 | 01-Apr-1966 | 01-Jan-1969 | 01-Dec-1984 | 01-Oct-1987,13.159 | 19.529 | 11.149 | 13.777 | 21.673,0.006041 | 0.000283 | 0.015585 | 0.004504 | 0.0001,586,01-Mar-1959,1,1,803,01-Mar-1959,1,1,586,0.698872918432325,0.332758342813804,0.47613569511354,-52.386430488646,1,22.782436535187,01-Dec-1982,0.720791665672212,0.326507053469852,0.452983946707196,-54.7016053292804,5.79193755493312e-05,1,1,100,01-May-1983,-53.9835314979119,1,5,01-Apr-1976 | 01-May-1979 | 01-Dec-1982 | 01-Mar-1995 | 01-Nov-2001,1,31.2291570280628,01-Jan-1981,6,6,803,798,120,559,77.6850807183416,71.0733679651923,8.51091701522591,0.000698770047657171,1,1,60.1265030020143,01-Apr-2009,6,798,120,559,0.263088388889847,0.0619227445860862,0.235368595502756,-76.4631404497244,75.6346156498347,69.5494119268669,8.04552739600142,4.97490937334533e-13,1,1,100,01-Nov-1985,14.3678574569689,0.322405857792501,-67.7594142207499,1,5,01-Dec-1985 | 01-Apr-1991 | 01-Apr-2009 | 01-Feb-2014 | 01-Jul-2015,16.292 | 25.739 | 60.127 | 21.464 | 28.181,0.001352 | 1.4e-05 | 0 | 0.00011 | 4e-06,1,12.6844425173438,01-Oct-1987,-45.5706807724273,0.544293192275727,0.00756296908368981,1,1,14.6530243866886,01-Oct-1987,-48.4394688619898,0.515605311380102,0.00296554227713941,1,1,55.2568469483228,01-Dec-2007,-72.989631660894,0.27010368339106,5.71942493365896e-12,1,1,5,1,11.6809109544254,01-Jan-1968,1.28229363383786,0.0475269952811638,1,1,23.7043621705068,01-Oct-1987,5,585,88,410,0.35362740491376,0.147374356219851,0.416750382385641,-58.3249617614359,78.6984526251161,72.6623811552876,7.66987312772422,3.68903630658668e-05,1,1,17.3273599133085,01-Dec-1989,0.637834101847804,0.316207610605722,0.495752123772732,-50.4247876227268,0.00082080254131156,1,0,Money and Credit,1,100,01-Mar-1985,8.53573070274131,0.408788590396778,-59.1211409603222,1,5,01-Aug-1962 | 01-Apr-1966 | 01-Jan-1969 | 01-Dec-1984 | 01-Oct-1987,13.103 | 20.577 | 10.998 | 13.204 | 23.704,0.006203 | 0.00017 | 0.016727 | 0.005914 | 3.7e-05,1,100,01-Oct-1983,11.0445140067455,0.482408993800171,-51.759100619983,1,2,01-Dec-1989 | 01-Jul-2007,17.327 | 24.43,0.000821 | 2.6e-05
NONREVSL,6,0.00124223602484472,802,490,0,01-Jan-1959,01-Mar-1959,1,1,490,0.774290782084646,0.333477040816327,0.430687086211328,-56.9312913788672,1,490,01-Jun-1982,0.806572157434402,0.328219241982507,-0.478352915451895,0.40693103395303,-59.306896604697,204.418063201544,176.959481794984,13.4325611819768,74,343,1,25.8713276108945,01-Nov-1982,0.800798353025421,0.324579094076655,0.405319382651567,-59.4680617348433,490,5,74,343,1.27427844210937e-05,1,down,1980s,1,1,balanced,balanced_sig,1,-1.74055393141911,489,1,01-Jul-1974,490,489,83.636658443546,80.9141242437644,3.25519246039617,74,342,1,16.0350703217185,01-Aug-1967,5,2,490,489,74,342,83.636658443546,82.4526577475887,1.41564801606273,0.00716129564886359,1,1,20.4553257585807,01-Feb-1987,5,489,74,342,0.376289942765629,0.166176659799316,0.441618658681022,-55.8381341318978,82.4872563749434,77.8296403121345,5.64646742720812,0.000180222715192246,1,1,100,01-Dec-1982,12.6907911047429,0.404686295391313,-59.5313704608687,1,1,100,01-Jun-1985,6.29399031823573,0.43405564989896,-56.594435010104,1,4,01-Nov-1982 | 01-Jun-1984 | 01-Oct-1992 | 01-Mar-1995,25.871 | 8.823 | 26.304 | 16.572,1.3e-05 | 0.045821 | 1e-05 | 0.001181,4,01-Aug-1962 | 01-Mar-1966 | 01-Jan-1969 | 01-Feb-1987,15.434 | 16.378 | 9.589 | 20.455,0.00204 | 0.001297 | 0.032198 | 0.00018,586,01-Mar-1959,1,1,803,01-Mar-1959,1,1,586,0.761453489703828,0.340174440652256,0.44674355722576,-55.325644277424,1,25.1488895228332,01-Feb-1995,0.651359104411579,0.282443154115509,0.433621257770951,-56.6378742229049,1.81694738167204e-05,1,1,100,01-Jan-1983,-57.430100493922,1,5,01-Nov-1982 | 01-Jun-1984 | 01-Oct-1992 | 01-Feb-1995 | 01-Nov-1999,1,23.97730962607,01-Jan-1981,6,6,803,798,120,559,84.0739632074975,78.6154431172341,6.49252144423306,0.0123037464956943,1,1,43.0998050791076,01-Feb-2009,6,798,120,559,0.275340960909539,0.0797671920389807,0.289703325562184,-71.0296674437816,82.8780464635245,77.0886762489903,6.98540863542455,2.49516352024415e-09,1,1,100,01-Dec-1985,13.4209123299916,0.34140682996265,-65.859317003735,1,4,01-Dec-1985 | 01-Oct-1990 | 01-Feb-2009 | 01-Jun-2015,13.585 | 23.723 | 43.1 | 30.483,0.004934 | 3.7e-05 | 0 | 1e-06,1,10.9378085239809,01-Feb-1987,-45.365247627188,0.54634752372812,0.0172020662204363,1,1,18.8102008618497,01-Jun-1995,-48.2254829701865,0.517745170298135,0.000400670051470375,1,1,40.2313157315259,01-Mar-2002,-66.4980769086794,0.335019230913206,1.04188214722356e-08,1,5,5,1,25.5584289791462,01-Jan-1981,7.3849905877993,0.00675475637274869,1,1,28.1268379667329,01-Jun-1995,5,581,88,406,0.322971363191141,0.140557512615418,0.435201162191686,-56.4798837808314,73.2928903033045,69.590279885383,5.05180025320212,4.19989729338877e-06,1,1,19.5790558926609,01-Feb-1995,0.640778100641114,0.302632110716887,0.472288473051897,-52.7711526948103,0.000275930835854199,1,0,Money and Credit,1,100,01-Aug-1985,8.48894796727741,0.433186779250525,-56.6813220749475,1,2,01-Dec-1985 | 01-Jun-1995,16.497 | 28.127,0.001225 | 4e-06,1,100,01-Jun-1983,12.4361080270654,0.440302196537833,-55.9697803462167,1,5,01-May-1979 | 01-Jan-1983 | 01-Jun-1985 | 01-Feb-1995 | 01-Nov-1999,11.82 | 11.494 | 12.815 | 19.579 | 26.053,0.011371 | 0.013255 | 0.007109 | 0.000276 | 1.2e-05
OILPRICEx,6,0,803,490,0,01-Jan-1959,01-Mar-1959,1,1,490,0.740469250787563,0.385397959183673,0.52047800603977,-47.952199396023,1,490,01-Aug-1982,0.758994065711391,0.387595761381476,-0.371398304329915,0.510670344989047,-48.9329655010953,221.95404539313,205.442177837761,7.43931813728532,74,343,1,14.7799984502748,01-May-1985,0.736491415613864,0.358065422740524,0.486177320128134,-51.3822679871866,490,5,74,343,0.00279092392343161,1,down,1980s,1,1,balanced,balanced_sig,5,-1.57873784969707,485,1,01-Jun-1980,490,485,92.6571485730935,83.8703081456693,9.48317594782506,73,340,1,23.2678603452738,01-Jan-1981,5,6,490,485,73,340,92.6571485730935,85.4301346286949,7.7997370474847,0.0160108611806545,1,1,11.6495562295427,01-Dec-1985,5,485,73,340,0.393472356505894,0.228601089092761,0.580983861541838,-41.9016138458162,79.3206341808478,76.3358237183955,3.76296848011461,0.0123213312769673,1,1,100,01-Dec-1982,7.12394939201618,0.50830730017366,-49.169269982634,1,1,100,01-Sep-1985,3.74051440618143,0.577015887657558,-42.2984112342442,1,3,01-Jul-1962 | 01-Jun-1967 | 01-May-1985,23.617 | 13.018 | 14.78,3.9e-05 | 0.006459 | 0.002791,4,01-Aug-1962 | 01-Apr-1966 | 01-Jan-1969 | 01-Dec-1985,18.984 | 15.142 | 10.667 | 11.65,0.000368 | 0.002347 | 0.019524 | 0.012321,586,01-Mar-1959,1,1,803,01-Mar-1959,1,1,586,0.740495682250269,0.381770714827455,0.515561027536723,-48.4438972463277,1,17.8039286496904,01-Mar-1995,0.648572385689176,0.325397622074996,0.501713654874818,-49.8286345125182,0.00065206112501659,1,1,100,01-Oct-1984,-50.6670685821984,1,5,01-Jul-1962 | 01-Jun-1967 | 01-Apr-1985 | 01-Sep-1993 | 01-Mar-1995,1,22.2402186264338,01-Sep-1980,6,6,803,798,120,559,100.286922186307,94.3059258659647,5.96388461222372,0.0232864901463096,1,1,39.2586538085899,01-Feb-2009,6,798,120,559,0.306597962079479,0.100631948546631,0.328221191896066,-67.1778808103934,96.5692679483223,90.1482891053685,6.6490913510806,1.69068541389095e-08,1,1,100,01-Apr-1986,11.0773858887012,0.394695555892153,-60.5304444107847,1,5,01-Jan-1987 | 01-Jun-1996 | 01-Feb-2009 | 01-Oct-2011 | 01-Jul-2015,12.226 | 17.378 | 39.259 | 23.752 | 34.171,0.009392 | 0.000801 | 0 | 3.6e-05 | 0,1,4.92658084880527,01-Dec-1985,-29.4203864128326,0.705796135871674,0.257697494573607,0,1,12.3871049095741,01-Dec-2000,-43.3010309069728,0.566989690930272,0.00870427981540811,1,1,33.90347276406,01-Nov-2002,-61.9166751592935,0.380833248407065,2.41623765440124e-07,1,5,5,1,20.2160139607688,01-Jan-1980,6.41029967425085,0.0474231097426079,1,1,20.4940577023956,01-Jun-1996,5,581,88,406,0.350032024419445,0.173735415200962,0.49634148615149,-50.365851384851,85.2024472453317,81.9320944983601,3.83833194081271,0.000176857743309444,1,1,23.1506426097346,01-Apr-2008,0.564102602528653,0.224329246546109,0.397674546333465,-60.2325453666535,4.83746136504815e-05,1,1,Prices,1,100,01-Sep-1985,6.50330172132873,0.500307537826328,-49.9692462173672,1,5,01-Aug-1962 | 01-Apr-1966 | 01-Jan-1969 | 01-Mar-1985 | 01-Jun-1996,16.744 | 15.673 | 10.884 | 10.645 | 20.494,0.001088 | 0.00182 | 0.017641 | 0.019721 | 0.000177,1,100,01-Oct-1984,12.6467178493332,0.414618162328799,-58.5381837671201,1,5,01-Jul-1962 | 01-Jun-1967 | 01-May-1985 | 01-Apr-2008 | 01-Jul-2015,23.6 | 13.358 | 14.588 | 23.151 | 12.786,3.9e-05 | 0.005496 | 0.00306 | 4.8e-05 | 0.007209
PAYEMS,5,0,803,490,0,01-Jan-1959,01-Mar-1959,1,1,490,1.17698055060951,0.934664328231293,0.794120453177643,-20.5879546822357,1,490,01-Feb-1969,0.507542857142857,1.26835300606729,0.760810148924435,2.49900671089593,149.900671089593,515.312907901585,462.863633468595,10.1781410146642,74,343,1,31.0218323219482,01-May-1968,0.479934546791682,1.25837208550967,2.62196604499878,162.196604499878,490,5,74,343,1.00611605169387e-06,1,up,1960s-or-earlier,1,1,balanced,balanced_sig,5,-1.28767730510582,485,1,01-Jun-1980,490,485,123.960956749144,108.2927118778,12.639661133829,73,340,1,30.4052024793635,01-Jul-1980,5,6,490,485,73,340,123.960956749144,111.16001563774,10.3265910873124,0.000981150301011757,1,1,13.0435459404648,01-Jan-1969,5,485,73,340,0.228918860140174,0.42848309803726,1.87176844133719,87.1768441337195,103.993916453,100.520935046409,3.33960055073077,0.00638016472399849,1,1,100,01-May-1968,10.1563352591645,2.75758644028095,175.758644028095,1,1,100,01-Nov-1968,3.1225916996842,1.88042138723717,88.0421387237168,1,2,01-May-1968 | 01-Feb-1995,31.022 | 42.563,1e-06 | 0,4,01-Sep-1962 | 01-Apr-1966 | 01-Jan-1969 | 01-Apr-1987,20.21 | 24.385 | 13.044 | 14.005,0.000203 | 2.6e-05 | 0.00638 | 0.004039,586,01-Mar-1959,1,1,803,01-Mar-1959,1,1,586,1.17478720480106,0.962391804133485,0.819205214527728,-18.0794785472272,1,35.3457903707091,01-May-1968,0.473023091350725,1.20999971259206,2.55801404776432,155.801404776432,1.18164777185292e-07,1,1,100,01-Feb-1968,174.823571824776,1,4,01-May-1968 | 01-Jan-1995 | 01-Apr-1999 | 01-May-2000,1,26.7781407350776,01-Jul-1980,6,6,803,798,120,559,143.395889545045,131.665200118347,8.18063158150172,0.00420701099337095,1,1,19.5708910314265,01-Aug-2011,6,798,120,559,0.359948240401051,0.193356164832188,0.53717769148351,-46.282230851649,123.13500143609,119.374619936932,3.05386888805123,0.000277027006916897,1,1,100,01-Jan-1987,5.47631354618538,0.562441726018715,-43.7558273981285,1,5,01-Sep-1962 | 01-Apr-1966 | 01-Jan-1969 | 01-Apr-1987 | 01-Aug-2011,20.21 | 24.385 | 10.84 | 13.272 | 19.571,0.000203 | 2.6e-05 | 0.018003 | 0.005724 | 0.000277,1,11.7522608886628,01-Jan-1969,74.4077910229981,1.74407791022998,0.0117404514022907,1,1,11.1914303353078,01-Jan-1969,63.181944218464,1.63181944218464,0.0152765753965356,1,1,13.2546858215241,01-Aug-2011,-38.4490442725954,0.615509557274046,0.00577213010907984,1,5,5,1,28.1758032176312,01-Jul-1980,9.37629630846666,0.00241984694684583,1,1,11.9607965628478,01-Jan-1969,5,581,88,406,0.228918860140178,0.396145647249517,1.73050681366725,73.0506813667246,110.488689729108,107.926228570195,2.31920675789996,0.010642809146746,1,1,25.2747061803793,01-Mar-1969,0.508002737667651,1.06851033331751,2.10335546265609,110.335546265609,1.7081285786702e-05,1,0,Labor Market,1,100,01-Dec-1986,3.37876565203744,0.620532282703048,-37.9467717296952,1,5,01-Sep-1962 | 01-Apr-1966 | 01-Jan-1969 | 01-Apr-1987 | 01-Dec-2001,20.21 | 24.385 | 11.961 | 12.879 | 14.719,0.000203 | 2.6e-05 | 0.010643 | 0.006897 | 0.002873,1,100,01-Mar-1969,4.56425180711228,2.08494310586616,108.494310586616,1,5,01-Mar-1969 | 01-Jan-1995 | 01-Apr-1999 | 01-May-2000 | 01-Jan-2022,25.275 | 16.304 | 16.501 | 14.896 | 10.307,1.7e-05 | 0.001344 | 0.001222 | 0.00264 | 0.023082
PCEPI,6,0.00124223602484472,802,490,0,01-Jan-1959,01-Mar-1959,1,1,490,1.32672702369538,1.1136237244898,0.839376680055839,-16.0623319944161,1,490,01-Apr-1968,0.516188126159555,1.45368345864662,0.937495332487062,2.81618926313171,181.618926313171,653.45923818375,578.48390056215,11.4736058870312,74,343,1,38.0277814049831,01-Apr-1966,0.452923113431425,1.41145797130733,3.11633018817229,211.633018817229,490,5,74,343,3.11843619815733e-08,1,up,1960s-or-earlier,1,1,balanced,balanced_sig,5,-1.19270584549282,485,1,01-Jun-1980,490,485,136.310873358506,122.612131825758,10.049632281879,73,340,1,27.0533080229924,01-Jul-1980,5,6,490,485,73,340,136.310873358506,124.958629054057,8.3282015768407,0.0037762112061317,1,1,14.4245581849682,01-Mar-1969,5,485,73,340,0.222830705554159,0.441086012191179,1.97946692801712,97.946692801712,122.937354009891,118.733261726644,3.41970291869865,0.00330742606191836,1,1,100,01-May-1968,11.3645061970882,2.91809764133985,191.809764133985,1,1,100,01-Dec-1968,3.19868150866528,1.99705301248712,99.7053012487118,1,3,01-Apr-1966 | 01-Nov-1994 | 01-Feb-1999,38.028 | 45.737 | 21.839,0 | 0 | 9.2e-05,5,01-Sep-1962 | 01-Mar-1966 | 01-Mar-1969 | 01-Mar-1985 | 01-Jun-1989,14.092 | 23.33 | 14.425 | 9.332 | 16.559,0.003875 | 4.4e-05 | 0.003307 | 0.036257 | 0.001188,586,01-Mar-1959,1,1,803,01-Mar-1959,1,1,586,1.32868028036741,1.18874419321198,0.894680391345365,-10.5319608654635,1,46.2103566746447,01-Jun-1966,0.464031569965863,1.40054271694286,3.01820567304481,201.820567304481,5.28395105447999e-10,1,1,100,01-Mar-1968,190.222804637389,1,3,01-Aug-1960 | 01-Feb-1962 | 01-Jun-1966,1,23.7410027645991,01-Jul-1980,6,6,803,798,120,559,156.862029135022,146.429031134488,6.65106658256589,0.0134373569553997,1,1,19.9989785805222,01-Aug-2011,6,798,120,559,0.36544954168001,0.197440668375275,0.540267932660744,-45.9732067339256,143.61991661929,139.795302113432,2.66301122844668,0.000225007720259796,1,1,100,01-Jan-1987,5.4494781010084,0.543125895070913,-45.6874104929087,1,5,01-Sep-1962 | 01-Mar-1966 | 01-Mar-1969 | 01-Apr-1987 | 01-Aug-2011,14.092 | 23.33 | 12.063 | 15.291 | 19.999,0.003875 | 4.4e-05 | 0.010144 | 0.002185 | 0.000225,1,13.1614798184396,01-Dec-1968,83.5704586016747,1.83570458601675,0.00603313556731389,1,1,12.4742648373895,01-Dec-1968,70.8263612722641,1.70826361272264,0.00835316288753152,1,1,13.9279138330567,01-May-2005,-37.1992120518703,0.628007879481297,0.0041911079646032,1,5,5,1,25.0956755351636,01-Jul-1980,7.6003872800365,0.00806454888212438,1,1,13.3267218256647,01-Mar-1969,5,581,88,406,0.222830705554164,0.406074974826518,1.82234748041855,82.234748041855,129.948605369702,126.83118324886,2.39896543096657,0.00557808485717504,1,1,29.6080607383759,01-Mar-1969,0.606018751994098,1.31976517677477,2.17776293626575,117.776293626575,2.02282615968663e-06,1,0,Prices,1,100,01-Feb-1987,3.53889608122572,0.591093427220914,-40.8906572779086,1,5,01-Sep-1962 | 01-Mar-1969 | 01-Apr-1987 | 01-Apr-1999 | 01-Dec-2001,14.092 | 13.327 | 14.591 | 28.791 | 17.88,0.003875 | 0.005578 | 0.003055 | 3e-06 | 0.000628,1,100,01-Mar-1969,5.59952706856584,2.17122824021391,117.122824021391,1,5,01-Nov-1964 | 01-Mar-1969 | 01-Aug-2011 | 01-Jan-2016 | 01-Nov-2022,13.48 | 29.608 | 11.163 | 20.526 | 16.197,0.005186 | 2e-06 | 0.01548 | 0.000174 | 0.001415
PPICMM,6,0,803,490,0,01-Jan-1959,01-Mar-1959,1,1,490,1.505861936721,1.22919047619048,0.816270367300092,-18.3729632699908,1,490,01-Apr-1968,0.679722077922078,1.60521578947368,0.925493711551607,2.36157665259433,136.157665259433,731.262378508954,658.194390951645,9.99203428272831,74,343,1,41.0391053184226,01-Apr-1965,0.560254826254808,1.54637637362638,2.76013039274217,176.013039274217,490,5,74,343,6.96818469592131e-09,1,up,1960s-or-earlier,1,1,balanced,balanced_sig,2,-1.21077286692556,488,1,01-Apr-1980,490,488,139.978287496172,134.176016436247,4.14512219267162,74,341,1,17.5785628235251,01-Mar-1967,5,3,490,488,74,341,139.978287496172,138.21107147768,1.26249295523097,0.0113553643776243,1,1,13.9444641945538,01-Apr-1987,5,488,74,341,0.438262461253097,0.215391885550031,0.491467795197822,-50.8532204802178,150.711133341116,145.512747475628,3.44923812212459,0.00415820296483593,1,1,100,01-Jun-1968,9.7209740252417,2.3862483122961,138.62483122961,1,1,50,01-May-1986,3.44335335914449,0.486052975194286,-51.3947024805714,1,2,01-Apr-1965 | 01-Sep-1994,41.039 | 46.006,0 | 0,2,01-Mar-1969 | 01-Apr-1987,14.343 | 13.944,0.003439 | 0.004158,586,01-Mar-1959,1,1,803,01-Mar-1959,1,1,586,1.54850424903223,1.31658916382253,0.850232838976939,-14.976716102306,1,25.9977324151441,01-Jun-1966,0.756433834936388,1.55434893156243,2.05483792471174,105.483792471174,1.19753671635747e-05,1,1,50,01-Jun-1966,148.188594036463,1,2,01-Dec-1964 | 01-Jun-1966,1,19.7743887583079,01-Aug-1980,6,4,803,800,120,561,158.182524333776,149.958977615701,5.1987706939882,0.0127236498859677,1,1,15.1482894229525,01-Apr-1987,6,800,120,561,0.445594051746068,0.218845715322489,0.4911324881132,-50.88675118868,156.780375710483,146.768948551435,6.38563794331972,0.00234002847338755,1,1,100,01-Sep-1986,6.32344942083223,0.486583063904797,-51.3416936095203,1,2,01-Mar-1969 | 01-Apr-1987,15.477 | 15.148,0.001999 | 0.00234,1,8.13593634163322,01-Aug-1966,89.6045222142767,1.89604522214277,0.0626842136140361,0,1,9.40643172059607,01-Aug-2000,-34.4088637018136,0.655911362981864,0.0350377963825493,1,1,10.9730212007179,01-Jul-2003,-36.4305925845038,0.635694074154962,0.0169211070858372,1,3,3,1,21.3433083893391,01-Aug-1980,6.19709579220974,0.00670661030498376,1,1,16.3569780859985,01-Apr-1987,5,583,88,408,0.445877066946178,0.221655613300255,0.497122704287932,-50.2877295712068,140.820857688257,133.656417510462,5.08762714231966,0.00131004474620722,1,1,9.22351382468753,01-Dec-2015,1.56142570200458,0.988884863579757,0.633321753516811,-36.6678246483189,0.0381187324502242,1,0,Prices,1,100,01-Nov-1986,4.99896665424645,0.49584957526412,-50.415042473588,1,2,01-Mar-1969 | 01-Apr-1987,15.675 | 16.357,0.001818 | 0.00131,1,100,01-Dec-2015,2.82460984111961,0.631317458176284,-36.8682541823716,1,5,01-Mar-1968 | 01-Aug-2008 | 01-Dec-2015 | 01-Apr-2017 | 01-Oct-2022,14.274 | 14.891 | 9.224 | 42.453 | 15.993,0.003555 | 0.002647 | 0.038119 | 0 | 0.001561
REALLN,6,0,803,490,0,01-Jan-1959,01-Mar-1959,1,1,490,1.67768853581701,1.2795012755102,0.76265722045189,-23.734277954811,1,490,01-Oct-1993,1.66136616954474,0.736312189740761,-0.92505397980398,0.44319681190001,-55.680318809999,661.417109339275,607.656631255341,8.12807490535558,74,343,1,30.0591092939773,01-Apr-1965,0.771750689464959,1.65506220565149,2.14455552582521,114.455552582521,490,5,74,343,1.61897174799641e-06,1,up,1960s-or-earlier,1,1,balanced,balanced_sig,2,-1.26546879334871,488,1,01-Apr-1980,490,488,132.52766218518,126.786283809941,4.33221131390369,74,341,1,21.7174612546672,01-Mar-1967,5,3,490,488,74,341,132.52766218518,130.286514960976,1.69107881875423,0.00181083236302959,1,1,14.4827967365824,01-Mar-1989,5,488,74,341,0.413422044784282,0.214486910988148,0.518808596914721,-48.1191403085279,141.115164715196,137.359495644725,2.66142131361359,0.0032167365188599,1,1,100,01-Oct-1993,8.19619836438286,0.421859257175701,-57.8140742824298,1,1,100,01-Jun-1985,3.35808915694152,0.51783449835349,-48.216550164651,1,3,01-Jul-1963 | 01-Apr-1965 | 01-Sep-1994,25.988 | 30.059 | 85.351,1.2e-05 | 2e-06 | 0,5,01-Dec-1968 | 01-Jun-1979 | 01-Sep-1982 | 01-Mar-1985 | 01-Mar-1989,14.055 | 9.634 | 21.675 | 13.459 | 14.483,0.003944 | 0.031547 | 9.9e-05 | 0.005238 | 0.003217,586,01-Mar-1959,1,1,803,01-Mar-1959,1,1,586,1.7317062555833,1.37125509575275,0.791852019551009,-20.8147980448991,1,11.0772630689545,01-Apr-1968,1.04880639156065,1.67143115266585,1.59365080735131,59.3650807351313,0.0161155624959411,1,1,50,01-Jun-1966,81.6969111057751,1,3,01-Jul-1963 | 01-Apr-1968 | 01-Oct-1985,1,20.6381467650427,01-Apr-1980,6,4,803,800,120,561,155.807327800779,148.164953131945,4.90501619962741,0.00896254465582869,1,1,13.4392178225507,01-Mar-2009,6,800,120,561,0.346142031257823,0.204323019020808,0.590286647011148,-40.9713352988852,155.691841160322,152.654934256469,1.95058834247189,0.00528788043264583,1,1,100,01-Oct-1985,4.94325261157281,0.528037513349862,-47.1962486650137,1,3,01-Mar-1969 | 01-Jan-1987 | 01-Mar-2009,11.514 | 10.047 | 13.439,0.013133 | 0.026047 | 0.005288,1,8.44946692536775,01-Feb-1968,77.3161887934824,1.77316188793482,0.0543481196039628,0,1,7.22167458794118,01-Sep-1995,-33.730197085197,0.66269802914803,0.0946786581734859,0,1,8.86873777677852,01-Jul-2003,-32.1625601398796,0.678374398601204,0.044866152274723,1,2,3,1,22.5636724980876,01-Mar-1967,1.62799393740948,0.00122968532804613,1,1,14.161527041633,01-Apr-1987,5,584,88,409,0.424217468615152,0.218839492150915,0.515866291091952,-48.4133708908048,148.129656570527,142.111190005273,4.06297206419861,0.00374959947521414,1,1,11.9355546907001,01-Dec-2015,1.70524282109246,1.00148503030989,0.587297608248128,-41.2702391751872,0.0107700890704632,1,0,Money and Credit,1,100,01-Jul-1985,4.21220455974469,0.513088494213205,-48.6911505786795,1,2,01-Dec-1968 | 01-Apr-1987,14.633 | 14.162,0.002994 | 0.00375,1,100,01-Dec-2015,4.32384000880243,0.580768117030518,-41.9231882969482,1,5,01-Aug-2001 | 01-Dec-2015 | 01-Mar-2017 | 01-Jan-2019 | 01-Nov-2022,9.289 | 11.936 | 20.492 | 15.053 | 32.998,0.036988 | 0.01077 | 0.000177 | 0.00245 | 0
RETAILx,5,0.00124223602484472,802,490,0,01-Jan-1959,01-Mar-1959,1,1,NaN,NaN,NaN,NaN,NaN,0,NaN,,NaN,NaN,NaN,NaN,NaN,NaN,NaN,NaN,NaN,NaN,0,NaN,,NaN,NaN,NaN,NaN,NaN,NaN,NaN,NaN,NaN,0,,,0,0,,balanced_not_sig,NaN,NaN,NaN,0,,NaN,NaN,NaN,NaN,NaN,NaN,NaN,0,NaN,,NaN,NaN,NaN,NaN,NaN,NaN,NaN,NaN,NaN,NaN,0,0,NaN,,NaN,NaN,NaN,NaN,NaN,NaN,NaN,NaN,NaN,NaN,NaN,NaN,0,1,100,01-Oct-1979,2.45552723918598,1.38034602014082,38.034602014082,1,0,NaN,,NaN,NaN,NaN,0,0,,,,NaN,,,,419,01-Feb-1973,0,0,636,01-Feb-1973,0,0,NaN,NaN,NaN,NaN,NaN,0,NaN,,NaN,NaN,NaN,NaN,NaN,0,0,NaN,,NaN,0,NaN,,0,NaN,,NaN,NaN,NaN,NaN,NaN,NaN,NaN,NaN,NaN,NaN,0,0,NaN,,NaN,NaN,NaN,NaN,NaN,NaN,NaN,NaN,NaN,NaN,NaN,NaN,0,0,NaN,,NaN,NaN,NaN,0,NaN,,,,0,NaN,,NaN,NaN,NaN,0,0,NaN,,NaN,NaN,NaN,0,0,NaN,,NaN,NaN,NaN,0,NaN,NaN,0,NaN,,NaN,NaN,0,0,NaN,,NaN,NaN,NaN,NaN,NaN,NaN,NaN,NaN,NaN,NaN,NaN,NaN,0,0,NaN,,NaN,NaN,NaN,NaN,NaN,0,0,Orders and Inventories,0,NaN,,NaN,NaN,NaN,0,NaN,,,,0,NaN,,NaN,NaN,NaN,0,NaN,,,
RPI,5,0.00124223602484472,802,490,0,01-Jan-1959,01-Mar-1959,1,1,490,0.0124064288264947,0.0245153328999777,1.97601850160328,97.6018501603283,1,490,01-Jan-1973,0.00303419881365173,0.0244499953721712,0.0214157965585195,8.05813886096181,705.813886096181,0.174150116017856,0.123661742677965,28.9912946912501,74,343,1,318.940366713329,01-Nov-1972,0.00298895616363526,0.024341175200281,8.14370431270444,714.370431270444,490,5,74,343,0,1,up,1970s,1,1,balanced,balanced_sig,1,-7.42112016129311,489,1,01-Sep-1978,490,489,0.285337009517922,0.283226220051729,0.739753132536054,74,342,1,14.4338824357667,01-Aug-1971,5,2,490,489,74,342,0.285337009517922,0.285030425776948,0.107446188453555,0.0145703781569276,1,1,355.229313247233,01-Apr-1971,5,489,74,342,0.00191452974444904,0.0278278201060449,14.5350680430683,1353.50680430683,0.249299540003437,0.180803934616656,27.4752233340813,0,1,1,100,01-Jul-1972,27.9530205322704,9.57758640929687,857.758640929687,1,1,100,01-Jun-1972,29.2238832867166,13.7021043997866,1270.21043997866,1,1,01-Nov-1972,318.94,0,2,01-Dec-1965 | 01-Apr-1971,15.016 | 355.229,0.002494 | 0,586,01-Mar-1959,1,1,803,01-Mar-1959,1,1,586,0.0124904000303955,0.022621865848591,1.81114021917155,81.1140219171554,1,398.759205305253,01-Apr-1971,0.00255450996351719,0.0224188139063149,8.77617007821236,777.617007821236,0,1,1,100,01-May-1972,799.544522581907,1,2,01-Apr-1971 | 01-Sep-2001,1,13.487767080053,01-Jul-2005,6,2,803,802,121,561,0.43863581098774,0.434445483490009,0.955309026933932,0.022010792011635,1,1,479.40001586957,01-Apr-1971,6,802,121,561,0.00256282765569735,0.0244324753886954,9.53340554694742,853.340554694742,0.346091898517328,0.289279571419965,16.4153877454943,0,1,1,100,01-Dec-1971,16.8573463678743,10.8767878295187,987.678782951872,1,3,01-May-1967 | 01-Apr-1971 | 01-Dec-2015,9.169 | 479.4 | 45.355,0.039079 | 0 | 0,1,277.245521954489,01-Apr-1971,1353.26865227404,14.5326865227404,0,1,1,390.639259972291,01-Apr-1971,1305.10293459662,14.0510293459662,0,1,1,400.572523820425,01-Apr-1971,847.495819393132,9.47495819393133,0,1,1,1,1,14.2215634168097,01-Aug-1971,0.108214885317959,0.0159917084234725,1,1,473.987469384987,01-Apr-1971,5,585,88,410,0.00191452974444914,0.026745080831519,13.9695300681861,1296.95300681861,0.276767729285544,0.20952620816939,24.2952895157729,0,1,1,431.616200773065,01-Apr-1971,0.00244264118762205,0.0203242722805352,8.3206131066353,732.06131066353,0,1,0,Output and Income,1,100,01-Apr-1972,25.5264650811584,14.2469013549192,1324.69013549192,1,3,01-Dec-1965 | 01-Apr-1971 | 01-Feb-2001,15.016 | 473.987 | 9.498,0.002494 | 0 | 0.033592,1,100,01-Jan-1972,16.5661188320016,9.24024998643132,824.024998643133,1,2,01-Apr-1971 | 01-Dec-2011,431.616 | 52.236,0 | 0
S&P 500,5,0,803,490,0,01-Jan-1959,01-Mar-1959,1,1,490,0.0111421769474271,0.0226083395591739,2.02907741151917,102.907741151917,1,490,01-Jan-1973,0.00350219420413455,0.0219080603517158,0.0184058661475812,6.2555241299446,525.55241299446,0.158443201542329,0.121149505036013,23.5375807502554,74,343,1,242.767114940541,01-Jul-1971,0.00270920939131979,0.0212829845348622,7.85579165754118,685.579165754118,490,5,74,343,0,1,up,1970s,1,1,balanced,balanced_sig,1,-7.58329765371259,489,1,01-Feb-1985,490,489,0.242619283168834,0.241627189959802,0.408909463449903,74,342,1,16.249026057611,01-Mar-1973,5,2,490,489,74,342,0.242619283168834,0.241631466528393,0.407146797047132,0.006506189943007,1,1,285.584067682274,01-Jul-1971,5,489,74,342,0.00181630215130239,0.0251737462238196,13.8598890089783,1285.98890089783,0.219274321976272,0.162967907803176,25.678526179271,0,1,1,20,01-Dec-1973,24.2447745927861,9.79629605324134,879.629605324134,1,1,20,01-Feb-1974,28.0623951368079,19.7763630539024,1877.63630539024,1,2,01-Jul-1971 | 01-Sep-1977,242.767 | 18.42,0 | 0.000484,2,01-Jul-1971 | 01-Feb-1978,285.584 | 21.916,0 | 8.8e-05,586,01-Mar-1959,1,1,803,01-Mar-1959,1,1,586,0.0108425253585503,0.0209047026014207,1.92802893330891,92.8028933308912,1,341.40392681796,01-Jul-1971,0.00219292234917861,0.020423069739198,9.31317506378999,831.317506378999,0,1,1,20,01-Mar-1973,1715.45985678363,1,3,01-Jul-1971 | 01-Sep-1977 | 01-Jul-2002,1,21.6333402413921,01-Mar-1973,6,2,803,802,121,561,0.397019989396539,0.395707919947454,0.330479442881103,0.000547435172370436,1,1,517.964959882725,01-Jul-1971,6,802,121,561,0.00181630215130202,0.0234214713679576,12.8951404650201,1189.51404650201,0.31866185979301,0.262326582058199,17.6787011069993,0,1,1,50,01-Jan-1973,18.3944099664131,15.6334881834781,1463.34881834781,1,1,01-Jul-1971,517.965,0,1,235.503267182744,01-Jul-1971,1343.68261662571,14.4368261662571,0,1,1,343.045197937169,01-Jul-1971,1324.86094894666,14.2486094894666,0,1,1,446.319144035998,01-Jul-1971,1237.59034282429,13.3759034282429,0,1,1,1,1,20.4862883858148,01-Mar-1973,0.418598760661525,0.000935384183261445,1,1,407.227537060259,01-Jul-1971,5,585,88,410,0.00181630215130254,0.0246613373890351,13.5777724930566,1257.77724930566,0.24523540332254,0.187536049322339,23.5281501848706,0,1,1,458.045379055305,01-Jul-1971,0.00143305731411865,0.0194340798467619,13.5612718732845,1256.12718732845,0,1,0,Stock Market,1,20,01-Sep-1973,25.1766163668275,35.3158596525912,3431.58596525912,1,3,01-Jul-1971 | 01-Sep-1977 | 01-Aug-2002,407.228 | 19.501 | 12.081,0 | 0.000287 | 0.010058,1,50,01-Aug-1972,16.9011831335413,17.6814075241834,1668.14075241834,1,1,01-Jul-1971,458.045,0
S&P PE ratio,5,0.00372670807453416,800,490,0,01-Jan-1959,01-Mar-1959,1,1,490,0.00998526595180445,0.0202753397512341,2.03052576156674,103.052576156674,1,490,01-May-1972,0.00281040477535379,0.0194006650350255,0.0165902602596717,6.9031568709113,590.31568709113,0.129104878119484,0.0995427676056707,22.8977486710101,74,343,1,171.109870687665,01-Jul-1967,0.00125320304582982,0.0173313649826372,13.8296543726967,1282.96543726967,490,5,74,343,0,1,up,1960s-or-earlier,1,1,balanced,balanced_sig,2,-7.81622772291155,488,1,01-Dec-1967,490,488,0.189386091640025,0.183219274720334,3.25621425854886,74,341,1,202.712060035019,01-Dec-1967,5,3,490,488,74,341,0.189386091640025,0.183219274720334,3.25621425854886,0,1,1,158.443581628618,01-Nov-1971,5,488,74,341,0.00312457443669397,0.0220526805143137,7.05781890017862,605.781890017862,0.159795399261108,0.122435874030776,23.3796000404777,0,1,1,50,01-May-1972,23.1295719975826,9.05520846649396,805.520846649396,1,1,20,01-Dec-1972,23.7829624639472,11.187311105112,1018.7311105112,1,4,01-Jul-1967 | 01-Jun-1972 | 01-May-1979 | 01-Jun-1993,171.11 | 30.358 | 12.07 | 38.071,0 | 1e-06 | 0.010109 | 0,3,01-Nov-1971 | 01-May-1979 | 01-Jun-1993,158.444 | 15.39 | 20.173,0 | 0.002084 | 0.000207,586,01-Mar-1959,1,1,803,01-Mar-1959,1,1,586,0.00986223482571349,0.0186494151073053,1.89099280608095,89.0992806080955,1,242.007106493496,01-Aug-1967,0.000966098286728974,0.0169657758341326,17.5611281659297,1656.11281659297,0,1,1,100,01-Mar-1972,805.413324108652,1,5,01-Aug-1967 | 01-May-1972 | 01-Oct-1973 | 01-Jun-1993 | 01-Sep-1996,1,10.6239235587334,01-Jun-2009,6,2,803,802,121,561,0.320777128688875,0.318066655710507,0.844970771278722,0.0735691436122184,0,1,141.637882139404,01-May-1972,6,802,121,561,0.00307557694850676,0.0210865166505923,6.85611740614396,585.611740614396,0.252931236684216,0.211774462253071,16.2719223496026,0,1,1,100,01-Apr-1972,16.1378849762786,8.25264201748738,725.264201748738,1,3,01-May-1972 | 01-Jun-1984 | 01-Jun-1993,141.638 | 14.69 | 10.682,0 | 0.002914 | 0.019389,1,141.471973775472,01-Sep-1967,864.241001952124,9.64241001952124,0,1,1,206.969313053826,01-Sep-1967,866.989825071292,9.66989825071292,0,1,1,107.200082718367,01-May-1972,524.495531100372,6.24495531100372,0,1,2,1,1,230.312796300357,01-Dec-1967,2.87970705514284,0,1,1,220.327997006263,01-Sep-1967,5,584,88,409,0.00225712913802076,0.019828840460898,8.78498271405314,778.498271405314,0.180858216350779,0.155066290171858,14.2608539989672,0,1,1,162.974978043909,01-Aug-1971,0.0022923171511711,0.0175460153853214,7.65427042953348,665.427042953348,0,1,0,Stock Market,1,100,01-Apr-1972,21.6036901376851,7.66496283081466,666.496283081466,1,5,01-Sep-1967 | 01-Jul-1972 | 01-Oct-1973 | 01-Jun-1993 | 01-Oct-1996,220.328 | 17.998 | 31.367 | 14.045 | 13.434,0 | 0.000594 | 1e-06 | 0.003965 | 0.0053,1,100,01-Feb-1972,15.343746578471,8.50475968597504,750.475968597504,1,4,01-Aug-1971 | 01-May-1979 | 01-Jun-1993 | 01-Jul-1999,162.975 | 15.567 | 16.385 | 11.416,0 | 0.001914 | 0.001292 | 0.013749
S&P div yield,2,0.00124223602484472,802,490,0,01-Jan-1959,01-Mar-1959,1,1,490,0.00517566166728153,0.00865485434238997,1.67222181409239,67.2221814092393,1,490,01-Mar-1975,0.00344883887237753,0.00854698083575726,0.00509814196337973,2.47821981601165,147.821981601165,0.0185176467050632,0.0154771710687065,16.4193414248763,74,343,1,75.5160019945824,01-Mar-1975,0.00344883887237754,0.00854698083575725,2.47821981601164,147.821981601164,490,5,74,343,2.22044604925031e-16,1,up,1970s,1,1,balanced,balanced_sig,1,-9.43490494705938,489,1,01-Jul-1976,490,489,0.0380875015668066,0.0377751039795857,0.820210237925381,74,342,1,7.51271793625867,01-Jul-1976,5,2,490,489,74,342,0.0380875015668066,0.0377751039795857,0.820210237925381,0.245211415002379,0,1,84.4503545483667,01-Mar-1975,5,489,74,342,0.00392451112311535,0.0105698715573212,2.69329636883042,169.329636883042,0.0283481095970988,0.0231983624975155,18.166104099267,0,1,1,50,01-Oct-1974,16.4882929059693,2.66458377873202,166.458377873202,1,1,50,01-Dec-1974,18.2388339687799,2.90252003033803,190.252003033803,1,1,01-Mar-1975,75.516,0,1,01-Mar-1975,84.45,0,586,01-Mar-1959,1,1,803,01-Mar-1959,1,1,586,0.00509724213088579,0.0104593224439177,2.05195715160192,105.195715160192,1,91.9751784649763,01-Dec-1973,0.00309981937355556,0.00975366463323378,3.14652676747616,214.652676747616,0,1,1,2,01-Aug-2000,-1480.61517514405,0,5,01-Aug-1962 | 01-Jun-1970 | 01-Dec-1973 | 01-Oct-2002 | 01-Feb-2007,1,4.50685044827526,01-Feb-2002,6,2,803,802,121,561,0.132961553833526,0.132313610801443,0.487316080026111,0.64031259209071,0,1,136.101919581674,01-Mar-1975,6,802,121,561,0.00408575819988843,0.0135475852282172,3.31580689933809,231.580689933809,0.105748933740401,0.0926749872141854,12.3631946571778,0,1,1,5,01-Jan-1981,15.3648787309545,94.8530671098825,9385.30671098825,0,4,01-Mar-1975 | 01-Feb-1998 | 01-Jan-2003 | 01-Jun-2018,136.102 | 32.963 | 9.244 | 10.505,0 | 0 | 0.037769 | 0.021056,1,93.6607776826361,01-Nov-1973,220.70928203596,3.2070928203596,0,1,1,115.517761370958,01-Nov-1973,258.728611286366,3.58728611286366,0,1,1,153.884357398075,01-Nov-1973,285.256834088214,3.85256834088214,0,1,1,1,1,7.25428036615484,01-Aug-2000,2.28873723507757,0.268996596090784,0,1,104.961597805708,01-Mar-1975,5,585,88,410,0.00404472507061305,0.0120444423625819,2.97781484583238,197.781484583238,0.0482485090277878,0.0399940770726498,17.1081596539782,0,1,1,122.698006095561,01-Dec-1973,0.00315441948419206,0.0110288648513487,3.4963215598364,249.63215598364,0,1,0,Stock Market,1,2,01-Aug-2000,20.189491922396,-16.6390990308833,-1763.90990308833,0,2,01-Mar-1975 | 01-Jan-2003,104.962 | 26.518,0 | 9e-06,1,5,01-May-1981,15.5777850897415,143.388040984446,14238.8040984446,0,5,01-Aug-1962 | 01-Dec-1973 | 01-Oct-1997 | 01-Jan-2003 | 01-Jun-2018,10.288 | 122.698 | 33.08 | 11.422 | 16.591,0.023292 | 0 | 0 | 0.013712 | 0.001171
SRVPRD,5,0,803,490,0,01-Jan-1959,01-Mar-1959,1,1,490,0.00398137272178117,0.00332614710897166,0.835427211015707,-16.4572788984293,1,490,01-Apr-1975,0.00453672566453571,0.00319238019288317,-0.00134434547165254,0.703674947294808,-29.6325052705192,0.00814869049493411,0.00793689381974943,2.59914983047098,74,343,1,11.5913079827573,01-Jun-1991,0.00399580238972789,0.00269311753724438,0.673986667650944,-32.6013332349056,490,5,74,343,0.0126632648922591,1,down,1990s,1,1,balanced,balanced_sig,8,-10.8336142905818,482,1,01-Dec-1974,490,482,0.008471683925678,0.0078473268260457,7.36992910866101,73,337,1,18.7349184597889,01-Jul-1986,5,9,490,482,73,337,0.008471683925678,0.00816274761990928,3.64669301261723,0.303122593071282,0,1,13.0744955423029,01-Sep-1993,5,482,73,337,0.0038920778932703,0.00258007466076732,0.662904168806197,-33.7095831193803,0.00626642209898297,0.00615740906056793,1.73963765435996,0.00628722851120267,1,1,100,01-Sep-1975,2.15372866954364,0.721143859717906,-27.8856140282094,1,1,100,01-Feb-1992,1.65767246015703,0.692146271028594,-30.7853728971406,1,1,01-Jun-1991,11.591,0.012663,1,01-Sep-1993,13.074,0.006287,586,01-Mar-1959,1,1,803,01-Mar-1959,1,1,586,0.00398164443875752,0.00445302847208053,1.11838928376792,11.8389283767916,1,21.1143848862763,01-Jan-2000,0.00372189752378274,0.00675316377401693,1.81444108304018,81.4441083040183,0.000130746842171514,1,1,100,01-Jun-2000,85.2253649861514,1,2,01-Jun-1991 | 01-Jan-2000,1,32.6649233042908,01-Apr-1986,6,9,803,795,120,556,0.0272505441446057,0.0263565968654311,3.28047496751174,0.00419290351161294,1,1,33.761784465514,01-Dec-2000,6,795,120,556,0.0037444226527013,0.00701692855298485,1.87396808635444,87.3968086354436,0.0216572248601138,0.0196541960663883,9.24877867161322,2.59201419217092e-07,1,1,50,01-Dec-2002,9.50893907642697,1.94302306134736,94.3023061347361,1,1,01-Dec-2000,33.762,0,1,8.40210524739465,01-Sep-1993,-29.3292162955257,0.706707837044743,0.0555344930897328,0,1,12.2473521169123,01-Dec-2000,61.6049892186853,1.61604989218685,0.00929790230961713,1,1,35.8717147533967,01-Jan-2000,83.251884872745,1.83251884872745,9.10176409796293e-08,1,10,8,1,38.025233151555,01-Jan-1998,4.93719771636973,0.00241773734978357,1,1,11.2359457976699,01-Jun-2000,5,576,87,403,0.003709442799221,0.00564316677680943,1.52129769408886,52.1297694088861,0.009170467108399,0.00888651489389131,3.09637678376956,0.0149612214384813,1,1,31.521293978312,01-Jan-2000,0.00372204053478519,0.0069160064866981,1.85812229127087,85.812229127087,7.85940760694714e-07,1,0,Labor Market,1,100,01-Sep-2000,3.15903160978715,1.5561609103977,55.6160910397702,1,2,01-Aug-1993 | 01-Jun-2000,14.015 | 11.236,0.004021 | 0.014961,1,100,01-Aug-2000,8.26702305788768,1.8757280846729,87.5728084672901,1,2,01-Jun-1991 | 01-Jan-2000,11.78 | 31.521,0.011591 | 1e-06
T10YFFM,1,0,803,490,0,01-Jan-1959,01-Mar-1959,1,1,490,0.00503712472702405,0.00410624256259231,0.815195728738346,-18.4804271261654,1,490,01-Apr-1975,0.00579236696295538,0.00393831942519442,-0.00185404753776096,0.679915386988018,-32.0084613011982,0.0126503892237944,0.0122475431906449,3.18445564024063,74,343,1,10.5627844204245,01-Apr-1991,0.00501971765175418,0.00338318006820939,0.673978160310891,-32.6021839689109,490,5,74,343,0.0204939575690978,1,down,1990s,1,1,balanced,balanced_sig,8,-10.4214635474866,482,1,01-Dec-1974,490,482,0.0127927684008451,0.0117303497543644,8.30483764882732,73,337,1,26.4522236265282,01-Nov-1986,5,9,490,482,73,337,0.0127927684008451,0.0122109385005675,4.54811563882534,0.0357231009293901,1,1,11.3603977477345,01-Sep-1993,5,482,73,337,0.00486896630542914,0.00340656498329957,0.69964850229115,-30.035149770885,0.00879730337405391,0.00866186498595609,1.53954436193782,0.014113191097998,1,1,100,01-Aug-1975,2.7199633881334,0.694606888357134,-30.5393111642866,1,1,100,01-Mar-1992,1.48770332044687,0.722340928586845,-27.7659071413155,1,1,01-Apr-1991,10.563,0.020494,1,01-Sep-1993,11.36,0.014113,586,01-Mar-1959,1,1,803,01-Mar-1959,1,1,586,0.00503618386707558,0.00557425584514512,1.10684120998584,10.6841209985843,1,20.2243645183915,01-Sep-1999,0.00466196304996361,0.00844234818644484,1.81089984969116,81.0899849691158,0.000201653130176171,1,1,100,01-Apr-2000,86.2790881573582,1,2,01-Apr-1991 | 01-Sep-1999,1,32.7801400599313,01-Dec-1975,6,9,803,795,120,556,0.0457511687681598,0.0440937843306138,3.62260567799845,0.00401957608096937,1,1,38.3634750813025,01-Jan-2000,6,795,120,556,0.00463072201597516,0.00918196606831527,1.98283680960316,98.2836809603156,0.0365272527077202,0.0326008499605488,10.7492418841057,2.63904282871152e-08,1,1,50,01-Mar-2003,11.4990946196774,2.08462426950034,108.462426950034,1,3,01-Feb-1992 | 01-Jan-2000 | 01-Apr-2005,9.994 | 38.363 | 9.504,0.026704 | 0 | 0.033498,1,7.75539695333015,01-Sep-1993,-26.9185688394426,0.730814311605574,0.0744751802552738,0,1,12.5160530397871,01-Jan-2000,57.2307885851179,1.57230788585118,0.00818981863930657,1,1,41.0999336981421,01-Jan-2000,93.1088739283309,1.93108873928331,6.76022471335358e-09,1,10,8,1,34.3031537064614,01-Jan-1998,4.83522040282647,0.00861985805220988,1,1,12.1547203500497,01-Jan-2000,5,576,87,403,0.00469321095883142,0.00714606072158547,1.52263786654176,52.2637866541757,0.0136717661979999,0.013194469867878,3.49110951145185,0.00971320794592856,1,1,34.934186053194,01-Jan-2000,0.00467006179181579,0.0091079187575778,1.95027799707903,95.027799707903,1.44936288526409e-07,1,0,Interest and Exchange Rates,1,100,01-Sep-2000,3.64619867166249,1.57568239410073,57.5682394100732,1,2,01-Nov-1991 | 01-Jan-2000,14.27 | 12.155,0.003561 | 0.009713,1,50,01-Dec-2001,9.48045806490566,2.00644219470614,100.644219470615,1,2,01-Apr-1991 | 01-Jan-2000,10.574 | 34.934,0.020385 | 0
T1YFFM,1,0,803,490,0,01-Jan-1959,01-Mar-1959,1,1,490,0.00392140656083871,0.00285534190131704,0.728142276761618,-27.1857723238382,1,490,01-Nov-1975,0.0044269597284781,0.00286154288843843,-0.00156541684003967,0.646390087994356,-35.3609912005644,0.0104882092032294,0.010197701386131,2.76985147291843,74,343,1,9.50493366947422,01-Mar-1992,0.00378084082570314,0.00232054830514687,0.613765141703713,-38.6234858296287,490,5,74,343,0.0334809246162265,1,down,1990s,1,1,balanced,balanced_sig,2,-10.6904222473916,488,1,01-Sep-1974,490,488,0.0106930416815046,0.00928454524999404,13.172083991282,74,341,1,28.8512162950299,01-Sep-1974,5,3,490,488,74,341,0.0106930416815046,0.00928454524999404,13.172083991282,6.33653454122918e-05,1,1,11.4140869623718,01-Feb-1992,5,488,74,341,0.00395047257293565,0.00262329213993272,0.66404514687804,-33.595485312196,0.0079220766704341,0.00778839736090733,1.68742761636812,0.0137621275533579,1,1,100,01-Apr-1976,2.37974716789476,0.661340101423049,-33.8659898576951,1,1,100,01-Sep-1970,2.29162978893575,1.51801357673835,51.8013576738351,1,3,01-Mar-1962 | 01-Jun-1964 | 01-Mar-1992,13.188 | 8.91 | 9.505,0.005959 | 0.044025 | 0.033481,4,01-Jan-1962 | 01-Apr-1963 | 01-Jan-1970 | 01-Feb-1992,9.347 | 17.436 | 14.262 | 11.414,0.036014 | 0.000779 | 0.003574 | 0.013762,586,01-Mar-1959,1,1,803,01-Mar-1959,1,1,586,0.00392150112027496,0.00421268951795559,1.07425431964691,7.42543196469145,1,15.9210337331678,01-Oct-1968,0.0024865880707582,0.00445408021022382,1.79124168679282,79.124168679282,0.00161541778996543,1,1,100,01-Aug-2000,110.090776756378,1,3,01-Oct-1968 | 01-Mar-1992 | 01-May-2000,1,42.2416414432332,01-Nov-1973,6,7,803,797,120,558,0.0387487442438302,0.0362991713642199,6.32168326332364,1.59040923685128e-05,1,1,50.415915315014,01-Sep-1969,6,797,120,558,0.00252713846626159,0.00585473900422237,2.3167464238251,131.67464238251,0.0342103530419661,0.0330739402425558,3.32183885391737,6.456790657694e-11,1,1,100,01-Jan-2002,10.8139504796299,2.24199202755779,124.199202755779,1,3,01-Sep-1969 | 01-Mar-1991 | 01-Jun-2001,50.416 | 8.695 | 26.784,0 | 0.048575 | 8e-06,1,6.4809665118778,01-Feb-1992,-24.1470256274104,0.758529743725896,0.131601529959822,0,1,19.1512563729312,01-Feb-1971,73.174074282288,1.73174074282288,0.00033960246746767,1,1,54.7300752714137,01-Mar-2000,128.264599231687,2.28264599231687,7.44704298227816e-12,1,4,6,1,35.9700200901573,01-Nov-1974,9.01784016995127,3.38458716638845e-05,1,1,25.0452725313642,01-Dec-1969,5,582,88,407,0.00253215663367507,0.00472713272883655,1.8668405682218,86.6840568221795,0.0147881725915211,0.0143125395762781,3.21630689863417,1.91173538391931e-05,1,1,36.9938620292823,01-Mar-1969,0.00250792363401023,0.00534257964000955,2.1302800322778,113.02800322778,5.21316031454333e-08,1,0,Interest and Exchange Rates,1,100,01-Aug-2000,6.11059700089137,1.97583771027836,97.5837710278358,1,4,01-Dec-1969 | 01-Feb-1992 | 01-Jan-2000 | 01-Jun-2001,25.045 | 11.411 | 8.739 | 9.372,1.9e-05 | 0.013781 | 0.047621 | 0.0356,1,100,01-Nov-2001,8.72591170481296,2.09496208380848,109.496208380848,1,2,01-Mar-1969 | 01-Dec-2002,36.994 | 20.348,0 | 0.00019
T5YFFM,1,0,803,490,0,01-Jan-1959,01-Mar-1959,1,1,490,0.0156190932764586,0.0219730663875792,1.40680806488923,40.6808064889233,1,490,01-Apr-1990,0.0150063178462695,0.0281116867956474,0.0131053689493779,1.87332342841424,87.3323428414244,0.276993523085913,0.261786926831085,5.48987430659573,74,343,1,19.2833197198581,01-Oct-1968,0.0105023653045057,0.0204680325333615,1.94889740928935,94.8897409289346,490,5,74,343,0.000318526239723949,1,up,1960s-or-earlier,1,1,balanced,balanced_sig,10,-7.45695793988585,480,1,01-Sep-1973,490,480,0.240591589070139,0.208393411925462,13.3829188581028,72,337,1,89.878022298867,01-Sep-1973,5,11,490,480,72,337,0.240591589070139,0.208393411925462,13.3829188581028,9.84545778237589e-13,1,1,20.825343703962,01-Feb-1966,5,480,72,337,0.0115662565284375,0.0195382810419004,1.68924846114751,68.9248461147511,0.166433674664782,0.162455775529385,2.39008069935921,0.00015051596851301,1,1,100,01-Oct-1989,4.93673453820171,1.83736860365329,83.7368603653294,1,1,100,01-Oct-1989,6.95949585958671,1.75389521481702,75.3895214817018,1,2,01-Oct-1968 | 01-Mar-1995,19.283 | 10.626,0.000319 | 0.019898,5,01-Feb-1966 | 01-Oct-1971 | 01-Oct-1972 | 01-Jul-1976 | 01-Oct-1995,20.825 | 12.416 | 11.934 | 10.212 | 9.148,0.000151 | 0.008585 | 0.010778 | 0.024131 | 0.039472,586,01-Mar-1959,1,1,803,01-Mar-1959,1,1,586,0.0156289859754457,0.0321733618352841,2.05857001124902,105.857001124902,1,33.9345928658457,01-Oct-1968,0.0105165164411619,0.0270286172809997,2.57011125615788,157.011125615789,2.37925347645884e-07,1,1,50,01-Jan-1998,218.636864977053,1,2,01-Oct-1968 | 01-Feb-1996,1,72.7823461000684,01-Sep-1973,6,8,803,796,120,557,0.884193533345051,0.850655280012038,3.79308964250534,3.97049060296695e-11,1,1,68.4952651973629,01-Oct-1972,6,796,120,557,0.0126059523468981,0.0302734062613941,2.4015167936791,140.15167936791,0.764967244375641,0.725627151843266,5.14271595569879,7.43849426498855e-15,1,1,100,01-Mar-1996,11.4497960187222,2.25897870845747,125.897870845746,1,3,01-Oct-1972 | 01-Jul-1976 | 01-Oct-1996,68.495 | 12.301 | 31.141,0 | 0.009064 | 1e-06,1,14.1316199394944,01-Oct-1972,54.956664102877,1.54956664102877,0.00380344236312047,1,1,34.542371423039,01-Aug-1996,184.636227934512,2.84636227934512,1.76025477194308e-07,1,1,61.3182442030217,01-Jun-1995,140.373695515528,2.40373695515528,2.73558953267639e-13,1,10,7,1,58.8158857995947,01-Sep-1973,5.31763383898567,7.61821106420868e-07,1,1,36.1878291239936,01-Apr-1970,5,576,87,403,0.0121911639700879,0.0266296946681504,2.18434390132794,118.434390132794,0.446963035583815,0.426677632694309,4.5384967602545,7.77975660559704e-08,1,1,61.9095085798296,01-Jul-1970,0.0108641898587044,0.0291340024006813,2.68165438744972,168.165438744972,2.03281835808866e-13,1,0,Interest and Exchange Rates,1,50,01-Oct-1997,16.7182096766475,2.72325353129826,172.325353129826,1,2,01-Apr-1970 | 01-Aug-1996,36.188 | 28.09,0 | 4e-06,1,100,01-Jun-1996,10.7415688282449,2.35502492989308,135.502492989308,1,2,01-Jul-1970 | 01-Feb-1996,61.91 | 25.456,0 | 1.6e-05
TB3MS,2,0,803,490,0,01-Jan-1959,01-Mar-1959,1,1,490,0.0199314640898912,0.0718543761984972,3.60507265670164,260.507265670164,1,490,01-Jul-1973,0.00261147308516317,0.0608322766093558,0.0582208035241926,23.2942383955509,2229.42383955509,2.86328264615454,2.48391029571979,13.2495599393325,74,343,1,69.5943186631654,01-May-1973,0.0026409784719388,0.0604514395303996,22.8897888311906,2188.97888311906,490,5,74,343,4.32986979603811e-15,1,up,1970s,1,1,balanced,balanced_sig,8,-5.1978164415573,482,1,01-Apr-1974,490,482,2.37446433652873,1.72341498089657,27.4187885501762,73,337,1,188.104258327116,01-Apr-1974,5,9,490,482,73,337,2.37446433652873,1.72341498089657,27.4187885501762,0,1,1,89.3383948779122,01-Jan-1967,5,482,73,337,0.00527307661291617,0.052084198179381,9.87738316788401,887.738316788401,1.78940426435651,1.63317319572395,8.73089841935415,0,1,1,5,01-Apr-1977,13.3573093246614,-6.02950033882444,-702.950033882444,0,1,5,01-Dec-1978,17.6952478975339,-25.0442925824756,-2604.42925824756,0,1,01-May-1973,69.594,0,2,01-Jan-1967 | 01-Nov-1984,89.338 | 30.475,0 | 1e-06,586,01-Mar-1959,1,1,803,01-Mar-1959,1,1,586,0.0198993235273293,0.0764500183423443,3.84184006241969,284.184006241969,1,126.60153602063,01-Jun-1973,0.00259302896667754,0.0664289920566926,25.618299259421,2461.8299259421,0,1,1,5,01-Apr-1977,-541.283523544389,0,2,01-Jun-1973 | 01-Jun-1998,1,183.656988138938,01-Apr-1974,6,11,803,793,119,556,5.55419489912241,4.92244920950822,11.3742081631671,0,1,1,115.922679014475,01-Nov-1970,6,793,119,556,0.0109874830125859,0.0718650920857136,6.54063282768164,554.063282768164,4.7026856686488,4.29739064372014,8.61837370144944,0,1,1,5,01-Jun-1973,14.8812636154162,-2.65617269948495,-365.617269948495,0,3,01-Jun-1964 | 01-Nov-1970 | 01-Nov-1985,9.132 | 115.923 | 50.111,0.039758 | 0 | 0,1,75.9694117187148,01-Jan-1967,827.987054189587,9.27987054189586,2.22044604925031e-16,1,1,121.857734082277,01-Jun-1967,846.036169818453,9.46036169818452,0,1,1,182.990248027026,01-Jul-1969,713.041769134381,8.13041769134381,0,1,10,10,1,114.800009774414,01-Apr-1974,20.682850835436,0,1,1,142.213597964541,01-Jun-1967,5,576,87,403,0.00579759269547834,0.0583471768411113,10.0640351790524,906.403517905241,2.18824696204559,1.9785486848854,9.58293468686733,0,1,1,200.371793826333,01-Jun-1973,0.00258526288281293,0.0730164130159274,28.2433223721067,2724.33223721067,0,1,0,Interest and Exchange Rates,1,100,01-Dec-1984,19.4818092857166,3.36940983872891,236.940983872891,1,2,01-Jun-1967 | 01-Dec-1985,142.214 | 54.452,0 | 0,1,10,01-Feb-1979,13.6877239112933,-15.5191813736238,-1651.91813736238,0,2,01-Jun-1973 | 01-Nov-1985,200.372 | 11.679,0 | 0.012152
TB3SMFFM,1,0,803,490,0,01-Jan-1959,01-Mar-1959,1,1,490,0.0154395644439419,0.0217482619193156,1.40860592267867,40.8605922678669,1,490,01-Sep-1967,0.00837378478975637,0.0204500172079028,0.0120762324181464,2.44214745438876,144.214745438876,0.167554152248505,0.155690592131047,7.08043337527281,74,343,1,55.1541625403648,01-Sep-1967,0.00837378478975647,0.0204500172079028,2.44214745438872,144.214745438872,490,5,74,343,6.021405596357e-12,1,up,1960s-or-earlier,1,1,balanced,balanced_sig,5,-7.51974590277347,485,1,01-Mar-1980,490,485,0.243630645973735,0.233322406187066,4.23109323766291,73,340,1,21.6893713012184,01-Jul-1976,5,6,490,485,73,340,0.243630645973735,0.234305472114523,3.82758655913017,0.0283631771408041,1,1,52.0068270291058,01-Sep-1967,5,485,73,340,0.00936467382121061,0.0220118327238692,2.35051782305683,135.051782305683,0.184450125130673,0.171942315792011,6.78113356106446,2.91251467388065e-11,1,1,5,01-Apr-1965,6.66408695186381,-66.6573321468511,-6765.73321468511,0,1,5,01-Feb-1966,6.51066830650668,23.9299047703419,2292.99047703419,0,1,01-Sep-1967,55.154,0,1,01-Sep-1967,52.007,0,586,01-Mar-1959,1,1,803,01-Mar-1959,1,1,586,0.0154424007783809,0.0250590385025756,1.62274240011034,62.2742400110342,1,72.6307299898826,01-Sep-1967,0.00837737050823924,0.0226831663733968,2.70767138102435,170.767138102435,8.88178419700125e-16,1,1,1,01-Aug-2000,-489.22764472557,0,3,01-Sep-1967 | 01-Jan-1983 | 01-Feb-1987,1,19.6879506027249,01-Jan-2015,6,5,803,799,120,560,0.662118754349482,0.650697591840292,1.72494170179657,0.0284797284406981,1,1,45.3887971948755,01-Jan-1973,6,799,120,560,0.012784885035878,0.0283321764356035,2.21606814266185,121.606814266185,0.516307793508143,0.484945528676262,6.07433496573521,7.96361199206785e-10,1,1,5,01-Jul-1972,8.38278733235685,101.116374250822,10011.6374250822,0,3,01-Jan-1973 | 01-Mar-1983 | 01-Apr-1987,45.389 | 16.544 | 15.93,0 | 0.001198 | 0.001609,1,38.3982573793141,01-Sep-1967,123.075601857231,2.23075601857231,2.59378851730219e-08,1,1,52.9639537589589,01-Sep-1967,149.389148284652,2.49389148284652,1.80369053026652e-11,1,1,50.9644980254716,01-May-1978,118.452889830598,2.18452889830598,4.9070192353895e-11,1,5,4,1,25.8615494971291,01-Jul-1976,2.45886111694154,0.00600995984583907,1,1,67.5511425057396,01-Sep-1967,5,581,88,406,0.00936467382121038,0.024102547883117,2.57377334686514,157.377334686514,0.284129326309552,0.266433666679811,6.22802998183369,1.19904086659517e-14,1,1,54.3495525370085,01-Jan-1973,0.011414109088004,0.0264903678988604,2.32084411447419,132.084411447419,9.01101415706762e-12,1,0,Interest and Exchange Rates,1,1,01-Aug-2000,8.89270347394161,-4.30205221419054,-530.205221419054,0,3,01-Sep-1967 | 01-Feb-1983 | 01-Apr-1987,67.551 | 11.827 | 14.923,0 | 0.011335 | 0.002607,1,5,01-Nov-1980,10.2330855627774,6.93652430178185,593.652430178185,0,2,01-Jan-1973 | 01-Mar-1999,54.35 | 19.147,0 | 0.00034
TB6MS,2,0,803,490,0,01-Jan-1959,01-Mar-1959,1,1,490,0.00184727575932492,0.00141817758322691,0.767712982789955,-23.2287017210045,1,490,01-Nov-1990,0.00180753120034411,0.00123035674245219,-0.000577174457891917,0.680683543508384,-31.9316456491616,0.0015357261454315,0.00150749232807177,1.83846693264424,74,343,1,9.33426522098424,01-Feb-1991,0.0018050831976753,0.00122288985236867,0.677470076694297,-32.2529923305703,490,5,74,343,0.0362231103720759,1,down,1990s,1,1,balanced,balanced_sig,8,-12.3214554900696,482,1,01-Jun-1974,490,482,0.00191341212284677,0.00171880825838128,10.1705148693193,73,337,1,43.2455839225523,01-Jun-1967,5,9,490,482,73,337,0.00191341212284677,0.00182456210086396,4.64353815479234,6.63293430294143e-05,1,1,15.4399741081003,01-Jan-1992,5,482,73,337,0.00184712601315776,0.00116062976045301,0.628343573846838,-37.1656426153162,0.00145359627555344,0.00141764917438227,2.47297697274879,0.00203483969590501,1,1,100,01-Aug-1991,1.78600123068347,0.664599040253257,-33.5400959746743,1,1,100,01-Oct-1991,2.39864127502472,0.628338834759062,-37.1661165240938,1,1,01-Feb-1991,9.334,0.036223,3,01-Oct-1960 | 01-May-1965 | 01-Jan-1992,12.12 | 16.215 | 15.44,0.009874 | 0.001402 | 0.002035,586,01-Mar-1959,1,1,800,01-Mar-1959,1,1,586,0.00184727083894809,0.00181268817491128,0.981279050528129,-1.87209494718708,1,9.09631766669013,01-Mar-1999,0.00166170979702001,0.00260246182870816,1.56613497337214,56.613497337214,0.0404154605718785,1,1,100,01-Oct-1999,56.4481339360108,1,2,01-Mar-1992 | 01-Mar-1999,1,56.6023261411747,01-Jun-2015,6,12,800,789,119,552,0.00415871334865752,0.00405880167223849,2.40246605242194,4.72478897262096e-06,1,1,7.36583301948452,01-Aug-1972,6,789,119,552,0.00158516339936698,0.0020778997954825,1.31084265275888,31.0842652758883,0.00327109955565623,0.00324145466121236,0.90626695823445,0.0887539950892567,0,1,100,01-Dec-1999,1.01493278567234,1.23637514073159,23.6375140731588,1,0,,,,1,9.50419720533816,01-Jun-1990,-31.4664313500637,0.685335686499363,0.0334923099422508,1,1,5.26950687163563,01-Jan-1999,31.8330938497078,1.31833093849708,0.222789877675279,0,1,5.21457569382103,01-Jun-1999,26.2495164246596,1.2624951642466,0.228072372234699,0,11,11,1,65.4082978461768,01-Jul-2000,6.243881489961,1.32735711533272e-07,1,1,6.41577588323873,01-Dec-1972,5,575,87,402,0.00150844670009021,0.00194349501595225,1.28840814583374,28.840814583374,0.00182065731228606,0.0017992289920818,1.17695516117493,0.135438911116452,0,1,5.8317969405016,01-Mar-1999,0.00166093132405864,0.0021974272108484,1.3230090726923,32.3009072692296,0.174866320061793,0,0,Interest and Exchange Rates,1,100,01-May-1972,0.865074435359489,1.25333589004593,25.3335890045931,1,0,,,,1,100,01-Jun-1999,1.5384508408963,1.30168163062135,30.1681630621347,1,0,,,
TB6SMFFM,1,0,803,490,0,01-Jan-1959,01-Mar-1959,1,1,490,0.00234042010270142,0.00476125675835949,2.03435987960615,103.435987960615,1,490,01-Nov-1987,0.00240640678751592,0.00538893894149691,0.00298253215398099,2.23941312393811,123.941312393811,0.00647230851666517,0.00556415078211871,14.0314345678685,74,343,1,37.8011808676656,01-Feb-1988,0.00247232370085917,0.00529040732613418,2.13985220636589,113.985220636589,490,5,74,343,3.49028084212222e-08,1,up,1980s,1,1,balanced,balanced_sig,5,-11.1681212344247,485,1,01-Jun-1990,490,485,0.00634253163818364,0.00617593210554929,2.6267040061949,73,340,1,18.0719153181995,01-Sep-1972,5,6,490,485,73,340,0.00634253163818364,0.00624473829426402,1.54186607964061,0.0962537915945876,0,1,50.5542933778721,01-Jan-1974,5,485,73,340,0.00197084067715387,0.00397030650454951,2.0145243350077,101.45243350077,0.00467702478464286,0.00423096212366213,9.53731659591353,6.02492500334506e-11,1,1,100,01-Apr-1987,12.8070364102822,2.20200859607252,120.200859607252,1,1,50,01-Jul-1985,13.7700531783899,2.06934423735152,106.934423735152,1,2,01-Feb-1988 | 01-Apr-1990,37.801 | 20.316,0 | 0.000193,2,01-Jan-1974 | 01-Jan-1986,50.554 | 22.186,0 | 7.8e-05,586,01-Mar-1959,1,1,800,01-Mar-1959,1,1,586,0.00234123480495431,0.00462525716221778,1.97556313122897,97.5563131228968,1,47.3918255442403,01-Jan-1988,0.00243931114595905,0.00495113417132767,2.0297263756326,102.97263756326,2.9285174285576e-10,1,1,100,01-Dec-1986,105.166480248433,1,1,01-Jan-1988,1,16.1937215377307,01-Sep-1972,6,7,800,794,120,555,0.015568167920502,0.0154724882484983,0.614585303115111,0.268411012772899,0,1,79.8505435355689,01-Jan-1974,6,794,120,555,0.00196409486372489,0.00442828134304315,2.25461683385544,125.461683385544,0.0122807498516455,0.011459142452884,6.69020547349867,0,1,1,100,01-Dec-1985,9.3279291373847,2.05345051637851,105.345051637851,1,2,01-Jan-1974 | 01-Jun-1986,79.851 | 24.087,0 | 3.1e-05,1,55.4006916916342,01-Feb-1977,112.484163163278,2.12484163163278,5.32163202393576e-12,1,1,56.3329914209674,01-Jun-1977,92.6180823551056,1.92618082355106,3.33510996597397e-12,1,1,65.5550549551125,01-May-1977,121.219976494656,2.21219976494656,3.25295346215171e-14,1,5,6,1,27.7036090500649,01-Aug-1995,4.76345763394248,0.00292043947077569,1,1,54.457253621455,01-Jul-1972,5,581,88,406,0.00207739465129504,0.00385909779265744,1.85766233211955,85.7662332119553,0.0056527831668411,0.00529053342266683,6.40834317330988,8.53772608166992e-12,1,1,70.6586543855604,01-Jul-1987,0.0024107151206416,0.0050756557103178,2.10545645433498,110.545645433498,2.55351295663786e-15,1,0,Interest and Exchange Rates,1,100,01-Jul-1985,9.50542276889358,1.79766874224987,79.7668742249867,1,2,01-Jul-1972 | 01-Jan-1986,54.457 | 20.409,0 | 0.000184,1,100,01-Sep-1986,9.79411605147779,2.1341427351566,113.41427351566,1,1,01-Jul-1987,70.659,0
TOTRESNS,6,0,803,490,0,01-Jan-1959,01-Mar-1959,1,1,490,0.00445874622124898,0.00462608839123863,1.03753121655414,3.75312165541397,1,490,01-Nov-1979,0.00418097610871851,0.00487905516173902,0.000698079053020517,1.1669655685343,16.6965568534301,0.00863251038365737,0.00857283028634055,0.691341158764186,74,343,1,1.88886536042764,01-Nov-1979,0.00418097610871851,0.00487905516173902,1.1669655685343,16.6965568534302,490,5,74,343,0.816577280983739,0,,,0,0,,balanced_not_sig,7,-10.3392510267282,483,1,01-Jul-1973,490,483,0.0140997967392253,0.0131458647671764,6.76557250924758,73,338,1,50.7621509826575,01-Jan-1969,5,8,490,483,73,338,0.0140997967392253,0.0132829070815661,5.79362719028853,9.97811084979539e-07,1,1,8.03961363682763,01-Oct-1968,5,483,73,338,0.00396208996024477,0.00510378720479872,1.28815530591421,28.815530591421,0.00952146500902947,0.0094114497627787,1.15544452609382,0.0654853674869318,0,1,100,01-Aug-1979,0.530212750315542,1.14808030644948,14.8080306449481,1,1,100,01-Nov-1967,0.947426162452419,1.28082210649322,28.0822106493225,1,0,,,,0,,,,586,01-Mar-1959,1,1,800,01-Mar-1959,1,1,586,0.00445758392373691,0.00754406269356991,1.69241069212344,69.2410692123441,1,30.4142848216154,01-Feb-1999,0.00444167920392637,0.0129155098786517,2.90779889444392,190.779889444392,1.35845651405564e-06,1,1,100,01-Oct-1999,204.278695931843,1,1,01-Feb-1999,1,35.104343644595,01-Nov-1969,6,10,800,791,119,554,0.0755568876438267,0.0746831932815282,1.15633979845369,0.00331732925419137,1,1,56.6716719633453,01-Jan-1999,6,791,119,554,0.00487638383758201,0.0122890966519794,2.52012496581341,152.012496581341,0.0681383407488987,0.057657870810702,15.381164001071,2.81441536742477e-12,1,1,100,01-Oct-1999,15.3264049883838,2.55444623220009,155.444623220009,1,3,01-Feb-1967 | 01-Mar-1991 | 01-Jan-1999,10.901 | 10.829 | 56.672,0.017504 | 0.0181 | 0,1,3.39358221650214,01-Oct-1968,19.2640262584016,1.19264026258402,0.48047210648688,0,1,29.0450862451701,01-Jan-1999,136.959337624685,2.36959337624685,2.67061709713357e-06,1,1,60.5710096958463,01-Apr-1999,151.197130083232,2.51197130083232,3.98014954328119e-13,1,11,9,1,56.371546789699,01-Nov-1967,2.18829249868173,5.17783904485647e-06,1,1,32.0250910717393,01-Jan-1999,5,575,87,402,0.00501788887721932,0.0113188443895102,2.2556984952171,125.56984952171,0.0215806538928651,0.0181230549824974,16.0217522950536,6.12559593715645e-07,1,1,49.6402159735316,01-Jan-1999,0.00444045075531314,0.011855614777573,2.66991245503339,166.991245503339,9.51748679867137e-11,1,0,Money and Credit,1,50,01-Sep-2000,16.4677243690025,2.49246877021999,149.246877021999,1,5,01-May-1967 | 01-Dec-1991 | 01-Feb-1993 | 01-Jan-1998 | 01-Jan-1999,18.106 | 14.735 | 16.159 | 15.544 | 32.025,0.000564 | 0.002851 | 0.001441 | 0.001936 | 1e-06,1,100,01-Aug-1999,16.8839979187303,2.70620592230955,170.620592230955,1,1,01-Jan-1999,49.64,0
UEMP15OV,5,0.00124223602484472,801,490,0,01-Jan-1959,01-Mar-1959,1,1,490,0.00267542222044028,0.000930258692422369,0.347705377235478,-65.2294622764522,1,490,01-Feb-1979,0.00296355572664542,0.00105852846496559,-0.00190502726167983,0.35718189992121,-64.281810007879,0.00255084281435825,0.0021064596876958,17.4210313611288,74,343,1,91.337730035335,01-Jun-1984,0.00268217390567196,0.000862928082322699,0.321727118624886,-67.8272881375114,490,5,74,343,0,1,down,1980s,1,1,balanced,balanced_sig,5,-12.2006109283212,485,1,01-Dec-1969,490,485,0.00225869747098721,0.00216186740250089,4.2869870679937,73,340,1,41.1807389111704,01-Oct-1965,5,6,490,485,73,340,0.00225869747098721,0.00217590396140183,3.66554222727263,9.59376798170819e-06,1,1,99.003291981573,01-May-1984,5,485,73,340,0.00233882513690263,0.000897178562337193,0.383602240364729,-61.6397759635271,0.00187608913724686,0.00163728945707004,12.728589246418,0,1,1,20,01-Feb-1980,17.7748872054594,0.291911689097712,-70.8088310902288,1,1,20,01-Jan-1983,13.2146227613619,0.340683228922077,-65.9316771077923,1,4,01-Feb-1979 | 01-Jun-1984 | 01-Dec-1985 | 01-May-1994,23.234 | 91.338 | 10.116 | 9.211,4.6e-05 | 0 | 0.025233 | 0.038343,2,01-May-1984 | 01-Nov-1993,99.003 | 15.443,0 | 0.002032,586,01-Mar-1959,1,1,800,01-Mar-1959,1,1,586,0.00267523567182458,0.00108178870634521,0.40437136725506,-59.562863274494,1,71.7034932476054,01-Jun-1984,0.00268199103893684,0.0010406031978523,0.38799652301031,-61.200347698969,1.4432899320127e-15,1,1,50,01-Jan-1979,-62.8933256732101,1,3,01-Feb-1979 | 01-Jun-1984 | 01-Nov-2000,1,40.5395874116714,01-Nov-1969,6,6,800,795,120,556,0.00349987424759427,0.00333535542326569,4.70070673086795,1.27564467151675e-05,1,1,37.2535769997748,01-Apr-1978,6,795,120,556,0.0025228106930318,0.00148361648086101,0.588080780281641,-41.1919219718359,0.00272671201574414,0.00255249776252321,6.38916952780539,4.58203371911381e-08,1,1,50,01-Feb-1980,6.22070449098541,0.580671150308827,-41.9328849691173,1,5,01-Apr-1978 | 01-May-1984 | 01-Aug-1993 | 01-Jun-2001 | 01-May-2012,37.254 | 14.088 | 13.558 | 10.666 | 31.688,0 | 0.003884 | 0.004998 | 0.019532 | 1e-06,1,81.7576649890866,01-May-1984,-62.660906947125,0.37339093052875,0,1,1,65.0423088629688,01-May-1984,-56.4882281368338,0.435117718631662,4.21884749357559e-14,1,1,28.90728992781,01-Jul-1978,-36.7686450794115,0.632313549205885,2.8584570020973e-06,1,5,5,1,28.4945513295054,01-Nov-1966,2.55757719716769,0.00212999992852492,1,1,79.6745892229522,01-Mar-1984,5,581,88,406,0.00238431047656703,0.00104590865165648,0.43866294341096,-56.133705658904,0.00201004281329038,0.00174994692968663,12.9398180916346,0,1,1,55.8926993635514,01-Apr-1979,0.00295098601808981,0.0013940326640416,0.472395550333366,-52.7604449666634,4.15867340564091e-12,1,0,Labor Market,1,20,01-Jan-1982,13.1512488810152,0.404030261991193,-59.5969738008807,1,3,01-Mar-1984 | 01-Aug-1993 | 01-Jun-2001,79.675 | 13.38 | 10.706,0 | 0.005438 | 0.019168,1,100,01-Jul-1978,12.609424929185,0.462483214246607,-53.7516785753393,1,2,01-Apr-1979 | 01-Aug-2014,55.893 | 29.791,0 | 2e-06
UEMP15T26,5,0.00124223602484472,801,490,0,01-Jan-1959,01-Mar-1959,1,1,490,0.00254311000518515,0.00255155683640871,1.00332145727331,0.332145727331172,1,490,01-Nov-1971,0.00206682504678621,0.00276415864088237,0.000697333594096155,1.33739362467107,33.7393624671071,0.00365370165124883,0.00360253271041707,1.40046850334028,74,343,1,5.51383490268675,01-Nov-1971,0.00206682504678622,0.00276415864088236,1.33739362467106,33.7393624671065,490,5,74,343,0.200635272414339,0,,,0,0,,balanced_not_sig,8,-11.4989412631452,482,1,01-Sep-1973,490,482,0.00435533846904796,0.00395179170299274,9.26556613046506,73,337,1,46.557167755176,01-Jan-1990,5,9,490,482,73,337,0.00435533846904796,0.00422743792706333,2.93663840120753,1.65930732043407e-05,1,1,8.16574841901868,01-Jan-1992,5,482,73,337,0.00282516409808032,0.00205609079873635,0.72777747676089,-27.222252323911,0.00319508509481046,0.0031499698831042,1.41201909706685,0.0618410349474285,0,1,100,01-Aug-1971,1.16202024478307,1.31315754659483,31.3157546594835,1,1,100,01-Dec-1991,1.18350701948665,0.743499511040294,-25.6500488959707,1,0,,,,0,,,,586,01-Mar-1959,1,1,800,01-Mar-1959,1,1,586,0.00254197726771799,0.0037195852389658,1.46326455637622,46.3264556376221,1,25.8420803710929,01-Jan-1999,0.00249229824063619,0.00593400857324647,2.38093839513033,138.093839513033,1.29272210045439e-05,1,1,50,01-Aug-2000,160.75368490698,1,1,01-Jan-1999,1,61.3409596918751,01-Aug-1974,6,10,800,791,119,554,0.016735781419957,0.0159073971858689,4.94977923827525,8.09022060455078e-08,1,1,49.5591824054748,01-Dec-1972,6,791,119,554,0.00215270698575553,0.00418527024287321,1.94418946496999,94.4189464969992,0.0136741441267078,0.0131542671701587,3.80189759396874,9.91111637205222e-11,1,1,100,01-Jun-1999,10.409211586223,2.05040985930355,105.040985930355,1,3,01-Dec-1972 | 01-Jul-1991 | 01-Mar-1999,49.559 | 14.813 | 29.971,0 | 0.002747 | 2e-06,1,4.82340109474854,01-Jan-1992,-23.1627655818544,0.768372344181456,0.269137257153751,0,1,24.076400323995,01-Mar-1999,97.9668105301187,1.97966810530119,3.07444232026111e-05,1,1,43.9439859563813,01-Mar-1973,88.5465168926894,1.88546516892689,1.63773405947865e-09,1,11,9,1,53.4241364864536,01-Feb-1982,6.98324304345604,1.64963283839636e-05,1,1,29.7618523309353,01-Dec-1972,5,575,87,402,0.00216079667670991,0.00354012976734898,1.63834469272661,63.8344692726611,0.0051868014023805,0.00497139854786212,4.15290345258873,1.874933926449e-06,1,1,33.7183135310395,01-Jan-1999,0.00249120906201323,0.00521774283994356,2.09446205037763,109.446205037763,2.64846086506232e-07,1,0,Labor Market,1,50,01-Sep-2000,10.3916591279913,2.07714665947517,107.714665947517,1,3,01-Dec-1972 | 01-Jul-1991 | 01-Mar-1999,29.762 | 20.541 | 18.733,2e-06 | 0.000173 | 0.000416,1,100,01-May-1999,10.4749623520826,2.10329560258905,110.329560258905,1,1,01-Jan-1999,33.718,0
UEMP27OV,5,0.00124223602484472,801,490,0,01-Jan-1959,01-Mar-1959,1,1,490,0.0024038398475405,0.00160882680276528,0.669273705738493,-33.0726294261507,1,490,01-May-1987,0.00238892790245117,0.00142644014415269,-0.000962487758298473,0.597104727475906,-40.2895272524093,0.00209495511161109,0.00199817837027224,4.61951384077277,74,343,1,24.1425129939708,01-Aug-1991,0.00229367590037733,0.00130705419550841,0.569851300828239,-43.0148699171761,490,5,74,343,2.97643633375699e-05,1,down,1990s,1,1,balanced,balanced_sig,8,-11.8390780300816,482,1,01-Jun-1978,490,482,0.00309957671925239,0.00283718595332147,8.46537413644689,73,337,1,38.8779258925374,01-Jun-1978,5,9,490,482,73,337,0.00309957671925239,0.00283718595332147,8.46537413644689,0.000389599596123058,1,1,50.508471185278,01-Feb-1991,5,482,73,337,0.00257528883537367,0.00139819253042477,0.542926490892776,-45.7073509107224,0.00187031298688603,0.00175574305239936,6.12570918824752,6.16463546876389e-11,1,1,50,01-May-1987,4.61563494219523,0.580103680073501,-41.9896319926499,1,1,100,01-Jul-1988,6.63920683041284,0.564241613813514,-43.5758386186486,1,1,01-Aug-1991,24.143,3e-05,2,01-Feb-1991 | 01-Dec-1996,50.508 | 11.228,0 | 0.015018,586,01-Mar-1959,1,1,800,01-Mar-1959,1,1,586,0.00240446745677739,0.00162385028933686,0.675347168771103,-32.4652831228897,1,21.3537754399759,01-Apr-1988,0.00237199386329349,0.00150000988684728,0.632383544519182,-36.7616455480818,0.000116347161733033,1,1,50,01-Feb-1987,-37.6436989953209,1,1,01-Apr-1988,1,28.0412745788967,01-Dec-1975,6,8,800,793,119,556,0.00629274964589431,0.00608766116171048,3.25912352667071,0.0108669246411465,1,1,7.1771467951807,01-Aug-2015,6,793,119,556,0.00222428557494713,0.0036069154437742,1.62160627412239,62.1606274122389,0.00485288163635444,0.00465553895133138,4.06650521918169,0.0965842399346836,0,1,100,01-Nov-2015,4.32842643664897,1.67761929481584,67.7619294815843,1,0,,,,1,41.0366847463973,01-Dec-1989,-44.3427279653056,0.556572720346944,6.97659108261917e-09,1,1,26.2434802180727,01-Mar-1988,-36.1455022281936,0.638544977718064,1.06128293585472e-05,1,1,11.8067802629749,01-Feb-2017,87.9509331887127,1.87950933188713,0.0114431537425728,1,8,7,1,32.9023752372935,01-Jun-1978,6.75902083701798,0.00384318791285709,1,1,35.0588512101128,01-Mar-1988,5,578,87,405,0.0026504892421029,0.00165090489762129,0.62286798655763,-37.713201344237,0.00215677496150803,0.00201706937344807,6.47752271578086,1.36244290072085e-07,1,1,6.11787023053183,01-Aug-2015,0.00194669989647332,0.00324629671657385,1.6675897103888,66.7589710388799,0.154364845145456,0,0,Labor Market,1,100,01-Apr-1988,6.27700806514467,0.620915378124513,-37.9084621875487,1,1,01-Mar-1988,35.059,0,1,100,01-Oct-2015,4.15044959300251,1.73594790643348,73.5947906433482,1,0,,,
UEMP5TO14,5,0.00124223602484472,801,490,0,01-Jan-1959,01-Mar-1959,1,1,490,0.00266467258757047,0.00107275920546319,0.402585747482502,-59.7414252517498,1,490,01-May-1983,0.0026911316064827,0.00109006482943954,-0.00160106677704316,0.405058164681976,-59.4941835318024,0.00229130812447559,0.00198835957534305,13.2216416420152,74,343,1,66.0629924016489,01-Aug-1986,0.0025581512345416,0.000974076819663783,0.380773742580676,-61.9226257419324,490,5,74,343,2.52020626589911e-14,1,down,1980s,1,1,balanced,balanced_sig,6,-12.0701470427931,484,1,01-Apr-1970,490,484,0.00253522609903557,0.00229646579337265,9.41771251699174,73,339,1,95.1592997813113,01-May-1970,5,7,490,484,73,339,0.00253522609903557,0.00229742823648401,9.37974970524392,1.11022302462516e-16,1,1,40.9556238195321,01-Feb-1992,5,484,73,339,0.00205581301197046,0.000935537710255733,0.455069456613195,-54.4930543386805,0.0019732966942905,0.00187823695438382,4.81730599264251,7.26403293072053e-09,1,1,100,01-Jan-1984,12.8348034264508,0.393553175930133,-60.6446824069867,1,1,100,01-Apr-1984,9.17577268054615,0.451709262890001,-54.8290737109999,1,2,01-Aug-1986 | 01-Feb-1995,66.063 | 8.847,0 | 0.045324,2,01-Dec-1983 | 01-Feb-1992,27.276 | 40.956,6e-06 | 0,586,01-Mar-1959,1,1,800,01-Mar-1959,1,1,586,0.00266521249102682,0.00113627327865394,0.426334966716359,-57.3665033283641,1,55.8087671377968,01-Aug-1986,0.00255871679159248,0.00108243548965941,0.423038412541833,-57.6961587458167,4.33741931260556e-12,1,1,100,01-Feb-1984,-58.0420452334787,1,1,01-Aug-1986,1,112.746990728147,01-May-1970,6,7,800,794,120,555,0.00302356056952381,0.00278167113429389,8.00015179679405,0,1,1,37.5870292873643,01-Jul-1984,6,794,120,555,0.00232273297735803,0.00109536292289278,0.471583661820091,-52.8416338179909,0.00244320283084287,0.00216239647659253,11.4933705341797,3.88230184666938e-08,1,1,100,01-Sep-1984,11.2727401784893,0.467126785302601,-53.2873214697399,1,1,01-Jul-1984,37.587,0,1,50.1664520856537,01-Jul-1986,-53.3312472348344,0.466687527651656,7.314981953499e-11,1,1,42.046140424555,01-Jan-1984,-49.6668795256973,0.503331204743027,4.2190819726784e-09,1,1,28.2413894782564,01-Oct-1986,-52.6290399880905,0.473709600119095,3.969364896661e-06,1,6,6,1,89.3217179688417,01-May-1970,8.50720259597092,2.99760216648792e-15,1,1,35.8791317175797,01-Jan-1984,5,580,87,407,0.00233877668784496,0.00112949924573262,0.482944460496304,-51.7055539503696,0.00214142642909798,0.00192940809062564,9.90079956011619,9.0683137110581e-08,1,1,67.9565191738476,01-May-1970,0.00299919071885759,0.00138848702083222,0.462953893562697,-53.7046106437303,9.76996261670138e-15,1,0,Labor Market,1,100,01-May-1984,9.62269355007976,0.478854539568588,-52.1145460431412,1,1,01-Jan-1984,35.879,0,1,100,01-Jun-1984,17.0721575420034,0.392445314029768,-60.7554685970232,1,5,01-May-1970 | 01-May-1973 | 01-Aug-1986 | 01-Mar-2006 | 01-Nov-2019,67.957 | 10.453 | 18.644 | 16.572 | 11.283,0 | 0.021572 | 0.000434 | 0.001181 | 0.014632
UEMPLT5,5,0.00124223602484472,801,490,0,01-Jan-1959,01-Mar-1959,1,1,490,0.0019976468025524,0.00160872087971077,0.805307964178306,-19.4692035821694,1,490,01-Nov-1990,0.00200409564961389,0.00129002489506597,-0.000714070754547923,0.643694274429718,-35.6305725570282,0.00144126456945082,0.00139804923418957,2.99843180615412,74,343,1,16.0526900497403,01-Nov-1990,0.00200409564961389,0.00129002489506597,0.643694274429718,-35.6305725570282,490,5,74,343,0.00151641522448442,1,down,1990s,1,1,balanced,balanced_sig,6,-12.2189128731816,484,1,01-Aug-1973,490,484,0.00218478405635136,0.00200655929620448,8.15754580544331,73,339,1,70.7422841339963,01-Dec-1970,5,7,490,484,73,339,0.00218478405635136,0.00201530770675769,7.75712130912876,2.7494673204842e-11,1,1,15.9525051370665,01-Mar-1991,5,484,73,339,0.00206163330852464,0.00133798340322149,0.648991941335574,-35.1008058664426,0.0014098478398653,0.00136679119681821,3.05399219898858,0.00159118386737112,1,1,100,01-Mar-1991,2.75659312227306,0.642717217596333,-35.7282782403667,1,1,100,01-May-1991,2.72244124146445,0.655558251738493,-34.4441748261507,1,1,01-Nov-1990,16.053,0.001516,1,01-Mar-1991,15.953,0.001591,586,01-Mar-1959,1,1,800,01-Mar-1959,1,1,586,0.00199737903456511,0.00210001351793743,1.05138458029057,5.1384580290573,1,12.6422680276443,01-Feb-2000,0.00183985568304714,0.003136317546885,1.70465410726708,70.4654107267082,0.00771537175315662,1,1,100,01-Oct-1999,68.6778534696511,1,2,01-Nov-1990 | 01-Feb-2000,1,110.948361428812,01-Nov-1969,6,10,800,791,119,554,0.00519071862900711,0.00494513601525051,4.73118716904091,0,1,1,13.4155981717388,01-Mar-1972,6,791,119,554,0.00172818665917294,0.00234084327779349,1.35450836017549,35.4508360175487,0.00384758905428553,0.00380243149465726,1.17365859480163,0.00534754634140344,1,1,100,01-Aug-1999,2.36157335440017,1.36374668114809,36.3746681148092,1,1,01-Mar-1972,13.416,0.005348,1,11.4079389835026,01-Jun-1990,-30.9299237525443,0.690700762474557,0.0138018879127551,1,1,10.017104859625,01-Mar-1999,53.7177721245044,1.53717772124504,0.0264148258338689,1,1,9.89932982315839,01-Jun-1999,37.6055194887558,1.37605519488756,0.0278975650223943,1,11,9,1,80.2758107300323,01-Sep-1970,6.41067006842147,2.4396529241244e-10,1,1,8.93342450996244,01-Mar-1999,5,575,87,402,0.00191361853768149,0.00277569428144522,1.45049508394093,45.0495083940928,0.00194811323047094,0.00188432946365859,3.27413036443098,0.0435546658202141,1,1,8.81052408064948,01-Mar-1999,0.00183025473884501,0.0025603609312181,1.39890960360732,39.8909603607323,0.0460792406719213,1,0,Labor Market,1,100,01-Dec-1999,3.07637392827037,1.46682961652076,46.6829616520764,1,3,01-Feb-1973 | 01-Apr-1991 | 01-Mar-1999,10.076 | 51.908 | 8.933,0.025702 | 0 | 0.043555,1,100,01-Jun-1999,2.64501107060223,1.38607367163623,38.6073671636232,1,5,01-Nov-1990 | 01-Mar-1999 | 01-Aug-2009 | 01-Apr-2012 | 01-Aug-2023,29.856 | 8.811 | 10.364 | 11.056 | 12.993,2e-06 | 0.046079 | 0.022477 | 0.016278 | 0.006535
UEMPMEAN,2,0.00124223602484472,801,490,0,01-Jan-1959,01-Mar-1959,1,1,490,0.00220682308849739,0.00173732314398853,0.787250755642338,-21.2749244357662,1,490,01-Sep-1975,0.00239561906759481,0.00176794202600225,-0.000627677041592557,0.737989628617064,-26.2010371382936,0.00218722299415431,0.00214066197551182,2.12877327857895,74,343,1,8.40278216625769,01-Aug-1990,0.00217223149511523,0.00151871266843272,0.699148627504896,-30.0851372495104,490,5,74,343,0.0555173609140216,0,,,0,0,,balanced_not_sig,8,-12.0083317632814,482,1,01-Aug-1974,490,482,0.00261695604325829,0.0023838202690675,8.90866221430773,73,337,1,40.8419177389508,01-Nov-1965,5,9,490,482,73,337,0.00261695604325829,0.00251496016950041,3.89750045747397,0.000177290084903303,1,1,17.9782346683702,01-Mar-1991,5,482,73,337,0.00232632500043646,0.00149790080104887,0.643891460035826,-35.6108539964174,0.00173101926171725,0.00167465690237332,3.25602150076683,0.000599370672499822,1,1,100,01-Feb-1976,1.70421795504117,0.757494140988262,-24.2505859011738,1,1,100,01-Aug-1991,2.98562120999971,0.641420601092717,-35.8579398907283,1,0,,,,2,01-Jan-1965 | 01-Mar-1991,14.039 | 17.978,0.003975 | 0.000599,586,01-Mar-1959,1,1,800,01-Mar-1959,1,1,586,0.00220639843911451,0.00245675559935193,1.11346869894356,11.3468698943559,1,17.5418236432853,01-Jan-1999,0.00199443577457074,0.00382913655560838,1.91990968294405,91.9909682944053,0.000740077808707773,1,1,100,01-Aug-1999,96.6773443237889,1,3,01-Feb-1992 | 01-May-1993 | 01-Jan-1999,1,54.8790888338489,01-Jan-1975,6,10,800,791,119,554,0.00763677874141563,0.00712670931988534,6.67911744992808,1.30468530423755e-06,1,1,17.1542621550331,01-Jan-1999,6,791,119,554,0.0021690930888278,0.00335529607723824,1.54686587427719,54.6865874277192,0.00563783004469711,0.00536945357578696,4.7602795185815,0.000892289588202977,1,1,100,01-May-1999,4.52022827100753,1.54365764439232,54.3657644392325,1,2,01-Mar-1991 | 01-Jan-1999,35.392 | 17.154,0 | 0.000892,1,14.230582828327,01-Jan-1990,-33.6704044350021,0.663295955649979,0.00362814211966045,1,1,14.7031748914997,01-Jan-1999,58.1152427353681,1.58115242735368,0.00289531662566822,1,1,16.8322517683522,01-Apr-1999,53.0175345837993,1.53017534583799,0.00104212351276345,1,11,9,1,53.5981845617041,01-Jul-2000,5.56263701478505,1.54141275098274e-05,1,1,12.964022929683,01-Mar-1999,5,575,87,402,0.00217845232804586,0.0033403957381855,1.53338023292065,53.3380232920651,0.00261948916802819,0.00250361429620053,4.42356751239748,0.0066252309662751,1,1,16.1003036579835,01-Jan-1999,0.00199385003269697,0.00321661845589712,1.61327000684509,61.3270006845087,0.00148211368764983,1,0,Labor Market,1,50,01-Sep-2000,4.25094223194891,1.60915182636589,60.9151826365887,1,3,01-Nov-1991 | 01-Feb-1993 | 01-Mar-1999,53.974 | 20.522 | 12.964,0 | 0.000174 | 0.006625,1,100,01-Apr-1999,4.76196315760729,1.60813129953306,60.8131299533057,1,5,01-Feb-1992 | 01-May-1993 | 01-Jan-1999 | 01-Aug-2009 | 01-Apr-2023,22.926 | 22.041 | 16.1 | 10.159 | 11.352,5.4e-05 | 8.3e-05 | 0.001482 | 0.024727 | 0.014167
UNRATE,2,0.00124223602484472,801,490,0,01-Jan-1959,01-Mar-1959,1,1,490,0.00214058590232125,0.00156590377394514,0.731530452595748,-26.8469547404252,1,490,01-Feb-1991,0.00208698637170248,0.00129382412033439,-0.000793162251368094,0.619948523803218,-38.0051476196782,0.0017878935746822,0.00173563409477376,2.9229636846663,74,343,1,18.6941454867325,01-Feb-1991,0.00208698637170248,0.00129382412033439,0.619948523803218,-38.0051476196782,490,5,74,343,0.000423847758805662,1,down,1990s,1,1,balanced,balanced_sig,8,-12.1366638288389,482,1,01-Aug-1974,490,482,0.00230177315122978,0.00209209949519466,9.10922329262087,73,337,1,66.8228196068778,01-Apr-1967,5,9,490,482,73,337,0.00230177315122978,0.00217327360232875,5.58263305975116,1.97864413742366e-09,1,1,28.57472899808,01-Mar-1991,5,482,73,337,0.00214653034245888,0.00125330280736598,0.583873790449334,-41.6126209550666,0.00157730230126469,0.00151177718264497,4.15425239455886,3.36788176991121e-06,1,1,100,01-Dec-1990,2.81530218019753,0.619736517615519,-38.0263482384481,1,1,100,01-Jun-1991,3.94426896743391,0.577775644621726,-42.2224355378274,1,1,01-Feb-1991,18.694,0.000424,3,01-Dec-1972 | 01-Jan-1987 | 01-Mar-1991,10.166 | 10.227 | 28.575,0.024646 | 0.023961 | 3e-06,586,01-Mar-1959,1,1,800,01-Mar-1959,1,1,586,0.00214055955715533,0.00199563327279408,0.932295140363274,-6.77048596367259,1,8.36647593023561,01-Feb-2000,0.00191001310531457,0.00290322002959804,1.52000005733987,52.000005733987,0.0564435213273351,0,1,100,01-Nov-1999,49.1870396986832,1,0,,1,61.7688954027677,01-Jan-1975,6,12,800,789,119,552,0.00494668430865004,0.00456200177173761,7.77657341584851,5.91138659356005e-07,1,1,6.29125341500875,01-Dec-1972,6,789,119,552,0.00185292050231434,0.00227312674366989,1.22678050182439,22.6780501824393,0.00337985941739669,0.0033578672035261,0.650684278682991,0.143065772753906,0,1,100,01-Jan-2004,1.08704373671172,1.23051960681953,23.0519606819535,1,0,,,,1,22.2219620727751,01-Jun-1990,-38.5342660839804,0.614657339160196,7.61668948660033e-05,1,1,5.01679628353315,01-Mar-1999,27.1211838503198,1.2712118385032,0.248059344856676,0,1,4.04956374310462,01-May-2000,21.5464723694537,1.21546472369454,0.370457917879933,0,12,11,1,69.4555219087115,01-Jul-2000,5.8223853587653,3.93362402650865e-08,1,1,7.3878099358003,01-Mar-1987,5,574,87,401,0.00228180976738976,0.0017674779445633,0.774594784290534,-22.5405215709466,0.00197342453738041,0.00193612893659655,1.88989242189937,0.0878827061826464,0,1,4.14929334013266,01-Jan-1999,0.00190561583884917,0.00238473760585032,1.251426209435,25.1426209435,0.355757436937595,0,0,Labor Market,1,100,01-Sep-1987,1.65669299123866,0.782574373493649,-21.7425626506351,1,0,,,,1,100,01-Jul-1999,1.08707889029359,1.23818170662299,23.8181706622986,1,0,,,
USCONS,5,0,803,490,0,01-Jan-1959,01-Mar-1959,1,1,490,0.00127646988029051,0.00135020914502787,1.0577681196211,5.77681196211047,1,490,01-Jun-1972,0.00103795967347035,0.00143501403762626,0.000397054364155917,1.38253351676794,38.2533516767943,0.000590148930083349,0.000573161104623289,2.87856583213008,74,343,1,12.0738871086785,01-Jun-1972,0.00103795967347035,0.00143501403762626,1.38253351676794,38.253351676794,490,5,74,343,0.0100905340177554,1,up,1970s,1,1,balanced,balanced_sig,5,-12.9763674357619,485,1,01-Jun-1986,490,485,0.00103980354827888,0.00100638580053874,3.21385205844456,73,340,1,31.6796643472703,01-Dec-1990,5,6,490,485,73,340,0.00103980354827888,0.00101029407363176,2.8379855690977,0.000579712884004491,1,1,23.4871053076007,01-May-1991,5,485,73,340,0.00149602602304274,0.000966721782247917,0.646193159315315,-35.3806840684685,0.000658484049582561,0.000635755611264091,3.45163080759181,4.1030686846355e-05,1,1,100,01-May-1972,2.57151097026447,1.36857587589454,36.8575875894536,1,1,100,01-Mar-1972,3.08389887694921,1.42151573777984,42.1515737779836,1,3,01-Jun-1972 | 01-Jun-1991 | 01-May-1998,12.074 | 10.453 | 19.244,0.010091 | 0.02157 | 0.000325,3,01-Aug-1972 | 01-May-1991 | 01-Apr-1993,29.024 | 23.487 | 21.004,3e-06 | 4.1e-05 | 0.000138,586,01-Mar-1959,1,1,802,01-Mar-1959,1,1,586,0.00127646352909072,0.00148540705536786,1.16368938204288,16.368938204288,1,16.7965000403528,01-Jun-1972,0.00103794192980594,0.0015073067015165,1.45220715941046,45.2207159410459,0.0010602285174709,1,1,100,01-May-1972,43.8987763580085,1,1,01-Jun-1972,1,26.7791532720498,01-Oct-1973,6,7,802,796,120,557,0.00222894591457091,0.00218856133371953,1.81182417156814,0.00900345165137861,1,1,30.1814303045319,01-Jan-1973,6,796,120,557,0.00107716044307112,0.00166171150584549,1.54267780304645,54.267780304645,0.0015414503835301,0.00149756383343447,2.84709456525742,1.52405878950379e-06,1,1,100,01-Feb-1972,2.52749681867854,1.54890375695041,54.8903756950411,1,1,01-Jan-1973,30.181,2e-06,1,15.3858307024506,01-May-1991,-30.8866295554916,0.691133704445084,0.00208833988283497,1,1,16.3925074370996,01-Aug-1972,45.62838903372,1.4562838903372,0.00128784476300448,1,1,22.1974201509135,01-Feb-1973,48.1127048130426,1.48112704813043,7.70853050738873e-05,1,5,6,1,20.4781372652737,01-Apr-1982,2.50016569879377,0.0433443971655252,1,1,23.0884448880618,01-Aug-1972,5,581,88,406,0.00107013990940553,0.00161182444518592,1.50618104326311,50.6181043263108,0.000916791145656339,0.000883172342266565,3.66700786204766,4.98691335927282e-05,1,1,17.5935060249679,01-Jun-1972,0.001037977238742,0.00151043100323273,1.45516775017469,45.5167750174688,0.000721835067164389,1,0,Labor Market,1,100,01-Feb-1972,3.37491576563006,1.5082129664635,50.82129664635,1,1,01-Aug-1972,23.088,5e-05,1,100,01-Apr-1972,1.89196069555212,1.43809020024743,43.809020024743,1,1,01-Jun-1972,17.594,0.000722
USFIRE,5,0,803,490,0,01-Jan-1959,01-Mar-1959,1,1,490,0.00243141241202886,0.00224218530294435,0.92217399724195,-7.78260027580496,1,490,01-Jan-1968,0.00290765520603657,0.00220350227128983,-0.000704152934746741,0.757827911203208,-24.2172088796792,0.00232827912851157,0.0022868104248784,1.78108814898346,74,343,1,3.01748499727691,01-Feb-1968,0.00290419787341033,0.00220263640476859,0.758431932250568,-24.1568067749432,490,5,74,343,0.55437780496957,0,,,0,0,,balanced_not_sig,4,-11.8622744884238,486,1,01-Jan-1967,490,486,0.00321570073777905,0.00299650250932766,6.81649961627913,73,341,1,24.6741807197097,01-Jan-1967,5,5,490,486,73,341,0.00321570073777905,0.00299650250932766,6.81649961627913,0.0041589323597917,1,1,3.04601605684607,01-May-1981,5,486,73,341,0.00248265797588953,0.0021237273978562,0.855424878690859,-14.4575121309141,0.00209563912501808,0.00208009217297304,0.741871625674153,0.548494025058701,0,1,100,01-Jul-1967,1.55903687200572,0.760937191112704,-23.9062808887296,1,1,100,01-Jun-1981,0.570220243665175,0.869669415805478,-13.0330584194522,1,0,,,,0,,,,586,01-Mar-1959,1,1,802,01-Mar-1959,1,1,586,0.00243144183782178,0.00219045053586084,0.900885434225797,-9.91145657742028,1,3.27788708028334,01-Feb-1968,0.00290415727671453,0.00217943605881515,0.750453867044263,-24.9546132955737,0.502359682127941,0,1,100,01-Aug-1967,-24.5970008807804,1,0,,1,22.5622769355063,01-Jan-1990,6,9,802,794,120,555,0.0056465369627977,0.00548527746366552,2.85590088570473,0.115129419209586,0,1,14.8832780545023,01-Aug-2015,6,794,120,555,0.00220061461790472,0.0035464792887939,1.61158580877311,61.158580877311,0.00400155999478751,0.00381202964181289,4.7364116300018,0.00265643724699038,1,1,100,01-Dec-2015,4.95129539344812,1.66173072594426,66.1730725944259,1,2,01-Aug-2015 | 01-May-2019,14.883 | 11.602,0.002656 | 0.0126,1,1.94888818071993,01-May-1977,-11.9868874780877,0.880131125219123,0.801768335700605,0,1,5.40915642916093,01-Apr-1997,-16.6724622121722,0.833275377878278,0.209864586622485,0,1,17.3718436904125,01-Apr-2016,73.010168248471,1.73010168248471,0.000803369496024664,1,5,8,1,22.6236831012231,01-Jan-1967,5.94565473001907,0.0202687170546001,1,1,4.6743200094164,01-May-1981,5,581,88,406,0.00251068784884779,0.00209517067862649,0.834500664663674,-16.5499335336326,0.00234311035547638,0.00231827366121135,1.05998824199539,0.286478192890511,0,1,19.4432997671015,01-Aug-2015,0.00224886430255018,0.00362136803636368,1.6103097160007,61.0309716000697,0.000294730505537411,1,0,Labor Market,1,100,01-Aug-1981,0.834777474424437,0.848798255909688,-15.1201744090312,1,0,,,,1,100,01-Nov-2015,5.03781631905784,1.64574476284395,64.5744762843947,1,2,01-Mar-2002 | 01-Aug-2015,14.308 | 19.443,0.003497 | 0.000295
USGOOD,5,0,803,490,0,01-Jan-1959,01-Mar-1959,1,1,490,0.00280196513658186,0.00340804659146609,1.21630585155089,21.6305851550888,1,490,01-Feb-1973,0.0023926590121876,0.00337690634228375,0.000984247330096145,1.41136130350486,41.1361303504861,0.00418548762382017,0.00407853841794929,2.55523885107701,74,343,1,10.3760176745209,01-Jun-1972,0.00237471341659014,0.00336174669578321,1.41564311394272,41.5643113942715,490,5,74,343,0.0223568134374389,1,up,1970s,1,1,balanced,balanced_sig,8,-11.1477619388399,482,1,01-Oct-1973,490,482,0.00618781262105461,0.00576381813342243,6.85208996454568,73,337,1,45.3809783526754,01-Sep-1987,5,9,490,482,73,337,0.00618781262105461,0.00581706552803232,5.99156948872027,2.72478438986257e-05,1,1,13.3595693174968,01-Dec-1972,5,482,73,337,0.00246600600604119,0.00349979223302676,1.41921480501386,41.9214805013863,0.00432157444239595,0.0042080690374182,2.62648269723709,0.00549175788812639,1,1,100,01-Apr-1972,2.36971115847592,1.41608640033676,41.6086400336761,1,1,100,01-Apr-1972,2.34351516885973,1.4124657222061,41.2465722206101,1,1,01-Jun-1972,10.376,0.022357,2,01-Dec-1972 | 01-Nov-1991,13.36 | 12.118,0.005492 | 0.009883,586,01-Mar-1959,1,1,802,01-Mar-1959,1,1,586,0.00280192686422884,0.00465985239049209,1.66308851597188,66.3088515971881,1,33.1564907483925,01-Jan-1999,0.00295965591220287,0.00709660291641815,2.39777971728347,139.777971728347,3.49850703296184e-07,1,1,100,01-Mar-1999,144.020287334101,1,1,01-Jan-1999,1,47.4317613946589,01-Dec-2015,6,12,802,791,119,554,0.0211391865939602,0.0205464040682171,2.80418796205001,0.000162341288639012,1,1,42.0907872257114,01-Dec-1972,6,791,119,554,0.00252397049209442,0.00482913972478431,1.91331069040234,91.3310690402341,0.0171171481894501,0.0164549043010023,3.86889148308032,4.12624034940023e-09,1,1,100,01-Jan-1999,7.61250179599886,1.8111839302032,81.1183930203197,1,3,01-Dec-1972 | 01-Aug-1991 | 01-Sep-1998,42.091 | 15.683 | 18.451,0 | 0.001811 | 0.000477,1,7.56830571530953,01-Dec-1972,34.3891750334532,1.34389175033453,0.0810318248417793,0,1,32.6772212840927,01-Sep-1998,104.02620585522,2.0402620585522,4.43569914687636e-07,1,1,33.0795215484003,01-Jan-1973,81.2051110661197,1.8120511106612,3.6344600773397e-07,1,11,11,1,50.4273684542827,01-Jan-1974,4.66208593596988,5.24171428710751e-05,1,1,41.8417575779041,01-Dec-1972,5,575,87,402,0.00235961825732387,0.00438274750840758,1.85739684578396,85.7396845783955,0.00734272331016779,0.00687931864403728,6.31107351531027,4.67145366833677e-09,1,1,40.1694325096505,01-Feb-1973,0.00239276918727087,0.00464488563505214,1.94121758996319,94.1217589963188,1.0744805156726e-08,1,0,Labor Market,1,100,01-Mar-1999,12.2167938971279,2.03594487034763,103.594487034763,1,3,01-Dec-1972 | 01-Aug-1991 | 01-Sep-1998,41.842 | 18.286 | 22.073,0 | 0.000516 | 8.2e-05,1,100,01-Nov-1998,10.4637746771132,2.02259173106513,102.259173106513,1,4,01-Feb-1973 | 01-Nov-1993 | 01-Jan-1999 | 01-Sep-2009,40.169 | 8.782 | 25.043 | 10.429,0 | 0.046681 | 1.9e-05 | 0.021808
USGOVT,5,0,803,490,0,01-Jan-1959,01-Mar-1959,1,1,490,0.00110356100356056,0.00125534658370124,1.13754163082145,13.7541630821446,1,490,01-Dec-1972,0.000705082006189385,0.00139766700649459,0.000692585000305205,1.98227581221123,98.2275812211235,0.000469590448347412,0.000416939865729602,11.212021625035,74,343,1,50.2825212653282,01-Dec-1972,0.000705082006189383,0.00139766700649459,1.98227581221124,98.2275812211243,490,5,74,343,6.90235646416681e-11,1,up,1970s,1,1,balanced,balanced_sig,6,-13.3027272048345,484,1,01-Oct-1987,490,484,0.000739118264241625,0.000708329888470504,4.16555472387245,73,339,1,31.6312259121084,01-Oct-1987,5,7,490,484,73,339,0.000739118264241625,0.000708329888470504,4.16555472387245,0.00138359641575736,1,1,51.334195216961,01-Dec-1972,5,484,73,339,0.000693357345502152,0.00133668074530284,1.92783815441484,92.7838154414843,0.000501155106667478,0.000456827087182889,8.84516966800071,4.07824884973707e-11,1,1,100,01-May-1973,10.7934743429171,1.96894952094429,96.8949520944293,1,1,100,01-Nov-1972,8.12319106662656,1.90536738290829,90.5367382908295,1,5,01-Sep-1969 | 01-Dec-1972 | 01-Sep-1978 | 01-Sep-1986 | 01-Jun-1993,14.506 | 50.283 | 9.424 | 20.264 | 17.557,0.003182 | 0 | 0.034748 | 0.000198 | 0.000735,5,01-Dec-1972 | 01-Dec-1976 | 01-Sep-1978 | 01-Dec-1986 | 01-Feb-1990,51.334 | 12.772 | 21.276 | 38.973 | 8.694,0 | 0.007255 | 0.000121 | 0 | 0.048603,586,01-Mar-1959,1,1,802,01-Mar-1959,1,1,586,0.00110358996667352,0.00125539666795222,1.13755715969064,13.755715969064,1,40.8561100279727,01-Dec-1972,0.000705099337530075,0.00136518466764037,1.93615933950887,93.6159339508871,7.63313290352841e-09,1,1,100,01-May-1973,92.3550324112122,1,3,01-Sep-1969 | 01-Dec-1972 | 01-Nov-2001,1,15.2332529116397,01-Dec-1990,6,7,802,796,120,557,0.00123827958155703,0.00119676618091025,3.35250627282241,0.338882737850656,0,1,43.3422084120004,01-Dec-1972,6,796,120,557,0.000693350042409107,0.00119288992871297,1.72047285750235,72.0472857502352,0.000929840102523137,0.000897939097028988,3.43080551243006,2.21106111197855e-09,1,1,100,01-Sep-1972,2.99889527083188,1.69359219253667,69.3592192536674,1,4,01-Dec-1972 | 01-Dec-1976 | 01-Sep-1978 | 01-Dec-1986,43.342 | 12.752 | 20.87 | 31.275,0 | 0.007326 | 0.000147 | 1e-06,1,35.6943079856004,01-Dec-1972,81.4958282537953,1.81495828253795,9.93963523709951e-08,1,1,37.8120451454633,01-Dec-1972,72.8202851823822,1.72820285182382,3.4714820462689e-08,1,1,30.3268105290403,01-Jan-1973,57.1004485473394,1.57100448547339,1.4184487738822e-06,1,6,6,1,22.9474103688627,01-Dec-1990,6.90448607518799,0.0352611358242899,1,1,51.5230793877993,01-Dec-1972,5,580,87,407,0.000693350042409112,0.00131562547535408,1.89749101447057,89.7491014470566,0.000717211428749855,0.000672346540455324,6.25546198737142,3.71039865498801e-11,1,1,36.2145795536891,01-Dec-1972,0.000705113998899695,0.00121645116069827,1.72518367610981,72.5183676109814,7.67710430782387e-08,1,0,Labor Market,1,100,01-Nov-1972,5.71223891125108,1.87525918040175,87.5259180401749,1,4,01-Dec-1972 | 01-Dec-1976 | 01-Sep-1978 | 01-Dec-1986,51.523 | 12.752 | 20.87 | 22.113,0 | 0.007326 | 0.000147 | 8e-05,1,100,01-Mar-1973,3.1259296505835,1.70619324124611,70.6193241246108,1,4,01-Sep-1969 | 01-Dec-1972 | 01-Sep-1978 | 01-Jan-1987,14.498 | 36.215 | 24.558 | 20.956,0.003193 | 0 | 2.4e-05 | 0.000141
USTPU,5,0,803,490,0,01-Jan-1959,01-Mar-1959,1,1,490,0.00372095231278803,0.00240849733764767,0.647279818494377,-35.2720181505623,1,490,01-Jun-1982,0.00382815720712354,0.00237805361925998,-0.00145010358786356,0.62120061705795,-37.879938294205,0.00515568921032122,0.00490335316045704,4.89432236060736,74,343,1,16.0517892078251,01-Jun-1982,0.00382815720712354,0.00237805361925998,0.62120061705795,-37.879938294205,490,5,74,343,0.00151707174090376,1,down,1980s,1,1,balanced,balanced_sig,11,-11.5264612056149,479,1,01-Jun-1974,490,479,0.0040486360314357,0.00382072477467501,5.62933429903477,72,336,1,32.6168322666786,01-Dec-1973,5,12,490,479,72,336,0.0040486360314357,0.00383350536348696,5.31365789066622,0.0257372445818932,1,1,21.3916442637976,01-May-1983,5,479,72,336,0.00308090839827879,0.00199171955813349,0.646471527438534,-35.3528472561466,0.00271247560760959,0.00257447469445808,5.08763701927368,0.000114218698344715,1,1,100,01-Feb-1983,4.39519560465477,0.627817478820325,-37.2182521179675,1,1,100,01-Aug-1983,4.67860623606985,0.65150847979132,-34.849152020868,1,1,01-Jun-1982,16.052,0.001517,1,01-May-1983,21.392,0.000114,586,01-Mar-1959,1,1,803,01-Mar-1959,1,1,586,0.00372098338169794,0.00214339317791551,0.576028688668168,-42.3971311331832,1,41.1328980809399,01-Nov-1998,0.00324692858205525,0.0016272050398651,0.501152088425396,-49.8847911574604,6.6501282258713e-09,1,1,100,01-Apr-1983,-43.8828389494252,1,2,01-Jun-1982 | 01-Nov-1998,1,32.0515249894005,01-Dec-1973,6,13,803,791,119,554,0.00490813114754416,0.0047049599009239,4.13948284006055,0.0474467875830379,1,1,38.0033314998277,01-May-1983,6,791,119,554,0.00303846686948346,0.00178350363550404,0.58697485018398,-41.302514981602,0.00347053383067241,0.00318611412271753,8.19527259585222,3.15657419092119e-08,1,1,100,01-Oct-1983,7.85433185845565,0.586792587927027,-41.3207412072973,1,1,01-May-1983,38.003,0,1,15.3866044375221,01-Oct-1976,-29.1900300894848,0.708099699105152,0.00208756560113887,1,1,30.1698772863756,01-Jun-1999,-36.7576752640087,0.632423247359913,1.53278046777228e-06,1,1,33.9361526016164,01-Feb-1981,-35.9012453023265,0.640987546976735,2.37741477948639e-07,1,11,12,1,29.3673594822188,01-Oct-1972,4.15540812045223,0.0658238178757318,0,1,36.3883019987247,01-Jun-1999,5,575,87,402,0.00264955960869236,0.0015751598023108,0.594498722407756,-40.5501277592244,0.00293288536438965,0.0028360296362054,3.30240415667953,7.04259168760046e-08,1,1,32.9650326185625,01-Feb-1982,0.00378619635865044,0.00214286712030773,0.565968300986781,-43.4031699013219,3.8465024332357e-07,1,0,Labor Market,1,100,01-Sep-1983,7.26228314405743,0.597754456961258,-40.2245543038742,1,3,01-May-1983 | 01-Jun-1999 | 01-Mar-2006,21.603 | 36.388 | 9.061,0.000103 | 0 | 0.041072,1,100,01-Jun-1983,7.85401953645925,0.555328975333142,-44.4671024666858,1,1,01-Feb-1982,32.965,0
USTRADE,5,0,803,490,0,01-Jan-1959,01-Mar-1959,1,1,490,0.00802868873228827,0.00469690143211493,0.585014762526017,-41.4985237473983,1,490,01-Aug-1965,0.0116475856068725,0.00579088019381533,-0.00585670541305719,0.497174297684362,-50.2825702315638,0.0294680486653528,0.0272184631934777,7.63398179982007,74,343,1,20.2398774586713,01-May-1988,0.00777044285831309,0.00407862499223078,0.524889644850464,-47.5110355149536,490,5,74,343,0.000200137440081183,1,down,1980s,1,1,balanced,balanced_sig,10,-10.2056653450174,480,1,01-Feb-1966,490,480,0.015400399330761,0.0140086074403535,9.03737533368731,72,337,1,38.4363253335945,01-Dec-1965,5,11,490,480,72,337,0.015400399330761,0.0140432861233633,8.81219491943283,0.00209183867566853,1,1,35.5364481552123,01-Apr-1988,5,480,72,337,0.00564862169433257,0.00312560662150737,0.553339697831664,-44.6660302168336,0.0104743245527275,0.00984306871783858,6.02669729882022,1.07497201362605e-07,1,1,20,01-Oct-1967,7.100095047376,0.474929900306197,-52.5070099693803,1,1,2,01-Dec-1993,6.2817835479744,-0.155239271555003,-115.5239271555,0,1,01-May-1988,20.24,0.0002,1,01-Apr-1988,35.536,0,586,01-Mar-1959,1,1,803,01-Mar-1959,1,1,586,0.00802880969319985,0.00409369372678593,0.509875546091615,-49.0124453908385,1,43.6415443522568,01-Mar-1996,0.00710184120127921,0.00291666487460039,0.410691367482989,-58.9308632517011,1.9044228416476e-09,1,1,2,01-Jun-1966,-102.021937253116,0,2,01-May-1988 | 01-Mar-1996,1,45.70982231936,01-Oct-2015,6,11,803,793,119,556,0.0193725797553959,0.0191131063110926,1.33938508747686,0.000143508858091113,1,1,48.796205733152,01-Jul-1988,6,793,119,556,0.00586442594227475,0.0030504454665335,0.520160966573697,-47.9839033426303,0.0155804265932597,0.0140391676622502,9.89227683712014,1.45147449615024e-10,1,1,5,01-Nov-1969,10.2567421070802,0.277774811723813,-72.2225188276187,0,1,01-Jul-1988,48.796,0,1,31.9720103324725,01-Apr-1988,-44.2187741490832,0.557812258509168,6.28861828944061e-07,1,1,59.4411922110341,01-Mar-1997,-54.1081244871249,0.458918755128751,7.01660951563099e-13,1,1,43.3072462804133,01-Jul-1988,-48.3087558884198,0.516912441115802,2.24995089226354e-09,1,10,10,1,26.3066526510832,01-Apr-1969,6.24555089634532,0.0967232746925394,0,1,67.1176531251126,01-Mar-1997,5,576,87,403,0.0051927922079429,0.00234599096551443,0.45177832494934,-54.822167505066,0.0117419074819555,0.010930593345235,6.90955994983977,1.48769885299771e-14,1,1,27.9503715520045,01-May-1988,0.00777051757228431,0.00390342912179528,0.502338368774551,-49.7661631225449,4.58143401449451e-06,1,0,Labor Market,1,1,01-Dec-1982,11.3285065845545,-0.390886354958395,-139.088635495839,0,2,01-Apr-1988 | 01-Mar-1997,26.948 | 67.118,8e-06 | 0,1,10,01-Mar-1969,9.65963461135815,0.322982043044171,-67.7017956955829,0,1,01-May-1988,27.95,5e-06
USWTRADE,5,0,803,490,0,01-Jan-1959,01-Mar-1959,1,1,490,0.00432033796538373,0.00248908876216885,0.576132881758886,-42.3867118241115,1,490,01-Mar-1982,0.00447079625762215,0.00247396804065464,-0.00199682821696751,0.553361839389758,-44.6638160610242,0.0081577963275034,0.00767768195999419,5.88534388742378,74,343,1,20.6312311456832,01-Apr-1982,0.00445902329669284,0.00247998716764227,0.556172731701496,-44.3827268298504,490,5,74,343,0.000165435492748611,1,down,1980s,1,1,balanced,balanced_sig,11,-11.168811476114,479,1,01-Jul-1974,490,479,0.005789406439331,0.00557805646146962,3.65063292888805,72,336,1,28.2032541603701,01-Dec-1966,5,12,490,479,72,336,0.005789406439331,0.0056092796410106,3.11131719992375,0.0901449633144071,0,1,23.7275264272391,01-Mar-1983,5,479,72,336,0.00366655214680492,0.00212511178941003,0.579594044847249,-42.0405955152751,0.00444315566266136,0.0041659776410728,6.23831444659609,3.64742568282894e-05,1,1,100,01-Nov-1982,5.24688490995911,0.561806022124838,-43.8193977875162,1,1,100,01-Apr-1983,6.02483072932571,0.578050912583814,-42.1949087416186,1,1,01-Apr-1982,20.631,0.000165,1,01-Mar-1983,23.728,3.6e-05,586,01-Mar-1959,1,1,803,01-Mar-1959,1,1,586,0.00431933439075337,0.00239252905118203,0.55391151384432,-44.608848615568,1,27.280770689067,01-May-1982,0.00444630165436718,0.00239639040265956,0.538962623083796,-46.1037376916204,6.37114212909129e-06,1,1,100,01-Dec-1982,-45.9633395704078,1,1,01-May-1982,1,18.0845923452542,01-Dec-1972,6,12,803,792,119,555,0.00714987752323433,0.00700243254782225,2.06220281302638,0.685380742492788,0,1,36.6253975241868,01-Mar-1983,6,792,119,555,0.00364988782584695,0.00204202776708717,0.559476856419093,-44.0523143580907,0.00561907319822195,0.00515265098307708,8.30069655067789,6.26026861461071e-08,1,1,100,01-Mar-1983,7.99250275417134,0.558353101733819,-44.1646898266181,1,1,01-Mar-1983,36.625,0,1,19.6257442052017,01-Mar-1983,-39.6159920227024,0.603840079772976,0.000269745094781171,1,1,28.8597845277777,01-Mar-1983,-43.0065300086379,0.569934699913621,2.92622454955982e-06,1,1,31.2221030643596,01-Mar-1983,-40.4456103083246,0.595543896916754,9.11269166459228e-07,1,11,11,1,24.8812576752332,01-Jun-1967,2.50171677715504,0.204821637801577,0,1,34.0186711787276,01-Mar-1983,5,575,87,402,0.00368208288922431,0.00200638131776382,0.54490389763781,-45.509610236219,0.00477606105438113,0.00437285526947846,8.44222425784966,2.2821337297696e-07,1,1,27.5015383759657,01-May-1982,0.00444749233691855,0.00251367169440149,0.565188538614344,-43.4811461385655,5.71494732326538e-06,1,0,Labor Market,1,100,01-Apr-1983,8.21613414624574,0.542349535488916,-45.7650464511084,1,1,01-Mar-1983,34.019,0,1,20,01-Nov-1978,6.61023087585952,0.5289364512709,-47.10635487291,1,1,01-May-1982,27.502,6e-06
W875RX1,5,0.00124223602484472,802,490,0,01-Jan-1959,01-Mar-1959,1,1,NaN,NaN,NaN,NaN,NaN,0,NaN,,NaN,NaN,NaN,NaN,NaN,NaN,NaN,NaN,NaN,NaN,0,NaN,,NaN,NaN,NaN,NaN,NaN,NaN,NaN,NaN,NaN,0,,,0,0,,balanced_not_sig,NaN,NaN,NaN,0,,NaN,NaN,NaN,NaN,NaN,NaN,NaN,0,NaN,,NaN,NaN,NaN,NaN,NaN,NaN,NaN,NaN,NaN,NaN,0,0,NaN,,NaN,NaN,NaN,NaN,NaN,NaN,NaN,NaN,NaN,NaN,NaN,NaN,0,1,100,01-Apr-1982,4.34219688294198,0.668496404838428,-33.1503595161572,1,0,NaN,,NaN,NaN,NaN,0,1,01-Apr-1982,15.684,0.00181,NaN,,,,359,01-Feb-1978,0,0,576,01-Feb-1978,0,0,NaN,NaN,NaN,NaN,NaN,0,NaN,,NaN,NaN,NaN,NaN,NaN,0,0,NaN,,NaN,0,NaN,,0,NaN,,NaN,NaN,NaN,NaN,NaN,NaN,NaN,NaN,NaN,NaN,0,0,NaN,,NaN,NaN,NaN,NaN,NaN,NaN,NaN,NaN,NaN,NaN,NaN,NaN,0,0,NaN,,NaN,NaN,NaN,0,NaN,,,,0,NaN,,NaN,NaN,NaN,0,0,NaN,,NaN,NaN,NaN,0,0,NaN,,NaN,NaN,NaN,0,NaN,NaN,0,NaN,,NaN,NaN,0,0,NaN,,NaN,NaN,NaN,NaN,NaN,NaN,NaN,NaN,NaN,NaN,NaN,NaN,0,0,NaN,,NaN,NaN,NaN,NaN,NaN,0,0,Output and Income,0,NaN,,NaN,NaN,NaN,0,NaN,,,,0,NaN,,NaN,NaN,NaN,0,NaN,,,
WPSFD49207,6,0,803,490,0,01-Jan-1959,01-Mar-1959,1,1,490,0.00957214712032681,0.0172827709389544,1.80552709039059,80.5527090390595,1,490,01-Sep-1976,0.00657313573864557,0.0171464524060302,0.0105733166673846,2.6085650879261,160.85650879261,0.138310326265669,0.124879180659019,9.71087696001125,74,343,1,37.0831328756418,01-Aug-1966,0.00549997094461488,0.0141894861928032,2.57992020970518,157.992020970518,490,5,74,343,4.98699396223046e-08,1,up,1960s-or-earlier,1,1,balanced,balanced_sig,11,-8.08016742977745,479,1,01-Jan-1978,490,479,0.127061829935371,0.106412981203724,16.2510241999107,72,336,1,56.6270794015208,01-Sep-1993,5,12,490,479,72,336,0.127061829935371,0.117432014948529,7.5788417274801,4.67858066044435e-06,1,1,42.4645156381748,01-Jul-1976,5,479,72,336,0.0075598162866336,0.0163562587507911,2.16357886628943,116.357886628943,0.106958503948367,0.0979707716256024,8.40300863510848,3.42495432015255e-09,1,1,100,01-Jan-1976,8.78682994035164,2.58101212108334,158.101212108334,1,1,100,01-Feb-1976,7.80735516792126,2.15726247070763,115.726247070763,1,2,01-Aug-1966 | 01-Jul-1976,37.083 | 25.462,0 | 1.6e-05,1,01-Jul-1976,42.465,0,586,01-Mar-1959,1,1,802,01-Mar-1959,1,1,586,0.00957481087336902,0.0178422177307572,1.86345380255842,86.3453802558418,1,54.927607390452,01-Aug-1966,0.005502175940189,0.0151142268389214,2.7469544782318,174.69544782318,6.7452710084126e-12,1,1,100,01-Nov-1975,168.001327466753,1,2,01-Aug-1966 | 01-Jul-1976,1,67.9497077455765,01-Aug-1976,6,12,802,791,119,554,0.299785280080278,0.295679054235517,1.36972230379716,4.61824716246895e-08,1,1,51.9545903543092,01-Jun-1970,6,791,119,554,0.00614439504612829,0.0148423871072795,2.41559779211007,141.559779211007,0.320977367097019,0.313014934434783,2.48068352427796,2.9896751740921e-11,1,1,100,01-Oct-1975,3.38917238171034,2.34710541204461,134.710541204461,1,3,01-Jun-1970 | 01-Sep-1976 | 01-Apr-2011,51.955 | 41.267 | 11.828,0 | 0 | 0.011331,1,37.6591876621162,01-Jul-1976,126.794164406195,2.26794164406195,3.74552938664507e-08,1,1,72.3757347393151,01-May-1976,173.876170450506,2.73876170450506,1.11022302462516e-15,1,1,46.5183647523822,01-Aug-1976,145.298339469499,2.45298339469499,4.5305559304154e-10,1,11,11,1,47.7262227849401,01-Jan-1975,1.56899870645173,0.000145443760387165,1,1,75.135607415899,01-Jul-1976,5,575,87,402,0.00678584133588451,0.0178470570375695,2.63004337327955,163.004337327956,0.159245146157246,0.143361711573786,9.974203275104,2.22044604925031e-16,1,1,38.0179976571346,01-Jun-1969,0.00592581609597372,0.0142001624729526,2.39632183027092,139.632183027092,3.13364175719144e-08,1,0,Prices,1,100,01-Feb-1976,9.44083878709309,2.66402101487463,166.402101487463,1,1,01-Jul-1976,75.136,0,1,100,01-Apr-1975,2.76743288357396,2.34446260351061,134.446260351061,1,4,01-Jun-1969 | 01-Jun-1975 | 01-Sep-1976 | 01-Jan-2011,38.018 | 9.011 | 32.123 | 10.28,0 | 0.042023 | 1e-06 | 0.023377
WPSFD49502,6,0,803,490,0,01-Jan-1959,01-Mar-1959,1,1,490,0.00722024733784952,0.00779865169607834,1.08010866264882,8.01086626488185,1,490,01-Dec-1974,0.00520293867760665,0.00886805494526978,0.00366511626766313,1.70443195562495,70.4431955624947,0.0418031041128618,0.0402404808402845,3.73805559596353,74,343,1,20.1934005319231,01-Nov-1966,0.00471673970460087,0.00808644342518468,1.71441375433478,71.4413754334777,490,5,74,343,0.000204712705426657,1,up,1960s-or-earlier,1,1,balanced,balanced_sig,11,-9.20158240468177,479,1,01-May-1976,490,479,0.0413990876424361,0.0391346872830832,5.46968662428145,72,336,1,66.2010677002703,01-Jul-1970,5,12,490,479,72,336,0.0413990876424361,0.0398683097553574,3.69761261479975,9.55923682433024e-08,1,1,29.8672698763782,01-May-1971,5,479,72,336,0.00430830247661782,0.00835601179990151,1.9395137284932,93.9513728493198,0.0377469395352742,0.0361513684803203,4.22702098394708,1.7798422419224e-06,1,1,100,01-Apr-1974,3.37206814046915,1.69217739732222,69.2177397322217,1,1,100,01-Feb-1974,4.55403313645131,1.88643324132909,88.6433241329088,1,2,01-Nov-1966 | 01-Dec-1974,20.193 | 11.462,0.000205 | 0.013455,4,01-May-1971 | 01-Dec-1974 | 01-Oct-1994 | 01-Jun-1998,29.867 | 12.89 | 10.032 | 14.086,2e-06 | 0.006862 | 0.026229 | 0.003887,586,01-Mar-1959,1,1,802,01-Mar-1959,1,1,586,0.00722120958328638,0.00773144078353855,1.07065730392774,7.06573039277387,1,22.3174088351639,01-Nov-1966,0.00471795680621463,0.00799149172109631,1.6938458848478,69.3845884847798,7.26975301098554e-05,1,1,100,01-Mar-1974,63.2931779978625,1,2,01-Nov-1966 | 01-Dec-1974,1,174.483067965299,01-Jun-1970,6,12,802,791,119,554,0.230409585432129,0.228146847676136,0.982050183263332,0,1,1,24.1525342005197,01-Jun-1970,6,791,119,554,0.00415807717093622,0.00949697818183625,2.28398314687795,128.398314687795,0.299142694174687,0.296142761585119,1.00284334131751,2.96185507373536e-05,1,1,100,01-Jun-1973,1.10515203783965,2.17413508476352,117.413508476352,1,3,01-Aug-1962 | 01-Dec-1963 | 01-Jun-1970,9.059 | 9.212 | 24.153,0.041116 | 0.03833 | 3e-05,1,28.2675716683145,01-May-1971,98.4025760462553,1.98402576046255,3.91847189507022e-06,1,1,31.8018228796736,01-Jun-1971,96.6666710314089,1.96666671031409,6.84107217874264e-07,1,1,20.924709568181,01-Apr-1971,135.664406080399,2.35664406080399,0.000143405036556854,1,11,11,1,72.6881662787655,01-Mar-1970,2.86444055837798,6.29210072933262e-09,1,1,32.7880127690516,01-Jun-1970,5,575,87,402,0.00421636988260375,0.00812200624852412,1.92630306985982,92.6303069859825,0.0468386615567572,0.045346422874092,3.18591230634747,4.198917892273e-07,1,1,9.89330885606535,01-Dec-1969,0.00496661282781175,0.00883190801999483,1.77825579045309,77.8255790453087,0.0279755187284851,1,0,Prices,1,100,01-Nov-1973,3.49143546751678,1.83882906227769,83.8829062277687,1,3,01-Aug-1962 | 01-Dec-1963 | 01-Jun-1970,8.789 | 10.919 | 32.788,0.04654 | 0.017354 | 0,1,100,01-Jan-1974,0.573842771031431,1.75672413597781,75.6724135977807,1,1,01-Dec-1969,9.893,0.027976
WPSID61,6,0,803,490,0,01-Jan-1959,01-Mar-1959,1,1,490,0.00879257818988758,0.00656586669141432,0.746751015414998,-25.3248984585002,1,490,01-Oct-1978,0.00985329612665179,0.00612384574585915,-0.00372945038079264,0.621502253372352,-37.8497746627648,0.0235631541009098,0.021861625293237,7.2211419591195,74,343,1,25.7203265127998,01-Oct-1978,0.00985329612665179,0.00612384574585915,0.621502253372352,-37.8497746627648,490,5,74,343,1.37240556311591e-05,1,down,1970s,1,1,balanced,balanced_sig,12,-9.39381233087607,478,1,01-Jan-1986,490,478,0.0336415166931083,0.0308715328407068,8.23382571502457,72,335,1,122.427909104357,01-Dec-1993,5,13,490,478,72,335,0.0336415166931083,0.0311650799022022,7.36125191232353,0,1,1,21.9571867857566,01-Jan-1977,5,478,72,335,0.00943786552338059,0.0064247636607293,0.680743293577676,-31.9256706422324,0.0205810745352296,0.0195207752637906,5.15181687731618,8.66786371549466e-05,1,1,100,01-Sep-1978,6.9213135970207,0.622095195250468,-37.7904804749532,1,1,100,01-Jul-1976,4.95291118506514,0.680571246896687,-31.9428753103313,1,2,01-Oct-1978 | 01-Dec-1992,25.72 | 11.882,1.4e-05 | 0.011047,1,01-Jan-1977,21.957,8.7e-05,586,01-Mar-1959,1,1,803,01-Mar-1959,1,1,586,0.0087944652166047,0.00734902261506201,0.835641785379562,-16.4358214620438,1,17.6001959480816,01-Oct-1978,0.0098552023434711,0.0068898325560768,0.699106148808927,-30.0893851191073,0.000719506574203499,1,1,100,01-May-1978,-29.9607556651587,1,2,01-Oct-1978 | 01-Dec-1992,1,73.9299075932523,01-Mar-1978,6,12,803,792,119,555,0.061322957046762,0.0580740964434957,5.297951631375,3.71372954610649e-09,1,1,10.7161838456338,01-Sep-1975,6,792,119,555,0.00965612011081061,0.00740220081519007,0.766581269727876,-23.3418730272124,0.0413269780770299,0.0405986176709544,1.76243325780529,0.0190786719281673,1,1,100,01-Oct-1972,1.6784221127232,0.752617626517046,-24.7382373482954,1,1,01-Sep-1975,10.716,0.019079,1,15.8712441420346,01-Jan-1977,-29.7740240249249,0.702259759750751,0.00165450738329664,1,1,9.55349094452001,01-Sep-1975,-22.5562515308996,0.774437484691004,0.0327385488619913,1,1,10.4287763940302,01-Sep-1975,-22.8384609531117,0.771615390468883,0.0218143640580718,1,11,11,1,59.9319496221891,01-Apr-1995,5.55312122197843,1.24521974798064e-06,1,1,14.7374763590089,01-Sep-1975,5,575,87,402,0.00978525322158667,0.00719290848928303,0.735076377320025,-26.4923622679975,0.0269014301711527,0.0260511021761701,3.16090256009658,0.0028482359098686,1,1,20.5054075462798,01-Oct-1978,0.00985459025681762,0.00680735319425712,0.69077993268646,-30.922006731354,0.000175883587230863,1,0,Prices,1,100,01-Feb-1976,3.01431784307866,0.735998245260118,-26.4001754739882,1,3,01-Sep-1975 | 01-Feb-1997 | 01-Apr-2006,14.737 | 9.492 | 13.067,0.002848 | 0.033682 | 0.00631,1,100,01-Mar-1978,3.222264978393,0.689545023574986,-31.0454976425013,1,3,01-Oct-1978 | 01-Dec-1992 | 01-Jan-2011,20.505 | 16.629 | 16.499,0.000176 | 0.00115 | 0.001223
WPSID62,6,0,803,490,0,01-Jan-1959,01-Mar-1959,1,1,450,4.19151008440999,4.48077650694444,1.06901246011798,6.90124601179797,1,450,01-Sep-1987,3.92401810854419,5.12068846409675,1.19667035555256,1.30496045697315,30.4960456973153,6285.21186976303,6143.47053611586,2.25515601676159,68,315,1,4.5890105845176,01-Feb-1968,5.3381657973856,4.13278381384526,0.774195476631565,-22.5804523368435,450,5,68,315,0.296847090487677,0,,,0,0,,balanced_not_sig,1,2.53138649639288,449,1,01-Jan-1973,450,449,5492.8724333504,5096.51269717959,7.21589188498671,68,314,1,25.0383697359787,01-Mar-1973,5,2,450,449,68,314,5492.8724333504,5110.67835985263,6.95800017450327,0.000109369639705537,1,1,7.42317674063628,01-Jul-1984,5,449,68,314,3.18613549060001,2.24734164200167,0.705350305607515,-29.4649694392484,4295.98602819878,4209.46220218871,2.01406209056843,0.0864978239210616,0,1,100,01-Feb-1993,1.93955375010911,1.34299122880611,34.2991228806108,1,1,100,01-Feb-1985,1.51980408989477,0.730995425638851,-26.9004574361149,1,0,,,,0,,,,546,01-Jul-1962,1,0,763,01-Jul-1962,1,0,546,4.30908849561291,5.34686332036019,1.24083395497768,24.0833954977681,1,11.8245729171854,01-Jul-1997,4.23029735063037,6.96549026813187,1.64657225977127,64.6572259771273,0.011347744997535,1,1,100,01-Jan-1998,66.55111088121,1,3,01-Feb-1966 | 01-Jan-1968 | 01-Jul-1997,1,27.314189723297,01-Mar-1973,6,2,763,762,115,533,12079.6865546085,11664.7036917262,3.43537773936707,3.67571155447388e-05,1,1,3.09851691362074,01-Mar-1995,6,762,115,533,2.82531303275461,3.46202277132499,1.22535900666186,22.5359006661858,10995.0758493854,10919.2310686084,0.689806799116087,0.537784831468605,0,1,100,01-Dec-1994,0.537731907595877,1.20112857150599,20.1128571505985,1,0,,,,1,6.33511803166533,01-Nov-1987,-28.2652062107412,0.717347937892588,0.14033381860056,0,1,2.52673577849538,01-May-1988,-16.2258858264961,0.837741141735039,0.662279581902431,0,1,4.06703945988348,01-Sep-2014,19.2774547826955,1.19277454782696,0.367844757994936,0,5,1,1,28.1747792662503,01-Dec-1972,5.49218113607685,0.002420836881035,1,1,2.33179499353672,01-Jul-1984,5,541,82,378,3.05251910935677,2.57030357156917,0.842027020794242,-15.7972979205758,5122.53966824507,5091.46378850552,0.606649860267386,0.708248821055987,0,1,8.76069062361226,01-Sep-1987,4.11013172772063,5.82968453131231,1.41836926831182,41.836926831182,0.0471430282081438,1,0,Prices,1,100,01-Oct-1988,0.459476372857879,0.857441742197501,-14.2558257802499,1,0,,,,1,100,01-Dec-1997,3.48775314932497,1.42345604956669,42.3456049566686,1,2,01-Mar-1975 | 01-Sep-1987,27.178 | 8.761,7e-06 | 0.047143
